year,month,machine,factory,product,speed_setting,run_time_min,shift_regime,target_cartons,actual_cartons,waste_kg,rate_cartons_per_min,availability,performance,quality,oee,waste_rate,seq
2020,1,Ferry-3,Plant 2,Product C,125,455,single_7.5h,800,987,1.4,2.169230769230769,0.9534018364338978,0.9733727810650886,0.998581560283688,0.9266990631057688,0.1418439716312056,0
2020,1,Ferry-6,Plant 2,Product C,100,455,single_7.5h,800,960,1.2,2.10989010989011,0.9534018364338978,0.9726443768996962,0.99875,0.926161783964358,0.125,1
2020,1,Ferry-3,Plant 2,Product B,120,455,single_7.5h,800,905,2.3,1.989010989010989,0.9534018364338978,0.8925049309664694,0.9974585635359116,0.8487532916655616,0.2541436464088398,2
2020,1,Ferry-1,Plant 1,Product B,125,455,single_7.5h,1000,1200,2.3,2.6373626373626373,0.9534018364338978,1.0,0.9980833333333332,0.951574482914066,0.1916666666666666,3
2020,1,Ferry-9,Plant 1,Product B,125,455,single_7.5h,800,285,1.9,0.6263736263736264,0.9534018364338978,0.2810650887573964,0.9933333333333332,0.2661815186335665,0.6666666666666666,4
2020,1,Ferry-6,Plant 1,Product C,125,455,single_7.5h,800,628,1.2,1.3802197802197802,0.9534018364338978,0.6362715298885512,0.9980891719745224,0.6054632938974337,0.1910828025477707,5
2020,1,Ferry-6,Plant 1,Product C,100,455,single_7.5h,1000,1200,2.1,2.6373626373626373,0.9534018364338978,1.0,0.99825,0.9517333832201385,0.175,6
2020,1,Ferry-9,Plant 2,Product A,125,455,single_7.5h,1000,1152,1.6,2.531868131868132,0.9534018364338978,1.0,0.9986111111111112,0.9520776672166285,0.1388888888888889,7
2020,1,Ferry-1,Plant 2,Product C,125,455,single_7.5h,800,707,4.1,1.553846153846154,0.9534018364338978,0.6890838206627685,0.9942008486562942,0.6531638896972586,0.5799151343705798,8
2020,1,Ferry-9,Plant 2,Product C,150,455,single_7.5h,900,1044,3.8,2.2945054945054943,0.9534018364338978,1.0,0.996360153256705,0.9499315998645024,0.3639846743295019,9
2020,1,Ferry-3,Plant 2,Product C,100,455,single_7.5h,800,700,3.6,1.5384615384615383,0.9534018364338978,0.690335305719921,0.9948571428571428,0.6547820896376393,0.5142857142857142,10
2020,1,Ferry-1,Plant 2,Product C,150,455,single_7.5h,900,800,1.4,1.7582417582417582,0.9534018364338978,0.7797270955165696,0.99825,0.7420923066043968,0.175,11
2020,1,Ferry-1,Plant 2,Product C,100,455,single_7.5h,1000,862,1.2,1.8945054945054944,0.9534018364338978,0.8401559454191038,0.9986078886310904,0.799891131386257,0.1392111368909512,12
2020,1,Ferry-9,Plant 1,Product A,100,455,single_7.5h,800,923,2.3,2.0285714285714285,0.9534018364338978,0.91025641025641,0.9975081256771398,0.8656775846200094,0.2491874322860238,13
2020,1,Ferry-6,Plant 1,Product A,125,455,single_7.5h,700,569,3.0,1.2505494505494503,0.9534018364338978,0.5764944275582573,0.9947275922671354,0.5467329680056597,0.5272407732864675,14
2020,1,Ferry-4,Plant 1,Product A,125,455,single_7.5h,800,911,1.9,2.002197802197802,0.9534018364338978,0.8728980022038041,0.9979143798024148,0.830486858144068,0.2085620197585071,15
2020,1,Ferry-3,Plant 1,Product A,125,455,single_7.5h,1000,888,1.2,1.951648351648352,0.9534018364338978,0.8757396449704143,0.9986486486486488,0.8338034995557995,0.1351351351351351,16
2020,1,Ferry-1,Plant 2,Product C,125,455,single_7.5h,800,987,1.4,2.169230769230769,0.9534018364338978,0.9619883040935676,0.998581560283688,0.9158604775723684,0.1418439716312056,17
2020,1,Ferry-9,Plant 2,Product C,100,455,single_7.5h,800,960,1.2,2.10989010989011,0.9534018364338978,0.9467455621301776,0.99875,0.9015006713735908,0.125,18
2020,1,Ferry-1,Plant 2,Product B,150,455,single_7.5h,800,905,2.3,1.989010989010989,0.9534018364338978,0.8820662768031194,0.9974585635359116,0.8388263525817544,0.2541436464088398,19
2020,1,Ferry-4,Plant 1,Product B,125,455,single_7.5h,980,1200,2.3,2.6373626373626373,0.9534018364338978,1.0,0.9980833333333332,0.951574482914066,0.1916666666666666,20
2020,1,Ferry-3,Plant 1,Product B,125,455,single_7.5h,800,285,1.9,0.6263736263736264,0.9534018364338978,0.2810650887573964,0.9933333333333332,0.2661815186335665,0.6666666666666666,21
2020,1,Ferry-1,Plant 1,Product C,125,455,single_7.5h,800,628,1.2,1.3802197802197802,0.9534018364338978,0.6120857699805072,0.9980891719745224,0.5824486072872977,0.1910828025477707,22
2020,1,Ferry-4,Plant 1,Product C,100,455,single_7.5h,1000,1200,2.1,2.6373626373626373,0.9534018364338978,1.0,0.99825,0.9517333832201385,0.175,23
2020,1,Ferry-9,Plant 2,Product A,125,455,single_7.5h,900,1152,1.6,2.531868131868132,0.9534018364338978,1.0,0.9986111111111112,0.9520776672166285,0.1388888888888889,24
2020,1,Ferry-1,Plant 2,Product C,125,455,single_7.5h,900,707,4.1,1.553846153846154,0.9534018364338978,0.6890838206627685,0.9942008486562942,0.6531638896972586,0.5799151343705798,25
2020,1,Ferry-4,Plant 2,Product C,150,455,single_7.5h,900,1044,3.8,2.2945054945054943,0.9534018364338978,1.0,0.996360153256705,0.9499315998645024,0.3639846743295019,26
2020,1,Ferry-3,Plant 2,Product C,100,455,single_7.5h,800,700,3.6,1.5384615384615383,0.9534018364338978,0.690335305719921,0.9948571428571428,0.6547820896376393,0.5142857142857142,27
2020,1,Ferry-1,Plant 2,Product C,120,455,single_7.5h,900,800,1.4,1.7582417582417582,0.9534018364338978,0.7797270955165696,0.99825,0.7420923066043968,0.175,28
2020,1,Ferry-9,Plant 2,Product C,100,455,single_7.5h,1000,862,1.2,1.8945054945054944,0.9534018364338978,0.8500986193293885,0.9986078886310904,0.8093572986215968,0.1392111368909512,29
2020,1,Ferry-1,Plant 1,Product A,100,455,single_7.5h,800,923,2.3,2.0285714285714285,0.9534018364338978,0.8996101364522422,0.9975081256771398,0.8555527005893666,0.2491874322860238,30
2020,2,Ferry-6,Plant 2,Product A,125,455,single_7.5h,900,887,1.3,1.9494505494505487,0.9534018364338978,0.8986828774062816,0.9985343855693348,0.8555501585911885,0.1465614430665163,31
2020,2,Ferry-1,Plant 2,Product B,100,455,single_7.5h,800,750,1.2,1.6483516483516485,0.9534018364338978,0.7309941520467841,0.9984,0.6958160771166696,0.1599999999999999,32
2020,2,Ferry-4,Plant 2,Product B,100,455,single_7.5h,700,905,1.3,1.989010989010989,0.9534018364338978,0.8671489484022422,0.9985635359116022,0.8255538155371183,0.143646408839779,33
2020,2,Ferry-1,Plant 2,Product B,100,455,single_7.5h,850,1200,2.3,2.6373626373626373,0.9534018364338978,1.0,0.9980833333333332,0.951574482914066,0.1916666666666666,34
2020,2,Ferry-9,Plant 2,Product B,100,455,single_7.5h,800,700,1.9,1.5384615384615383,0.9534018364338978,0.690335305719921,0.9972857142857144,0.6563804950833372,0.2714285714285714,35
2020,2,Ferry-1,Plant 2,Product C,125,455,single_7.5h,900,628,1.2,1.3802197802197802,0.9534018364338978,0.6120857699805072,0.9980891719745224,0.5824486072872977,0.1910828025477707,36
2020,2,Ferry-6,Plant 1,Product C,125,455,single_7.5h,900,1200,2.1,2.6373626373626373,0.9534018364338978,1.0,0.99825,0.9517333832201385,0.175,37
2020,2,Ferry-9,Plant 1,Product C,125,455,single_7.5h,700,1152,1.6,2.531868131868132,0.9534018364338978,1.0,0.9986111111111112,0.9520776672166285,0.1388888888888889,38
2020,2,Ferry-9,Plant 1,Product B,150,455,single_7.5h,800,707,3.1,1.553846153846154,0.9534018364338978,0.6972386587771204,0.9956152758132956,0.6618338783686595,0.4384724186704385,39
2020,2,Ferry-3,Plant 1,Product B,125,455,single_7.5h,800,780,3.8,1.7142857142857142,0.9534018364338978,0.7692307692307692,0.9951282051282052,0.7298131217356917,0.4871794871794871,40
2020,2,Ferry-1,Plant 1,Product B,100,455,single_7.5h,700,700,3.6,1.5384615384615383,0.9534018364338978,0.6822612085769983,0.9948571428571428,0.6471238195833983,0.5142857142857142,41
2020,2,Ferry-1,Plant 1,Product B,100,455,single_7.5h,700,800,1.4,1.7582417582417582,0.9534018364338978,0.7797270955165696,0.99825,0.7420923066043968,0.175,42
2020,2,Ferry-4,Plant 1,Product A,100,455,single_7.5h,800,862,1.2,1.8945054945054944,0.9534018364338978,0.8259473961577157,0.9986078886310904,0.786363532604129,0.1392111368909512,43
2020,2,Ferry-4,Plant 1,Product A,125,455,single_7.5h,900,923,2.3,2.0285714285714285,0.9534018364338978,0.8843961098069276,0.9975081256771398,0.8410837644849228,0.2491874322860238,44
2020,2,Ferry-9,Plant 2,Product A,150,455,single_7.5h,900,569,4.0,1.2505494505494503,0.9534018364338978,0.5611439842209072,0.9929701230228472,0.5312347510701697,0.7029876977152899,45
2020,2,Ferry-4,Plant 2,Product A,150,455,single_7.5h,700,890,1.9,1.956043956043956,0.9534018364338978,0.8527763138983376,0.9978651685393258,0.8113028035614858,0.2134831460674157,46
2020,2,Ferry-3,Plant 2,Product B,100,455,single_7.5h,800,888,1.2,1.951648351648352,0.9534018364338978,0.8757396449704143,0.9986486486486488,0.8338034995557995,0.1351351351351351,47
2020,2,Ferry-4,Plant 2,Product B,100,455,single_7.5h,700,987,1.4,2.169230769230769,0.9534018364338978,0.9457193503569205,0.998581560283688,0.9003716284091885,0.1418439716312056,48
2020,2,Ferry-6,Plant 2,Product B,100,455,single_7.5h,800,960,1.2,2.10989010989011,0.9534018364338978,0.9726443768996962,0.99875,0.926161783964358,0.125,49
2020,2,Ferry-4,Plant 2,Product B,100,455,single_7.5h,800,905,2.3,1.989010989010989,0.9534018364338978,0.8671489484022422,0.9974585635359116,0.8246402891284239,0.2541436464088398,50
2020,2,Ferry-1,Plant 2,Product C,125,455,single_7.5h,900,1000,2.3,2.197802197802198,0.9534018364338978,0.974658869395712,0.9977,0.927104300399708,0.2299999999999999,51
2020,2,Ferry-6,Plant 1,Product C,125,455,single_7.5h,900,285,1.9,0.6263736263736264,0.9534018364338978,0.2887537993920973,0.9933333333333332,0.2734630799335729,0.6666666666666666,52
2020,2,Ferry-9,Plant 1,Product C,125,455,single_7.5h,800,628,1.2,1.3802197802197802,0.9534018364338978,0.6193293885601577,0.9980891719745224,0.5893414902137742,0.1910828025477707,53
2020,2,Ferry-9,Plant 1,Product B,125,455,single_7.5h,800,1200,2.1,2.6373626373626373,0.9534018364338978,1.0,0.99825,0.9517333832201385,0.175,54
2020,2,Ferry-3,Plant 1,Product B,125,455,single_7.5h,800,1152,1.6,2.531868131868132,0.9534018364338978,1.0,0.9986111111111112,0.9520776672166285,0.1388888888888889,55
2020,2,Ferry-1,Plant 1,Product B,100,455,single_7.5h,700,707,3.1,1.553846153846154,0.9534018364338978,0.6890838206627685,0.9956152758132956,0.654093131253237,0.4384724186704385,56
2020,2,Ferry-1,Plant 1,Product B,100,455,single_7.5h,600,700,3.8,1.5384615384615383,0.9534018364338978,0.6822612085769983,0.9945714285714286,0.6469379712722025,0.5428571428571428,57
2020,2,Ferry-9,Plant 1,Product A,120,455,single_7.5h,950,800,3.7,1.7582417582417582,0.9534018364338978,0.7889546351084812,0.995375,0.7487119155348251,0.4625000000000001,58
2020,3,Ferry-4,Plant 2,Product B,125,455,single_7.5h,1014,1100,1.2,2.417582417582417,0.9534018364338978,1.0,0.9989090909090907,0.9523617617032424,0.1090909090909091,59
2020,3,Ferry-3,Plant 2,Product B,125,455,single_7.5h,1152,900,2.3,1.978021978021978,0.9534018364338978,0.8875739644970414,0.9974444444444444,0.844052099178215,0.2555555555555555,60
2020,3,Ferry-4,Plant 2,Product B,100,455,single_7.5h,707,900,2.3,1.978021978021978,0.9534018364338978,0.862358070234274,0.9974444444444444,0.8200726570849519,0.2555555555555555,61
2020,3,Ferry-3,Plant 2,Product B,125,455,single_7.5h,1044,1200,1.9,2.6373626373626373,0.9534018364338978,1.0,0.9984166666666666,0.9518922835262108,0.1583333333333333,62
2020,3,Ferry-4,Plant 2,Product A,125,455,single_7.5h,700,900,1.2,1.978021978021978,0.9534018364338978,0.862358070234274,0.9986666666666668,0.8210775361345157,0.1333333333333333,63
2020,3,Ferry-1,Plant 2,Product A,150,455,single_7.5h,803,700,2.1,1.5384615384615383,0.9534018364338978,0.6822612085769983,0.997,0.648517681917366,0.3,64
2020,3,Ferry-4,Plant 2,Product B,100,455,single_7.5h,862,1000,1.6,2.197802197802198,0.9534018364338978,0.958175633593638,0.9984,0.9120647664404768,0.16,65
2020,3,Ferry-6,Plant 2,Product B,100,455,single_7.5h,923,800,4.1,1.7582417582417582,0.9534018364338978,0.8105369807497468,0.994875,0.7688070127839304,0.5125,66
2020,3,Ferry-9,Plant 2,Product B,100,455,single_7.5h,569,800,3.8,1.7582417582417582,0.9534018364338978,0.7889546351084812,0.99525,0.7486178916850782,0.475,67
2020,3,Ferry-4,Plant 1,Product B,100,455,single_7.5h,876,1000,1.2,2.197802197802198,0.9534018364338978,0.958175633593638,0.9988,0.9124301770039548,0.12,68
2020,3,Ferry-6,Plant 1,Product C,125,455,single_7.5h,568,800,7.0,1.7582417582417582,0.9534018364338978,0.8105369807497468,0.99125,0.7660057307923819,0.8750000000000001,69
2020,3,Ferry-9,Plant 1,Product B,125,455,single_7.5h,946,700,1.4,1.5384615384615383,0.9534018364338978,0.690335305719921,0.998,0.6568506143320718,0.2,70
2020,3,Ferry-9,Plant 1,Product B,125,455,single_7.5h,678,900,1.2,1.978021978021978,0.9534018364338978,0.8875739644970414,0.9986666666666668,0.8450863615254313,0.1333333333333333,71
2020,3,Ferry-3,Plant 1,Product B,125,455,single_7.5h,960,700,2.3,1.5384615384615383,0.9534018364338978,0.690335305719921,0.9967142857142856,0.6560043996843493,0.3285714285714285,72
2020,3,Ferry-9,Plant 1,Product B,125,455,single_7.5h,905,700,2.3,1.5384615384615383,0.9534018364338978,0.690335305719921,0.9967142857142856,0.6560043996843493,0.3285714285714285,73
2020,3,Ferry-1,Plant 1,Product C,120,455,single_7.5h,878,800,1.9,1.7582417582417582,0.9534018364338978,0.7797270955165696,0.997625,0.7416276858264076,0.2375,74
2020,3,Ferry-4,Plant 2,Product B,125,455,single_7.5h,1014,1200,1.2,2.6373626373626373,0.9534018364338978,1.0,0.999,0.952448434597464,0.1,75
2020,3,Ferry-4,Plant 2,Product B,125,455,single_7.5h,1152,900,2.3,1.978021978021978,0.9534018364338978,0.862358070234274,0.9974444444444444,0.8200726570849519,0.2555555555555555,76
2020,3,Ferry-4,Plant 2,Product B,100,455,single_7.5h,707,900,2.3,1.978021978021978,0.9534018364338978,0.862358070234274,0.9974444444444444,0.8200726570849519,0.2555555555555555,77
2020,3,Ferry-3,Plant 2,Product B,125,455,single_7.5h,1044,1200,1.9,2.6373626373626373,0.9534018364338978,1.0,0.9984166666666666,0.9518922835262108,0.1583333333333333,78
2020,3,Ferry-9,Plant 2,Product A,125,455,single_7.5h,700,900,1.2,1.978021978021978,0.9534018364338978,0.8875739644970414,0.9986666666666668,0.8450863615254313,0.1333333333333333,79
2020,3,Ferry-4,Plant 2,Product A,150,455,single_7.5h,803,700,2.1,1.5384615384615383,0.9534018364338978,0.6707229435155464,0.997,0.6375500806278133,0.3,80
2020,3,Ferry-1,Plant 2,Product B,100,455,single_7.5h,862,1000,1.6,2.197802197802198,0.9534018364338978,0.974658869395712,0.9984,0.9277547694888928,0.16,81
2020,3,Ferry-4,Plant 2,Product B,100,455,single_7.5h,923,800,4.1,1.7582417582417582,0.9534018364338978,0.7665405068749103,0.994875,0.7270756686798633,0.5125,82
2020,3,Ferry-3,Plant 2,Product B,100,455,single_7.5h,569,700,3.8,1.5384615384615383,0.9534018364338978,0.690335305719921,0.9945714285714286,0.6545940419381454,0.5428571428571428,83
2020,3,Ferry-1,Plant 1,Product B,100,455,single_7.5h,876,1000,1.2,2.197802197802198,0.9534018364338978,0.974658869395712,0.9988,0.9281264661112844,0.12,84
2020,3,Ferry-4,Plant 1,Product C,125,455,single_7.5h,568,800,7.0,1.7582417582417582,0.9534018364338978,0.7665405068749103,0.99125,0.7244264420946496,0.8750000000000001,85
2020,3,Ferry-6,Plant 1,Product B,125,455,single_7.5h,946,700,1.4,1.5384615384615383,0.9534018364338978,0.7092198581560284,0.998,0.6748191721709433,0.2,86
2020,3,Ferry-9,Plant 1,Product B,125,455,single_7.5h,678,900,1.2,1.978021978021978,0.9534018364338978,0.8875739644970414,0.9986666666666668,0.8450863615254313,0.1333333333333333,87
2020,3,Ferry-9,Plant 1,Product B,125,455,single_7.5h,960,700,2.3,1.5384615384615383,0.9534018364338978,0.690335305719921,0.9967142857142856,0.6560043996843493,0.3285714285714285,88
2020,3,Ferry-3,Plant 1,Product B,125,455,single_7.5h,905,1200,2.3,2.6373626373626373,0.9534018364338978,1.0,0.9980833333333332,0.951574482914066,0.1916666666666666,89
2020,4,Ferry-1,Plant 1,Product C,100,455,single_7.5h,800,900,1.6,1.978021978021978,0.9534018364338978,0.8771929824561409,0.9982222222222222,0.834830613891047,0.1777777777777777,90
2020,4,Ferry-1,Plant 1,Product C,100,455,single_7.5h,600,285,4.1,0.6263736263736264,0.9534018364338978,0.2777777777777779,0.9856140350877192,0.261023953074349,1.43859649122807,91
2020,4,Ferry-3,Plant 1,Product A,125,455,single_7.5h,900,628,3.8,1.3802197802197802,0.9534018364338978,0.6193293885601577,0.9939490445859872,0.586896870120354,0.6050955414012739,92
2020,4,Ferry-4,Plant 1,Product A,125,455,single_7.5h,900,1000,1.2,2.197802197802198,0.9534018364338978,0.958175633593638,0.9988,0.9124301770039548,0.12,93
2020,4,Ferry-4,Plant 1,Product A,125,455,single_7.5h,1000,1152,7.0,2.531868131868132,0.9534018364338978,1.0,0.9939236111111112,0.9476085961083446,0.607638888888889,94
2020,4,Ferry-9,Plant 1,Product C,125,455,single_7.5h,800,707,1.4,1.553846153846154,0.9534018364338978,0.6972386587771204,0.998019801980198,0.6634322838143574,0.198019801980198,95
2020,4,Ferry-9,Plant 2,Product C,125,455,single_7.5h,800,1044,1.2,2.2945054945054943,0.9534018364338978,1.0,0.9988505747126436,0.9523059722540888,0.1149425287356321,96
2020,4,Ferry-4,Plant 2,Product C,100,455,single_7.5h,1000,700,2.3,1.5384615384615383,0.9534018364338978,0.6707229435155464,0.9967142857142856,0.6373673753460743,0.3285714285714285,97
2020,4,Ferry-6,Plant 2,Product C,100,455,single_7.5h,800,803,2.3,1.7648351648351648,0.9534018364338978,0.8135764944275583,0.9971357409713574,0.7734436174595967,0.286425902864259,98
2020,4,Ferry-4,Plant 2,Product A,100,455,single_7.5h,800,862,1.9,1.8945054945054944,0.9534018364338978,0.8259473961577157,0.9977958236658931,0.7857240641180429,0.2204176334106728,99
2020,4,Ferry-4,Plant 2,Product A,100,455,single_7.5h,900,923,1.6,2.0285714285714285,0.9534018364338978,0.8843961098069276,0.9982665222101842,0.8417232329710089,0.1733477789815818,100
2020,4,Ferry-4,Plant 2,Product A,100,455,single_7.5h,900,569,1.2,1.2505494505494503,0.9534018364338978,0.5452019355147798,0.997891036906854,0.5187002948566732,0.210896309314587,101
2020,4,Ferry-1,Plant 2,Product A,150,455,single_7.5h,800,987,7.0,2.169230769230769,0.9534018364338978,0.9619883040935676,0.9929078014184396,0.9106567248588892,0.7092198581560284,102
2020,4,Ferry-4,Plant 2,Product C,150,455,single_7.5h,900,960,1.4,2.10989010989011,0.9534018364338978,0.9198486082498925,0.9985416666666668,0.8757064153744402,0.1458333333333333,103
2020,4,Ferry-1,Plant 2,Product C,150,455,single_7.5h,800,905,1.2,1.989010989010989,0.9534018364338978,0.8820662768031194,0.9986740331491712,0.8398485182933307,0.1325966850828729,104
2020,4,Ferry-6,Plant 1,Product C,125,455,single_7.5h,700,1200,2.3,2.6373626373626373,0.9534018364338978,1.0,0.9980833333333332,0.951574482914066,0.1916666666666666,105
2020,4,Ferry-9,Plant 1,Product C,125,455,single_7.5h,700,285,2.3,0.6263736263736264,0.9534018364338978,0.2810650887573964,0.9919298245614036,0.2658054232345788,0.8070175438596492,106
2020,4,Ferry-9,Plant 1,Product C,100,455,single_7.5h,800,900,1.6,1.978021978021978,0.9534018364338978,0.8875739644970414,0.9982222222222222,0.8447102661264435,0.1777777777777777,107
2020,4,Ferry-3,Plant 1,Product C,100,455,single_7.5h,600,285,4.1,0.6263736263736264,0.9534018364338978,0.2810650887573964,0.9856140350877192,0.264112993939134,1.43859649122807,108
2020,4,Ferry-1,Plant 1,Product A,125,455,single_7.5h,900,628,3.8,1.3802197802197802,0.9534018364338978,0.6120857699805072,0.9939490445859872,0.5800325792417537,0.6050955414012739,109
2020,4,Ferry-1,Plant 1,Product A,125,455,single_7.5h,900,1000,1.2,2.197802197802198,0.9534018364338978,0.974658869395712,0.9988,0.9281264661112844,0.12,110
2020,4,Ferry-9,Plant 1,Product A,125,455,single_7.5h,1000,1152,7.0,2.531868131868132,0.9534018364338978,1.0,0.9939236111111112,0.9476085961083446,0.607638888888889,111
2020,4,Ferry-6,Plant 1,Product C,125,455,single_7.5h,800,707,1.4,1.553846153846154,0.9534018364338978,0.7163120567375888,0.998019801980198,0.6815808873229569,0.198019801980198,112
2020,4,Ferry-4,Plant 2,Product C,125,455,single_7.5h,800,1044,1.2,2.2945054945054943,0.9534018364338978,1.0,0.9988505747126436,0.9523059722540888,0.1149425287356321,113
2020,4,Ferry-1,Plant 2,Product C,100,455,single_7.5h,1000,700,2.3,1.5384615384615383,0.9534018364338978,0.6822612085769983,0.9967142857142856,0.6483318336061703,0.3285714285714285,114
2020,4,Ferry-9,Plant 2,Product C,100,455,single_7.5h,800,803,2.3,1.7648351648351648,0.9534018364338978,0.791913214990138,0.9971357409713574,0.7528489649236901,0.286425902864259,115
2020,4,Ferry-3,Plant 2,Product A,100,455,single_7.5h,800,862,1.9,1.8945054945054944,0.9534018364338978,0.8500986193293885,0.9977958236658931,0.8086991316733682,0.2204176334106728,116
2020,4,Ferry-9,Plant 2,Product A,100,455,single_7.5h,900,923,1.6,2.0285714285714285,0.9534018364338978,0.91025641025641,0.9982665222101842,0.8663357515682379,0.1733477789815818,117
2020,4,Ferry-6,Plant 2,Product A,100,455,single_7.5h,900,569,1.2,1.2505494505494503,0.9534018364338978,0.5764944275582573,0.997891036906854,0.5484716947590346,0.210896309314587,118
2020,4,Ferry-9,Plant 2,Product A,150,455,single_7.5h,800,987,7.0,2.169230769230769,0.9534018364338978,0.9733727810650886,0.9929078014184396,0.9214337275199403,0.7092198581560284,119
2020,5,Ferry-9,Plant 1,Product C,125,455,single_7.5h,700,768,1.4,1.687912087912088,0.9534018364338978,0.757396449704142,0.9981770833333332,0.7207868321599862,0.1822916666666666,120
2020,5,Ferry-9,Plant 1,Product B,125,455,single_7.5h,700,567,1.2,1.2461538461538462,0.9534018364338978,0.5591715976331361,0.997883597883598,0.5319869418681453,0.2116402116402116,121
2020,5,Ferry-3,Plant 1,Product A,125,455,single_7.5h,800,960,2.3,2.10989010989011,0.9534018364338978,0.9467455621301776,0.9976041666666666,0.9004664090263745,0.2395833333333333,122
2020,5,Ferry-3,Plant 2,Product A,125,455,single_7.5h,700,905,2.3,1.989010989010989,0.9534018364338978,0.8925049309664694,0.9974585635359116,0.8487532916655616,0.2541436464088398,123
2020,5,Ferry-4,Plant 2,Product A,125,455,single_7.5h,800,870,1.9,1.912087912087912,0.9534018364338978,0.8336128012264649,0.997816091954023,0.793032275387598,0.2183908045977011,124
2020,5,Ferry-4,Plant 1,Product B,125,455,single_7.5h,800,285,7.0,0.6263736263736264,0.9534018364338978,0.2730800555741868,0.975438596491228,0.2539603416170398,2.456140350877193,125
2020,5,Ferry-4,Plant 1,Product B,125,455,single_7.5h,900,628,1.4,1.3802197802197802,0.9534018364338978,0.6017342978968045,0.9977707006369426,0.5724156476879033,0.2229299363057325,126
2020,5,Ferry-4,Plant 1,Product B,125,455,single_7.5h,900,1014,1.2,2.2285714285714286,0.9534018364338978,0.9715900924639488,0.9988165680473372,0.925219546725676,0.1183431952662722,127
2020,5,Ferry-4,Plant 1,Product B,100,455,single_7.5h,700,1152,2.3,2.531868131868132,0.9534018364338978,1.0,0.9980034722222222,0.9514983431840732,0.1996527777777777,128
2020,5,Ferry-6,Plant 2,Product C,100,455,single_7.5h,800,707,2.3,1.553846153846154,0.9534018364338978,0.7163120567375888,0.9967468175388968,0.6807115239462693,0.3253182461103253,129
2020,5,Ferry-9,Plant 1,Product C,100,455,single_7.5h,800,1044,1.9,2.2945054945054943,0.9534018364338978,1.0,0.9981800766283524,0.9516667181492,0.1819923371647509,130
2020,5,Ferry-9,Plant 1,Product C,100,455,single_7.5h,700,700,1.2,1.5384615384615383,0.9534018364338978,0.690335305719921,0.9982857142857144,0.6570386620315657,0.1714285714285714,131
2020,5,Ferry-3,Plant 1,Product C,100,455,single_7.5h,600,803,2.1,1.7648351648351648,0.9534018364338978,0.791913214990138,0.997384806973848,0.753037012623184,0.261519302615193,132
2020,5,Ferry-1,Plant 2,Product B,125,455,single_7.5h,800,862,1.6,1.8945054945054944,0.9534018364338978,0.8401559454191038,0.9981438515081208,0.7995194347638657,0.185614849187935,133
2020,5,Ferry-1,Plant 2,Product B,125,455,single_7.5h,900,923,4.1,2.0285714285714285,0.9534018364338978,0.8996101364522422,0.995557963163597,0.8538800657886054,0.4442036836403034,134
2020,5,Ferry-4,Plant 2,Product A,125,455,single_7.5h,900,569,3.8,1.2505494505494503,0.9534018364338978,0.5452019355147798,0.9933216168717048,0.5163251261940678,0.6678383128295254,135
2020,5,Ferry-4,Plant 2,Product A,125,455,single_7.5h,900,911,1.2,2.002197802197802,0.9534018364338978,0.8728980022038041,0.9986827661909988,0.8311263266301541,0.1317233809001097,136
2020,5,Ferry-3,Plant 1,Product C,125,455,single_7.5h,800,890,7.0,1.956043956043956,0.9534018364338978,0.8777120315581853,0.9921348314606742,0.8302305932654158,0.7865168539325843,137
2020,5,Ferry-4,Plant 1,Product B,125,455,single_7.5h,900,678,1.4,1.49010989010989,0.9534018364338978,0.6496430795764864,0.9979351032448378,0.6180919681226228,0.2064896755162241,138
2020,5,Ferry-4,Plant 1,Product A,125,455,single_7.5h,700,890,1.2,1.956043956043956,0.9534018364338978,0.8527763138983376,0.9986516853932584,0.8119422720475719,0.1348314606741573,139
2020,5,Ferry-4,Plant 2,Product A,125,455,single_7.5h,1000,960,2.3,2.10989010989011,0.9534018364338978,0.9198486082498925,0.9976041666666666,0.8748842416066153,0.2395833333333333,140
2020,5,Ferry-9,Plant 2,Product A,125,455,single_7.5h,800,905,2.3,1.989010989010989,0.9534018364338978,0.8925049309664694,0.9974585635359116,0.8487532916655616,0.2541436464088398,141
2020,5,Ferry-1,Plant 1,Product B,125,455,single_7.5h,700,899,1.9,1.975824175824176,0.9534018364338978,0.8762183235867452,0.9978865406006674,0.833622599868275,0.2113459399332591,142
2020,5,Ferry-6,Plant 1,Product B,125,455,single_7.5h,800,285,1.2,0.6263736263736264,0.9534018364338978,0.2887537993920973,0.9957894736842106,0.2741392514487742,0.4210526315789473,143
2020,5,Ferry-9,Plant 1,Product B,125,455,single_7.5h,1000,628,2.1,1.3802197802197802,0.9534018364338978,0.6193293885601577,0.996656050955414,0.5884952755660517,0.3343949044585987,144
2020,5,Ferry-9,Plant 1,Product B,100,455,single_7.5h,800,1014,1.6,2.2285714285714286,0.9534018364338978,1.0,0.998422090729783,0.9518974548379469,0.1577909270216962,145
2020,5,Ferry-3,Plant 2,Product C,100,455,single_7.5h,1000,1152,4.1,2.531868131868132,0.9534018364338978,1.0,0.9964409722222224,0.9500086528146452,0.3559027777777777,146
2020,5,Ferry-1,Plant 1,Product C,100,455,single_7.5h,800,707,3.8,1.553846153846154,0.9534018364338978,0.6890838206627685,0.9946251768033946,0.653442662164052,0.5374823196605374,147
2020,5,Ferry-1,Plant 1,Product C,100,455,single_7.5h,700,1044,3.6,2.2945054945054943,0.9534018364338978,1.0,0.996551724137931,0.9501142438944704,0.3448275862068966,148
2020,5,Ferry-9,Plant 1,Product C,100,455,single_7.5h,700,700,1.4,1.5384615384615383,0.9534018364338978,0.690335305719921,0.998,0.6568506143320718,0.2,149
2020,5,Ferry-9,Plant 2,Product B,125,455,single_7.5h,700,768,1.4,1.687912087912088,0.9534018364338978,0.757396449704142,0.9981770833333332,0.7207868321599862,0.1822916666666666,150
2020,6,Ferry-9,Plant 1,Product A,120,455,single_7.5h,700,768,1.4,1.687912087912088,0.9534018364338978,0.757396449704142,0.9981770833333332,0.7207868321599862,0.1822916666666666,151
2020,6,Ferry-9,Plant 1,Product A,120,455,single_7.5h,700,567,1.2,1.2461538461538462,0.9534018364338978,0.5591715976331361,0.997883597883598,0.5319869418681453,0.2116402116402116,152
2020,6,Ferry-3,Plant 1,Product A,120,455,single_7.5h,800,960,2.3,2.10989010989011,0.9534018364338978,0.9467455621301776,0.9976041666666666,0.9004664090263745,0.2395833333333333,153
2020,6,Ferry-3,Plant 2,Product A,150,455,single_7.5h,700,905,2.3,1.989010989010989,0.9534018364338978,0.8925049309664694,0.9974585635359116,0.8487532916655616,0.2541436464088398,154
2020,6,Ferry-4,Plant 2,Product A,150,455,single_7.5h,800,833,1.9,1.8307692307692307,0.9534018364338978,0.7981603027835003,0.997719087635054,0.7592317982659057,0.2280912364945978,155
2020,6,Ferry-4,Plant 2,Product B,150,455,single_7.5h,800,285,7.0,0.6263736263736264,0.9534018364338978,0.2730800555741868,0.975438596491228,0.2539603416170398,2.456140350877193,156
2020,6,Ferry-4,Plant 2,Product B,125,455,single_7.5h,900,628,1.4,1.3802197802197802,0.9534018364338978,0.6017342978968045,0.9977707006369426,0.5724156476879033,0.2229299363057325,157
2020,6,Ferry-4,Plant 2,Product B,125,455,single_7.5h,900,1014,1.2,2.2285714285714286,0.9534018364338978,0.9715900924639488,0.9988165680473372,0.925219546725676,0.1183431952662722,158
2020,6,Ferry-4,Plant 1,Product B,150,455,single_7.5h,700,1152,2.3,2.531868131868132,0.9534018364338978,1.0,0.9980034722222222,0.9514983431840732,0.1996527777777777,159
2020,6,Ferry-6,Plant 1,Product C,100,455,single_7.5h,800,707,2.3,1.553846153846154,0.9534018364338978,0.7163120567375888,0.9967468175388968,0.6807115239462693,0.3253182461103253,160
2020,6,Ferry-9,Plant 2,Product C,100,455,single_7.5h,800,1044,1.9,2.2945054945054943,0.9534018364338978,1.0,0.9981800766283524,0.9516667181492,0.1819923371647509,161
2020,6,Ferry-9,Plant 1,Product C,100,455,single_7.5h,700,700,1.2,1.5384615384615383,0.9534018364338978,0.690335305719921,0.9982857142857144,0.6570386620315657,0.1714285714285714,162
2020,6,Ferry-3,Plant 1,Product C,100,455,single_7.5h,600,803,2.1,1.7648351648351648,0.9534018364338978,0.791913214990138,0.997384806973848,0.753037012623184,0.261519302615193,163
2020,6,Ferry-1,Plant 1,Product C,125,455,single_7.5h,800,862,1.6,1.8945054945054944,0.9534018364338978,0.8401559454191038,0.9981438515081208,0.7995194347638657,0.185614849187935,164
2020,6,Ferry-1,Plant 1,Product B,125,455,single_7.5h,900,923,4.1,2.0285714285714285,0.9534018364338978,0.8996101364522422,0.995557963163597,0.8538800657886054,0.4442036836403034,165
2020,6,Ferry-4,Plant 1,Product A,125,455,single_7.5h,900,569,3.8,1.2505494505494503,0.9534018364338978,0.5452019355147798,0.9933216168717048,0.5163251261940678,0.6678383128295254,166
2020,6,Ferry-4,Plant 2,Product A,125,455,single_7.5h,900,911,1.2,2.002197802197802,0.9534018364338978,0.8728980022038041,0.9986827661909988,0.8311263266301541,0.1317233809001097,167
2020,6,Ferry-3,Plant 2,Product A,125,455,single_7.5h,800,890,7.0,1.956043956043956,0.9534018364338978,0.8777120315581853,0.9921348314606742,0.8302305932654158,0.7865168539325843,168
2020,6,Ferry-4,Plant 1,Product B,125,455,single_7.5h,900,678,1.4,1.49010989010989,0.9534018364338978,0.6496430795764864,0.9979351032448378,0.6180919681226228,0.2064896755162241,169
2020,6,Ferry-4,Plant 1,Product B,125,455,single_7.5h,700,890,1.2,1.956043956043956,0.9534018364338978,0.8527763138983376,0.9986516853932584,0.8119422720475719,0.1348314606741573,170
2020,6,Ferry-4,Plant 1,Product B,125,455,single_7.5h,1000,960,2.3,2.10989010989011,0.9534018364338978,0.9198486082498925,0.9976041666666666,0.8748842416066153,0.2395833333333333,171
2020,6,Ferry-9,Plant 1,Product B,100,455,single_7.5h,800,905,2.3,1.989010989010989,0.9534018364338978,0.8925049309664694,0.9974585635359116,0.8487532916655616,0.2541436464088398,172
2020,6,Ferry-1,Plant 2,Product C,100,455,single_7.5h,700,899,1.9,1.975824175824176,0.9534018364338978,0.8762183235867452,0.9978865406006674,0.833622599868275,0.2113459399332591,173
2020,6,Ferry-6,Plant 1,Product C,100,455,single_7.5h,800,285,1.2,0.6263736263736264,0.9534018364338978,0.2887537993920973,0.9957894736842106,0.2741392514487742,0.4210526315789473,174
2020,6,Ferry-9,Plant 1,Product C,100,455,single_7.5h,1000,628,2.1,1.3802197802197802,0.9534018364338978,0.6193293885601577,0.996656050955414,0.5884952755660517,0.3343949044585987,175
2020,6,Ferry-9,Plant 1,Product C,100,455,single_7.5h,800,1014,1.6,2.2285714285714286,0.9534018364338978,1.0,0.998422090729783,0.9518974548379469,0.1577909270216962,176
2020,6,Ferry-3,Plant 2,Product B,125,455,single_7.5h,1000,1152,4.1,2.531868131868132,0.9534018364338978,1.0,0.9964409722222224,0.9500086528146452,0.3559027777777777,177
2020,6,Ferry-1,Plant 2,Product B,125,455,single_7.5h,800,707,3.8,1.553846153846154,0.9534018364338978,0.6890838206627685,0.9946251768033946,0.653442662164052,0.5374823196605374,178
2020,6,Ferry-1,Plant 2,Product A,125,455,single_7.5h,700,1044,3.6,2.2945054945054943,0.9534018364338978,1.0,0.996551724137931,0.9501142438944704,0.3448275862068966,179
2020,6,Ferry-9,Plant 2,Product A,125,455,single_7.5h,700,700,1.4,1.5384615384615383,0.9534018364338978,0.690335305719921,0.998,0.6568506143320718,0.2,180
2020,7,Ferry-6,Plant 1,Product A,150,455,single_7.5h,600,862,1.2,1.8945054945054944,0.9534018364338978,0.8733535967578521,0.9986078886310904,0.8314977718361695,0.1392111368909512,181
2020,7,Ferry-3,Plant 1,Product A,150,455,single_7.5h,800,923,2.3,2.0285714285714285,0.9534018364338978,0.91025641025641,0.9975081256771398,0.8656775846200094,0.2491874322860238,182
2020,7,Ferry-9,Plant 1,Product A,150,455,single_7.5h,900,569,2.3,1.2505494505494503,0.9534018364338978,0.5611439842209072,0.9959578207381372,0.5328331565158676,0.4042179261862916,183
2020,7,Ferry-3,Plant 1,Product C,125,455,single_7.5h,900,876,1.9,1.925274725274725,0.9534018364338978,0.8639053254437868,0.9978310502283104,0.8218624706379388,0.2168949771689498,184
2020,7,Ferry-1,Plant 1,Product C,125,455,single_7.5h,900,568,1.2,1.2483516483516484,0.9534018364338978,0.5536062378167644,0.997887323943662,0.5266941139285902,0.2112676056338027,185
2020,7,Ferry-1,Plant 1,Product C,150,455,single_7.5h,1200,946,2.1,2.07912087912088,0.9534018364338978,0.922027290448344,0.9977801268498944,0.8771111046880671,0.2219873150105708,186
2020,7,Ferry-4,Plant 2,Product C,100,455,single_7.5h,900,678,6.0,1.49010989010989,0.9534018364338978,0.6496430795764864,0.991150442477876,0.6138897466426285,0.8849557522123894,187
2020,7,Ferry-4,Plant 2,Product C,125,455,single_7.5h,700,960,1.4,2.10989010989011,0.9534018364338978,0.9198486082498925,0.9985416666666668,0.8757064153744402,0.1458333333333333,188
2020,7,Ferry-4,Plant 2,Product C,100,455,single_7.5h,1000,905,1.2,1.989010989010989,0.9534018364338978,0.8671489484022422,0.9986740331491712,0.8256451681779877,0.1325966850828729,189
2020,7,Ferry-4,Plant 1,Product C,100,455,single_7.5h,800,768,2.3,1.687912087912088,0.9534018364338978,0.7358788865999139,0.9970052083333332,0.6994871711372928,0.2994791666666666,190
2020,7,Ferry-4,Plant 1,Product A,125,455,single_7.5h,700,905,2.3,1.989010989010989,0.9534018364338978,0.8671489484022422,0.9974585635359116,0.8246402891284239,0.2541436464088398,191
2020,7,Ferry-4,Plant 1,Product A,125,455,single_7.5h,1000,900,1.9,1.978021978021978,0.9534018364338978,0.862358070234274,0.9978888888888888,0.8204380676484297,0.211111111111111,192
2020,7,Ferry-4,Plant 1,Product A,125,455,single_7.5h,800,285,1.2,0.6263736263736264,0.9534018364338978,0.2730800555741868,0.9957894736842106,0.2592587947874673,0.4210526315789473,193
2020,7,Ferry-1,Plant 1,Product A,100,455,single_7.5h,700,628,2.1,1.3802197802197802,0.9534018364338978,0.6120857699805072,0.996656050955414,0.581612289886917,0.3343949044585987,194
2020,7,Ferry-6,Plant 1,Product A,125,455,single_7.5h,900,1000,1.6,2.197802197802198,0.9534018364338978,1.0,0.9984,0.9518763934956036,0.16,195
2020,7,Ferry-9,Plant 1,Product A,100,455,single_7.5h,700,1152,4.1,2.531868131868132,0.9534018364338978,1.0,0.9964409722222224,0.9500086528146452,0.3559027777777777,196
2020,7,Ferry-9,Plant 1,Product A,100,455,single_7.5h,700,707,3.8,1.553846153846154,0.9534018364338978,0.6972386587771204,0.9946251768033946,0.661175711420431,0.5374823196605374,197
2020,7,Ferry-3,Plant 2,Product A,125,455,single_7.5h,800,1044,1.2,2.2945054945054943,0.9534018364338978,1.0,0.9988505747126436,0.9523059722540888,0.1149425287356321,198
2020,7,Ferry-1,Plant 2,Product A,125,455,single_7.5h,700,704,6.0,1.5472527472527473,0.9534018364338978,0.6861598440545813,0.9914772727272728,0.648610606072964,0.8522727272727272,199
2020,7,Ferry-3,Plant 2,Product A,125,455,single_7.5h,800,803,1.4,1.7648351648351648,0.9534018364338978,0.791913214990138,0.9982565379825654,0.7536951795714126,0.174346201743462,200
2020,7,Ferry-9,Plant 2,Product C,100,455,single_7.5h,900,862,1.2,1.8945054945054944,0.9534018364338978,0.8500986193293885,0.9986078886310904,0.8093572986215968,0.1392111368909512,201
2020,7,Ferry-9,Plant 2,Product C,125,455,single_7.5h,900,923,2.3,2.0285714285714285,0.9534018364338978,0.91025641025641,0.9975081256771398,0.8656775846200094,0.2491874322860238,202
2020,7,Ferry-6,Plant 2,Product C,125,455,single_7.5h,900,569,2.3,1.2505494505494503,0.9534018364338978,0.5764944275582573,0.9959578207381372,0.5474091395208611,0.4042179261862916,203
2020,7,Ferry-9,Plant 1,Product C,150,455,single_7.5h,800,987,1.9,2.169230769230769,0.9534018364338978,0.9733727810650886,0.9980749746707194,0.926228943857034,0.1925025329280648,204
2020,7,Ferry-9,Plant 1,Product C,100,455,single_7.5h,900,960,1.2,2.10989010989011,0.9534018364338978,0.9467455621301776,0.99875,0.9015006713735908,0.125,205
2020,7,Ferry-3,Plant 1,Product C,100,455,single_7.5h,1000,905,2.1,1.989010989010989,0.9534018364338978,0.8925049309664694,0.9976795580110496,0.8489413393650554,0.2320441988950276,206
2020,7,Ferry-1,Plant 1,Product A,100,455,single_7.5h,700,1201,1.6,2.6395604395604395,0.9534018364338978,1.0,0.9986677768526228,0.9521316924386488,0.1332223147377186,207
2020,7,Ferry-1,Plant 1,Product A,100,455,single_7.5h,700,285,4.1,0.6263736263736264,0.9534018364338978,0.2777777777777779,0.9856140350877192,0.261023953074349,1.43859649122807,208
2020,7,Ferry-4,Plant 1,Product A,125,455,single_7.5h,700,628,3.8,1.3802197802197802,0.9534018364338978,0.6017342978968045,0.9939490445859872,0.5702231843070368,0.6050955414012739,209
2020,7,Ferry-4,Plant 1,Product A,125,455,single_7.5h,900,1206,3.6,2.6505494505494505,0.9534018364338978,1.0,0.9970149253731344,0.9505558608027518,0.2985074626865672,210
2020,7,Ferry-6,Plant 2,Product A,125,455,single_7.5h,1100,862,1.4,1.8945054945054944,0.9534018364338978,0.8733535967578521,0.9983758700696056,0.8313045799746833,0.1624129930394431,211
2020,8,Ferry-4,Plant 2,Product A,125,455,single_7.5h,800,1152,1.2,2.531868131868132,0.9534018364338978,1.0,0.9989583333333332,0.9524087095209456,0.1041666666666666,212
2020,8,Ferry-4,Plant 2,Product C,125,455,single_7.5h,600,707,2.3,1.553846153846154,0.9534018364338978,0.6774301729507021,0.9967468175388968,0.6437620602069353,0.3253182461103253,213
2020,8,Ferry-4,Plant 2,Product C,120,455,single_7.5h,1000,1044,2.3,2.2945054945054943,0.9534018364338978,1.0,0.9977969348659004,0.9513014300892636,0.2203065134099616,214
2020,8,Ferry-4,Plant 1,Product C,120,455,single_7.5h,800,744,1.9,1.6351648351648351,0.9534018364338978,0.7128826713936666,0.9974462365591398,0.6779279478921052,0.2553763440860215,215
2020,8,Ferry-9,Plant 1,Product C,120,455,single_7.5h,800,800,1.2,1.7582417582417582,0.9534018364338978,0.7889546351084812,0.9985,0.7510625117784985,0.15,216
2020,8,Ferry-9,Plant 1,Product C,120,455,single_7.5h,1000,862,2.1,1.8945054945054944,0.9534018364338978,0.8500986193293885,0.9975638051044085,0.8085110839738743,0.2436194895591647,217
2020,8,Ferry-6,Plant 1,Product C,120,455,single_7.5h,1000,923,1.6,2.0285714285714285,0.9534018364338978,0.9351570415400204,0.9982665222101842,0.8900349058664574,0.1733477789815818,218
2020,8,Ferry-9,Plant 1,Product A,120,455,single_7.5h,900,569,4.1,1.2505494505494503,0.9534018364338978,0.5611439842209072,0.9927943760984184,0.5311407272204227,0.7205623901581723,219
2020,8,Ferry-9,Plant 1,Product A,150,455,single_7.5h,900,911,3.8,2.002197802197802,0.9534018364338978,0.898422090729783,0.99582875960483,0.8529843649041735,0.4171240395170142,220
2020,8,Ferry-3,Plant 1,Product A,150,455,single_7.5h,800,888,1.2,1.951648351648352,0.9534018364338978,0.8757396449704143,0.9986486486486488,0.8338034995557995,0.1351351351351351,221
2020,8,Ferry-1,Plant 1,Product A,150,455,single_7.5h,900,480,7.0,1.054945054945055,0.9534018364338978,0.4678362573099418,0.9854166666666668,0.4395312559778109,1.4583333333333333,222
2020,8,Ferry-1,Plant 2,Product A,125,455,single_7.5h,1000,580,1.4,1.2747252747252746,0.9534018364338978,0.565302144249513,0.9975862068965518,0.537659164289136,0.2413793103448275,223
2020,8,Ferry-4,Plant 2,Product A,125,455,single_7.5h,800,960,1.2,2.10989010989011,0.9534018364338978,0.9198486082498925,0.99875,0.8758891206561791,0.125,224
2020,8,Ferry-4,Plant 2,Product C,150,455,single_7.5h,700,905,2.3,1.989010989010989,0.9534018364338978,0.8671489484022422,0.9974585635359116,0.8246402891284239,0.2541436464088398,225
2020,8,Ferry-4,Plant 2,Product C,100,455,single_7.5h,800,778,2.3,1.7098901098901098,0.9534018364338978,0.7454606429358502,0.997043701799486,0.7086224352242366,0.2956298200514138,226
2020,8,Ferry-4,Plant 2,Product C,100,455,single_7.5h,1000,285,1.9,0.6263736263736264,0.9534018364338978,0.2730800555741868,0.9933333333333332,0.2586193263013812,0.6666666666666666,227
2020,8,Ferry-4,Plant 2,Product C,100,455,single_7.5h,700,628,1.2,1.3802197802197802,0.9534018364338978,0.6017342978968045,0.9980891719745224,0.5725983529696422,0.1910828025477707,228
2020,8,Ferry-3,Plant 2,Product C,100,455,single_7.5h,700,1014,5.0,2.2285714285714286,0.9534018364338978,1.0,0.995069033530572,0.9487006439465512,0.4930966469428008,229
2020,8,Ferry-4,Plant 1,Product C,125,455,single_7.5h,800,1152,4.0,2.531868131868132,0.9534018364338978,1.0,0.9965277777777778,0.9500914133907246,0.3472222222222222,230
2020,8,Ferry-4,Plant 1,Product C,125,455,single_7.5h,800,707,1.2,1.553846153846154,0.9534018364338978,0.6774301729507021,0.9983026874115984,0.6447669392564991,0.1697312588401697,231
2020,8,Ferry-1,Plant 1,Product C,125,455,single_7.5h,900,1044,2.3,2.2945054945054943,0.9534018364338978,1.0,0.9977969348659004,0.9513014300892636,0.2203065134099616,232
2020,8,Ferry-4,Plant 1,Product A,125,455,single_7.5h,600,700,2.3,1.5384615384615383,0.9534018364338978,0.6707229435155464,0.9967142857142856,0.6373673753460743,0.3285714285714285,233
2020,8,Ferry-4,Plant 1,Product A,125,455,single_7.5h,800,803,1.9,1.7648351648351648,0.9534018364338978,0.7694150337756911,0.9976338729763388,0.731826006005074,0.236612702366127,234
2020,8,Ferry-4,Plant 1,Product A,125,455,single_7.5h,900,862,1.2,1.8945054945054944,0.9534018364338978,0.8259473961577157,0.9986078886310904,0.786363532604129,0.1392111368909512,235
2020,8,Ferry-1,Plant 1,Product A,125,455,single_7.5h,900,923,2.1,2.0285714285714285,0.9534018364338978,0.8996101364522422,0.9977248104008668,0.8557385489005622,0.2275189599133261,236
2020,8,Ferry-4,Plant 1,Product A,100,455,single_7.5h,900,569,1.6,1.2505494505494503,0.9534018364338978,0.5452019355147798,0.9971880492091388,0.5183348842931955,0.281195079086116,237
2020,8,Ferry-6,Plant 2,Product A,100,455,single_7.5h,900,911,4.1,2.002197802197802,0.9534018364338978,0.922998986828774,0.9954994511525797,0.8760284959087152,0.4500548847420417,238
2020,8,Ferry-3,Plant 2,Product A,125,455,single_7.5h,800,670,3.8,1.4725274725274726,0.9534018364338978,0.6607495069033531,0.9943283582089552,0.6263868870140659,0.5671641791044776,239
2020,8,Ferry-4,Plant 2,Product C,125,455,single_7.5h,700,789,1.2,1.734065934065934,0.9534018364338978,0.7560005749053802,0.9984790874524716,0.7196761047694387,0.1520912547528517,240
2020,8,Ferry-1,Plant 2,Product C,150,455,single_7.5h,700,768,5.0,1.687912087912088,0.9534018364338978,0.7485380116959068,0.9934895833333334,0.7090113072115638,0.6510416666666667,241
2020,8,Ferry-4,Plant 2,Product C,150,455,single_7.5h,800,567,1.4,1.2461538461538462,0.9534018364338978,0.5432855842475927,0.9975308641975308,0.5166905367575458,0.2469135802469135,242
2020,9,Ferry-1,Plant 2,Product C,150,455,single_7.5h,800,960,1.2,2.10989010989011,0.9534018364338978,0.9356725146198837,0.99875,0.890956803872146,0.125,243
2020,9,Ferry-1,Plant 2,Product C,125,455,single_7.5h,700,905,2.3,1.989010989010989,0.9534018364338978,0.8820662768031194,0.9974585635359116,0.8388263525817544,0.2541436464088398,244
2020,9,Ferry-4,Plant 2,Product C,125,455,single_7.5h,800,789,2.3,1.734065934065934,0.9534018364338978,0.7560005749053802,0.997084917617237,0.7186712257198749,0.291508238276299,245
2020,9,Ferry-3,Plant 2,Product A,150,455,single_7.5h,800,285,1.9,0.6263736263736264,0.9534018364338978,0.2810650887573964,0.9933333333333332,0.2661815186335665,0.6666666666666666,246
2020,9,Ferry-3,Plant 2,Product A,100,455,single_7.5h,900,628,1.2,1.3802197802197802,0.9534018364338978,0.6193293885601577,0.9980891719745224,0.5893414902137742,0.1910828025477707,247
2020,9,Ferry-4,Plant 2,Product A,125,455,single_7.5h,900,1014,2.1,2.2285714285714286,0.9534018364338978,0.9715900924639488,0.9979289940828402,0.9243973729578512,0.2071005917159763,248
2020,9,Ferry-1,Plant 2,Product A,100,455,single_7.5h,700,1152,1.6,2.531868131868132,0.9534018364338978,1.0,0.9986111111111112,0.9520776672166285,0.1388888888888889,249
2020,9,Ferry-4,Plant 2,Product A,100,455,single_7.5h,800,707,4.1,1.553846153846154,0.9534018364338978,0.6774301729507021,0.9942008486562942,0.6421177126712854,0.5799151343705798,250
2020,9,Ferry-1,Plant 1,Product A,125,455,single_7.5h,800,1044,3.8,2.2945054945054943,0.9534018364338978,1.0,0.996360153256705,0.9499315998645024,0.3639846743295019,251
2020,9,Ferry-4,Plant 1,Product A,125,455,single_7.5h,700,703,3.6,1.5450549450549451,0.9534018364338978,0.6735974704163274,0.9948790896159316,0.6389203702408549,0.5120910384068279,252
2020,9,Ferry-4,Plant 1,Product A,125,455,single_7.5h,600,803,1.4,1.7648351648351648,0.9534018364338978,0.7694150337756911,0.9982565379825654,0.7322827692094213,0.174346201743462,253
2020,9,Ferry-1,Plant 1,Product A,100,455,single_7.5h,800,862,1.2,1.8945054945054944,0.9534018364338978,0.8401559454191038,0.9986078886310904,0.799891131386257,0.1392111368909512,254
2020,9,Ferry-4,Plant 1,Product C,125,455,single_7.5h,900,923,2.3,2.0285714285714285,0.9534018364338978,0.8843961098069276,0.9975081256771398,0.8410837644849228,0.2491874322860238,255
2020,9,Ferry-3,Plant 1,Product C,100,455,single_7.5h,900,569,2.3,1.2505494505494503,0.9534018364338978,0.5611439842209072,0.9959578207381372,0.5328331565158676,0.4042179261862916,256
2020,9,Ferry-1,Plant 1,Product C,100,455,single_7.5h,900,911,1.9,2.002197802197802,0.9534018364338978,0.8879142300194937,0.9979143798024148,0.8447734985400165,0.2085620197585071,257
2020,9,Ferry-3,Plant 1,Product C,125,455,single_7.5h,800,890,1.2,1.956043956043956,0.9534018364338978,0.8777120315581853,0.9986516853932584,0.835683976550738,0.1348314606741573,258
2020,9,Ferry-4,Plant 2,Product C,125,455,single_7.5h,900,678,2.1,1.49010989010989,0.9534018364338978,0.6496430795764864,0.9969026548672566,0.6174524996365366,0.3097345132743362,259
2020,9,Ferry-1,Plant 2,Product C,125,455,single_7.5h,700,890,1.6,1.956043956043956,0.9534018364338978,0.8674463937621837,0.9982022471910112,0.8255381983312623,0.1797752808988764,260
2020,9,Ferry-4,Plant 2,Product C,100,455,single_7.5h,1000,960,4.1,2.10989010989011,0.9534018364338978,0.9198486082498925,0.9957291666666668,0.8732398940709654,0.4270833333333333,261
2020,9,Ferry-4,Plant 2,Product A,125,455,single_7.5h,800,905,3.8,1.989010989010989,0.9534018364338978,0.8671489484022422,0.9958011049723756,0.8232699995153824,0.4198895027624309,262
2020,9,Ferry-1,Plant 2,Product A,125,455,single_7.5h,700,899,1.2,1.975824175824176,0.9534018364338978,0.8762183235867452,0.9986651835372636,0.83427306895746,0.1334816462736373,263
2020,9,Ferry-4,Plant 2,Product A,150,455,single_7.5h,800,285,6.0,0.6263736263736264,0.9534018364338978,0.2730800555741868,0.9789473684210528,0.2548738680257342,2.1052631578947367,264
2020,9,Ferry-1,Plant 2,Product A,100,455,single_7.5h,1000,628,1.4,1.3802197802197802,0.9534018364338978,0.6120857699805072,0.9977707006369426,0.582262758976102,0.2229299363057325,265
2020,9,Ferry-1,Plant 2,Product A,100,455,single_7.5h,800,1014,1.2,2.2285714285714286,0.9534018364338978,0.988304093567252,0.9988165680473372,0.9411358478949828,0.1183431952662722,266
2020,9,Ferry-1,Plant 2,Product C,100,455,single_7.5h,1000,1152,2.3,2.531868131868132,0.9534018364338978,1.0,0.9980034722222222,0.9514983431840732,0.1996527777777777,267
2020,9,Ferry-6,Plant 2,Product C,100,455,single_7.5h,800,707,2.3,1.553846153846154,0.9534018364338978,0.7163120567375888,0.9967468175388968,0.6807115239462693,0.3253182461103253,268
2020,9,Ferry-9,Plant 1,Product C,125,455,single_7.5h,700,1044,1.9,2.2945054945054943,0.9534018364338978,1.0,0.9981800766283524,0.9516667181492,0.1819923371647509,269
2020,9,Ferry-9,Plant 1,Product C,125,455,single_7.5h,700,700,4.0,1.5384615384615383,0.9534018364338978,0.690335305719921,0.9942857142857144,0.6544059942386515,0.5714285714285714,270
2020,9,Ferry-3,Plant 1,Product C,125,455,single_7.5h,600,803,1.4,1.7648351648351648,0.9534018364338978,0.791913214990138,0.9982565379825654,0.7536951795714126,0.174346201743462,271
2020,9,Ferry-1,Plant 1,Product A,125,455,single_7.5h,700,862,1.2,1.8945054945054944,0.9534018364338978,0.8401559454191038,0.9986078886310904,0.799891131386257,0.1392111368909512,272
2020,10,Ferry-1,Plant 1,Product A,125,455,single_7.5h,700,923,2.3,2.0285714285714285,0.9534018364338978,0.8996101364522422,0.9975081256771398,0.8555527005893666,0.2491874322860238,273
2020,10,Ferry-4,Plant 1,Product A,120,455,single_7.5h,800,569,2.3,1.2505494505494503,0.9534018364338978,0.5452019355147798,0.9959578207381372,0.5176954158071094,0.4042179261862916,274
2020,10,Ferry-3,Plant 1,Product A,120,455,single_7.5h,800,876,1.9,1.925274725274725,0.9534018364338978,0.8639053254437868,0.9978310502283104,0.8218624706379388,0.2168949771689498,275
2020,10,Ferry-3,Plant 1,Product A,120,455,single_7.5h,900,568,1.2,1.2483516483516484,0.9534018364338978,0.5601577909270217,0.997887323943662,0.5329271803656147,0.2112676056338027,276
2020,10,Ferry-3,Plant 2,Product A,120,455,single_7.5h,900,946,2.1,2.07912087912088,0.9534018364338978,0.9329388560157792,0.9977801268498944,0.8874911177612981,0.2219873150105708,277
2020,10,Ferry-4,Plant 2,Product A,120,455,single_7.5h,700,678,1.6,1.49010989010989,0.9534018364338978,0.6496430795764864,0.9976401179941004,0.6179092628408839,0.2359882005899705,278
2020,10,Ferry-4,Plant 2,Product C,120,455,single_7.5h,800,960,4.1,2.10989010989011,0.9534018364338978,0.9198486082498925,0.9957291666666668,0.8732398940709654,0.4270833333333333,279
2020,10,Ferry-4,Plant 2,Product C,150,455,single_7.5h,800,905,3.8,1.989010989010989,0.9534018364338978,0.8671489484022422,0.9958011049723756,0.8232699995153824,0.4198895027624309,280
2020,10,Ferry-4,Plant 2,Product C,150,455,single_7.5h,700,768,1.2,1.687912087912088,0.9534018364338978,0.7358788865999139,0.9984375,0.7004920501868566,0.15625,281
2020,10,Ferry-1,Plant 2,Product A,150,455,single_7.5h,600,905,3.0,1.989010989010989,0.9534018364338978,0.8820662768031194,0.9966850828729282,0.8381758834925696,0.3314917127071823,282
2020,10,Ferry-6,Plant 2,Product A,125,455,single_7.5h,800,900,1.4,1.978021978021978,0.9534018364338978,0.9118541033434652,0.9984444444444444,0.8680110336570422,0.1555555555555555,283
2020,10,Ferry-9,Plant 2,Product A,125,455,single_7.5h,900,285,1.2,0.6263736263736264,0.9534018364338978,0.2810650887573964,0.9957894736842106,0.266839685581795,0.4210526315789473,284
2020,10,Ferry-9,Plant 1,Product A,150,455,single_7.5h,900,628,2.3,1.3802197802197802,0.9534018364338978,0.6193293885601577,0.9963375796178344,0.588307227866558,0.3662420382165605,285
2020,10,Ferry-3,Plant 1,Product A,100,455,single_7.5h,900,1000,2.3,2.197802197802198,0.9534018364338978,0.9861932938856016,0.9977,0.9380759489251478,0.2299999999999999,286
2020,10,Ferry-1,Plant 1,Product A,100,455,single_7.5h,800,1152,1.9,2.531868131868132,0.9534018364338978,1.0,0.9983506944444444,0.9518293854883904,0.1649305555555555,287
2020,10,Ferry-1,Plant 1,Product A,100,455,single_7.5h,900,707,1.2,1.553846153846154,0.9534018364338978,0.6890838206627685,0.9983026874115984,0.6558586902095961,0.1697312588401697,288
2020,10,Ferry-6,Plant 1,Product A,100,455,single_7.5h,700,1044,2.1,2.2945054945054943,0.9534018364338978,1.0,0.9979885057471264,0.951484074119232,0.2011494252873563,289
2020,10,Ferry-3,Plant 1,Product C,125,455,single_7.5h,1000,700,1.6,1.5384615384615383,0.9534018364338978,0.690335305719921,0.9977142857142856,0.6566625666325778,0.2285714285714286,290
2020,10,Ferry-3,Plant 1,Product C,125,455,single_7.5h,800,803,4.1,1.7648351648351648,0.9534018364338978,0.791913214990138,0.9948941469489416,0.7511565356282455,0.510585305105853,291
2020,10,Ferry-3,Plant 1,Product C,125,455,single_7.5h,700,862,3.8,1.8945054945054944,0.9534018364338978,0.8500986193293885,0.9955916473317864,0.8069126785281765,0.4408352668213456,292
2020,10,Ferry-3,Plant 2,Product C,125,455,single_7.5h,800,923,3.6,2.0285714285714285,0.9534018364338978,0.91025641025641,0.9960996749729144,0.8644552745732993,0.3900325027085591,293
2020,10,Ferry-4,Plant 2,Product C,125,455,single_7.5h,1000,569,1.4,1.2505494505494503,0.9534018364338978,0.5452019355147798,0.9975395430579964,0.5185175895749344,0.2460456942003515,294
2020,10,Ferry-4,Plant 2,Product C,125,455,single_7.5h,800,987,1.2,2.169230769230769,0.9534018364338978,0.9457193503569205,0.9987841945288752,0.9005543336909274,0.121580547112462,295
2020,10,Ferry-4,Plant 2,Product A,125,455,single_7.5h,1000,960,2.3,2.10989010989011,0.9534018364338978,0.9198486082498925,0.9976041666666666,0.8748842416066153,0.2395833333333333,296
2020,10,Ferry-4,Plant 2,Product A,125,455,single_7.5h,800,905,2.3,1.989010989010989,0.9534018364338978,0.8671489484022422,0.9974585635359116,0.8246402891284239,0.2541436464088398,297
2020,10,Ferry-4,Plant 2,Product A,100,455,single_7.5h,700,1200,1.9,2.6373626373626373,0.9534018364338978,1.0,0.9984166666666666,0.9518922835262108,0.1583333333333333,298
2020,10,Ferry-4,Plant 2,Product A,100,455,single_7.5h,700,285,1.2,0.6263736263736264,0.9534018364338978,0.2730800555741868,0.9957894736842106,0.2592587947874673,0.4210526315789473,299
2020,10,Ferry-4,Plant 2,Product A,100,455,single_7.5h,600,628,2.1,1.3802197802197802,0.9534018364338978,0.6017342978968045,0.996656050955414,0.5717761792018172,0.3343949044585987,300
2020,10,Ferry-4,Plant 2,Product A,100,455,single_7.5h,800,1200,6.0,2.6373626373626373,0.9534018364338978,1.0,0.995,0.9486348272517282,0.5,301
2020,10,Ferry-9,Plant 2,Product C,100,455,single_7.5h,900,1152,1.4,2.531868131868132,0.9534018364338978,1.0,0.9987847222222224,0.9522431883687872,0.1215277777777777,302
2020,10,Ferry-9,Plant 2,Product C,100,455,single_7.5h,900,707,1.2,1.553846153846154,0.9534018364338978,0.6972386587771204,0.9983026874115984,0.6636203315138512,0.1697312588401697,303
2020,11,Ferry-3,Plant 2,Product C,100,455,single_7.5h,900,1044,2.3,2.2945054945054943,0.9534018364338978,1.0,0.9977969348659004,0.9513014300892636,0.2203065134099616,304
2020,11,Ferry-1,Plant 1,Product C,100,455,single_7.5h,1000,700,2.3,1.5384615384615383,0.9534018364338978,0.6822612085769983,0.9967142857142856,0.6483318336061703,0.3285714285714285,305
2020,11,Ferry-1,Plant 1,Product A,125,455,single_7.5h,800,800,1.9,1.7582417582417582,0.9534018364338978,0.7797270955165696,0.997625,0.7416276858264076,0.2375,306
2020,11,Ferry-4,Plant 1,Product A,125,455,single_7.5h,800,862,1.2,1.8945054945054944,0.9534018364338978,0.8259473961577157,0.9986078886310904,0.786363532604129,0.1392111368909512,307
2020,11,Ferry-6,Plant 1,Product A,125,455,single_7.5h,1000,923,2.1,2.0285714285714285,0.9534018364338978,0.9351570415400204,0.9977248104008668,0.8895519262127422,0.2275189599133261,308
2020,11,Ferry-4,Plant 1,Product A,125,455,single_7.5h,800,569,1.6,1.2505494505494503,0.9534018364338978,0.5452019355147798,0.9971880492091388,0.5183348842931955,0.281195079086116,309
2020,11,Ferry-6,Plant 1,Product A,125,455,single_7.5h,800,911,4.1,2.002197802197802,0.9534018364338978,0.922998986828774,0.9954994511525797,0.8760284959087152,0.4500548847420417,310
2020,11,Ferry-4,Plant 1,Product A,125,455,single_7.5h,900,888,3.8,1.951648351648352,0.9534018364338978,0.8508599626311506,0.9957207207207208,0.8077400505675779,0.4279279279279279,311
2020,11,Ferry-4,Plant 1,Product A,150,455,single_7.5h,900,480,1.2,1.054945054945055,0.9534018364338978,0.4599243041249461,0.9975,0.4373964444828729,0.25,312
2020,11,Ferry-3,Plant 2,Product A,150,455,single_7.5h,800,580,4.0,1.2747252747252746,0.9534018364338978,0.5719921104536488,0.993103448275862,0.5415773745423323,0.6896551724137931,313
2020,11,Ferry-3,Plant 2,Product A,150,455,single_7.5h,900,960,1.4,2.10989010989011,0.9534018364338978,0.9467455621301776,0.9985416666666668,0.901312623674097,0.1458333333333333,314
2020,11,Ferry-3,Plant 2,Product A,125,455,single_7.5h,800,905,1.2,1.989010989010989,0.9534018364338978,0.8925049309664694,0.9986740331491712,0.8497875540127778,0.1325966850828729,315
2020,11,Ferry-3,Plant 2,Product A,125,455,single_7.5h,700,778,2.3,1.7098901098901098,0.9534018364338978,0.767258382642998,0.997043701799486,0.729343002486957,0.2956298200514138,316
2020,11,Ferry-3,Plant 2,Product A,150,455,single_7.5h,700,285,2.3,0.6263736263736264,0.9534018364338978,0.2810650887573964,0.9919298245614036,0.2658054232345788,0.8070175438596492,317
2020,11,Ferry-6,Plant 2,Product A,100,455,single_7.5h,1000,628,1.9,1.3802197802197802,0.9534018364338978,0.6362715298885512,0.9969745222929935,0.6047871223822324,0.3025477707006369,318
2020,11,Ferry-9,Plant 2,Product C,125,455,single_7.5h,800,1014,1.2,2.2285714285714286,0.9534018364338978,1.0,0.9988165680473372,0.9522735502369346,0.1183431952662722,319
2020,11,Ferry-9,Plant 1,Product C,100,455,single_7.5h,800,1152,2.1,2.531868131868132,0.9534018364338978,1.0,0.9981770833333332,0.9516638643362316,0.1822916666666666,320
2020,11,Ferry-3,Plant 1,Product A,100,455,single_7.5h,800,707,1.6,1.553846153846154,0.9534018364338978,0.6972386587771204,0.9977369165487976,0.6632442361148635,0.2263083451202263,321
2020,11,Ferry-1,Plant 1,Product A,125,455,single_7.5h,800,1044,4.1,2.2945054945054943,0.9534018364338978,1.0,0.996072796934866,0.9496576338195502,0.3927203065134099,322
2020,11,Ferry-1,Plant 1,Product A,125,455,single_7.5h,1000,700,3.8,1.5384615384615383,0.9534018364338978,0.6822612085769983,0.9945714285714286,0.6469379712722025,0.5428571428571428,323
2020,11,Ferry-4,Plant 1,Product A,125,455,single_7.5h,800,803,3.6,1.7648351648351648,0.9534018364338978,0.7694150337756911,0.9955168119551682,0.7302730111102935,0.448318804483188,324
2020,11,Ferry-4,Plant 1,Product A,100,455,single_7.5h,800,862,1.4,1.8945054945054944,0.9534018364338978,0.8259473961577157,0.9983758700696056,0.7861808273223901,0.1624129930394431,325
2020,11,Ferry-4,Plant 1,Product A,125,455,single_7.5h,1000,923,1.2,2.0285714285714285,0.9534018364338978,0.8843961098069276,0.9986998916576382,0.8420886435344866,0.1300108342361863,326
2020,11,Ferry-4,Plant 1,Product A,100,455,single_7.5h,1000,569,2.3,1.2505494505494503,0.9534018364338978,0.5452019355147798,0.9959578207381372,0.5176954158071094,0.4042179261862916,327
2020,11,Ferry-4,Plant 2,Product A,100,455,single_7.5h,900,911,2.3,2.002197802197802,0.9534018364338978,0.8728980022038041,0.9974753018660812,0.8301214475805903,0.252469813391877,328
2020,11,Ferry-4,Plant 2,Product A,125,455,single_7.5h,900,670,1.9,1.4725274725274726,0.9534018364338978,0.6419776745077374,0.9971641791044776,0.6103269936487205,0.2835820895522388,329
2020,11,Ferry-4,Plant 2,Product A,125,455,single_7.5h,800,789,1.2,1.734065934065934,0.9534018364338978,0.7560005749053802,0.9984790874524716,0.7196761047694387,0.1520912547528517,330
2020,11,Ferry-4,Plant 2,Product B,125,455,single_7.5h,900,768,2.1,1.687912087912088,0.9534018364338978,0.7358788865999139,0.997265625,0.6996698764190317,0.2734375,331
2020,11,Ferry-4,Plant 2,Product C,100,455,single_7.5h,1000,567,1.6,1.2461538461538462,0.9534018364338978,0.5432855842475927,0.997178130511464,0.5165078314758069,0.2821869488536155,332
2020,11,Ferry-4,Plant 1,Product C,125,455,single_7.5h,800,960,4.1,2.10989010989011,0.9534018364338978,0.9198486082498925,0.9957291666666668,0.8732398940709654,0.4270833333333333,333
2020,12,Ferry-1,Plant 1,Product A,125,455,single_7.5h,700,905,3.8,1.989010989010989,0.9534018364338978,0.8820662768031194,0.9958011049723756,0.8374324902477868,0.4198895027624309,334
2020,12,Ferry-4,Plant 1,Product A,150,455,single_7.5h,800,888,1.2,1.951648351648352,0.9534018364338978,0.8508599626311506,0.9986486486486488,0.8101152192301834,0.1351351351351351,335
2020,12,Ferry-1,Plant 1,Product A,100,455,single_7.5h,1000,285,7.0,0.6263736263736264,0.9534018364338978,0.2777777777777779,0.975438596491228,0.2583291525620115,2.456140350877193,336
2020,12,Ferry-6,Plant 1,Product A,100,455,single_7.5h,700,628,1.4,1.3802197802197802,0.9534018364338978,0.6362715298885512,0.9977707006369426,0.6052701020359476,0.2229299363057325,337
2020,12,Ferry-9,Plant 1,Product C,100,455,single_7.5h,700,1014,1.2,2.2285714285714286,0.9534018364338978,1.0,0.9988165680473372,0.9522735502369346,0.1183431952662722,338
2020,12,Ferry-9,Plant 1,Product C,100,455,single_7.5h,800,1152,2.3,2.531868131868132,0.9534018364338978,1.0,0.9980034722222222,0.9514983431840732,0.1996527777777777,339
2020,12,Ferry-3,Plant 2,Product B,125,455,single_7.5h,800,707,2.3,1.553846153846154,0.9534018364338978,0.6972386587771204,0.9967468175388968,0.6625860691666349,0.3253182461103253,340
2020,12,Ferry-1,Plant 2,Product B,125,455,single_7.5h,900,1044,1.9,2.2945054945054943,0.9534018364338978,1.0,0.9981800766283524,0.9516667181492,0.1819923371647509,341
2020,12,Ferry-1,Plant 2,Product A,125,455,single_7.5h,600,702,1.6,1.542857142857143,0.9534018364338978,0.6842105263157899,0.9977207977207976,0.6508407858073123,0.2279202279202279,342
2020,12,Ferry-4,Plant 2,Product A,125,455,single_7.5h,800,803,1.2,1.7648351648351648,0.9534018364338978,0.7694150337756911,0.998505603985056,0.7324654744911601,0.149439601494396,343
2020,12,Ferry-4,Plant 2,Product A,125,455,single_7.5h,900,862,8.0,1.8945054945054944,0.9534018364338978,0.8259473961577157,0.9907192575406032,0.780151553025007,0.9280742459396752,344
2020,12,Ferry-4,Plant 1,Product A,120,455,single_7.5h,900,923,1.4,2.0285714285714285,0.9534018364338978,0.8843961098069276,0.9984832069339112,0.8419059382527477,0.151679306608884,345
2020,12,Ferry-1,Plant 1,Product C,120,455,single_7.5h,900,569,1.2,1.2505494505494503,0.9534018364338978,0.5545808966861601,0.997891036906854,0.5276233554845686,0.210896309314587,346
2020,12,Ferry-3,Plant 1,Product C,120,455,single_7.5h,900,911,2.3,2.002197802197802,0.9534018364338978,0.898422090729783,0.9974753018660812,0.8543947226503775,0.252469813391877,347
2020,12,Ferry-3,Plant 1,Product B,120,455,single_7.5h,800,890,2.3,1.956043956043956,0.9534018364338978,0.8777120315581853,0.9974157303370786,0.8346497142035217,0.2584269662921348,348
2020,12,Ferry-3,Plant 1,Product B,120,455,single_7.5h,700,678,1.9,1.49010989010989,0.9534018364338978,0.6686390532544377,0.997197640117994,0.6356952481390119,0.28023598820059,349
2020,12,Ferry-6,Plant 1,Product B,120,455,single_7.5h,700,890,1.2,1.956043956043956,0.9534018364338978,0.9017223910840932,0.9986516853932584,0.8585446324442232,0.1348314606741573,350
2020,12,Ferry-4,Plant 1,Product C,150,455,single_7.5h,800,960,2.1,2.10989010989011,0.9534018364338978,0.9198486082498925,0.9978125,0.8750669468883541,0.21875,351
2020,12,Ferry-9,Plant 1,Product C,150,455,single_7.5h,700,905,1.6,1.989010989010989,0.9534018364338978,0.8925049309664694,0.998232044198895,0.8494114586137902,0.1767955801104972,352
2020,12,Ferry-3,Plant 2,Product A,150,455,single_7.5h,800,899,4.1,1.975824175824176,0.9534018364338978,0.8865877712031558,0.9954393770856508,0.841419431385301,0.4560622914349276,353
2020,12,Ferry-1,Plant 2,Product C,125,455,single_7.5h,800,285,3.8,0.6263736263736264,0.9534018364338978,0.2777777777777779,0.9866666666666668,0.2613027255411425,1.3333333333333333,354
2020,12,Ferry-1,Plant 2,Product C,125,455,single_7.5h,900,628,1.2,1.3802197802197802,0.9534018364338978,0.6120857699805072,0.9980891719745224,0.5824486072872977,0.1910828025477707,355
2020,12,Ferry-4,Plant 1,Product C,150,455,single_7.5h,900,1014,6.0,2.2285714285714286,0.9534018364338978,0.9715900924639488,0.9940828402366864,0.920834619963943,0.591715976331361,356
2020,12,Ferry-3,Plant 1,Product C,100,455,single_7.5h,700,1152,1.4,2.531868131868132,0.9534018364338978,1.0,0.9987847222222224,0.9522431883687872,0.1215277777777777,357
2020,12,Ferry-3,Plant 1,Product C,100,455,single_7.5h,800,707,1.2,1.553846153846154,0.9534018364338978,0.6972386587771204,0.9983026874115984,0.6636203315138512,0.1697312588401697,358
2020,12,Ferry-3,Plant 1,Product A,100,455,single_7.5h,800,1044,2.3,2.2945054945054943,0.9534018364338978,1.0,0.9977969348659004,0.9513014300892636,0.2203065134099616,359
2020,12,Ferry-3,Plant 1,Product A,100,455,single_7.5h,700,710,2.3,1.5604395604395604,0.9534018364338978,0.7001972386587771,0.9967605633802816,0.6654067846590429,0.323943661971831,360
2020,12,Ferry-3,Plant 1,Product A,125,455,single_7.5h,600,803,1.9,1.7648351648351648,0.9534018364338978,0.791913214990138,0.9976338729763388,0.753225060322678,0.236612702366127,361
2020,12,Ferry-9,Plant 1,Product A,125,455,single_7.5h,800,862,1.2,1.8945054945054944,0.9534018364338978,0.8500986193293885,0.9986078886310904,0.8093572986215968,0.1392111368909512,362
2020,12,Ferry-4,Plant 1,Product B,125,455,single_7.5h,900,923,2.1,2.0285714285714285,0.9534018364338978,0.8843961098069276,0.9977248104008668,0.8412664697666616,0.2275189599133261,363
2020,12,Ferry-1,Plant 2,Product B,125,455,single_7.5h,900,569,1.6,1.2505494505494503,0.9534018364338978,0.5545808966861601,0.9971880492091388,0.5272516588621772,0.281195079086116,364
2021,1,Ferry-1,Plant 2,Product B,125,455,single_7.5h,900,876,4.1,1.925274725274725,0.9505612545606384,0.8538011695906437,0.9953196347031964,0.8077917717850108,0.4680365296803652,365
2021,1,Ferry-3,Plant 2,Product B,100,455,single_7.5h,800,568,3.8,1.2483516483516484,0.9505612545606384,0.5601577909270217,0.9933098591549296,0.5289020313837398,0.6690140845070423,366
2021,1,Ferry-3,Plant 2,Product C,100,455,single_7.5h,900,946,3.6,2.07912087912088,0.9505612545606384,0.9329388560157792,0.9961945031712474,0.8834407557178954,0.3805496828752642,367
2021,1,Ferry-3,Plant 1,Product C,100,455,single_7.5h,700,678,1.4,1.49010989010989,0.9505612545606384,0.6686390532544377,0.9979351032448378,0.6342699653212306,0.2064896755162241,368
2021,1,Ferry-1,Plant 1,Product C,100,455,single_7.5h,1000,960,1.2,2.10989010989011,0.9505612545606384,0.9356725146198837,0.99875,0.8883022718057902,0.125,369
2021,1,Ferry-1,Plant 1,Product C,100,455,single_7.5h,800,905,2.3,1.989010989010989,0.9505612545606384,0.8820662768031194,0.9974585635359116,0.8363271388809832,0.2541436464088398,370
2021,1,Ferry-3,Plant 1,Product B,150,455,single_7.5h,700,768,2.3,1.687912087912088,0.9505612545606384,0.757396449704142,0.9970052083333332,0.7177956140207897,0.2994791666666666,371
2021,1,Ferry-6,Plant 1,Product B,150,455,single_7.5h,800,905,1.9,1.989010989010989,0.9505612545606384,0.9169199594731512,0.9979005524861878,0.8697587325164262,0.2099447513812154,372
2021,1,Ferry-3,Plant 1,Product B,150,455,single_7.5h,1000,907,1.2,1.9934065934065928,0.9505612545606384,0.8944773175542405,0.9986769570011024,0.8491305565887832,0.1323042998897464,373
2021,1,Ferry-1,Plant 1,Product B,125,455,single_7.5h,800,285,2.1,0.6263736263736264,0.9505612545606384,0.2777777777777779,0.9926315789473684,0.2620991997224218,0.736842105263158,374
2021,1,Ferry-9,Plant 1,Product A,125,455,single_7.5h,1000,628,1.6,1.3802197802197802,0.9505612545606384,0.6193293885601577,0.9974522292993632,0.5872106211605364,0.2547770700636943,375
2021,1,Ferry-6,Plant 2,Product A,150,455,single_7.5h,800,1000,4.1,2.197802197802198,0.9505612545606384,1.0,0.9959,0.94666395341694,0.4099999999999999,376
2021,1,Ferry-6,Plant 2,Product B,100,455,single_7.5h,700,1152,3.8,2.531868131868132,0.9505612545606384,1.0,0.9967013888888888,0.947425722644553,0.3298611111111111,377
2021,1,Ferry-9,Plant 2,Product B,125,455,single_7.5h,700,707,1.2,1.553846153846154,0.9505612545606384,0.6972386587771204,0.9983026874115984,0.6616431296537463,0.1697312588401697,378
2021,1,Ferry-1,Plant 2,Product B,100,455,single_7.5h,600,1044,7.0,2.2945054945054943,0.9505612545606384,1.0,0.9932950191570882,0.9441877595587952,0.6704980842911877,379
2021,1,Ferry-9,Plant 2,Product B,100,455,single_7.5h,800,701,1.4,1.5406593406593407,0.9505612545606384,0.6913214990138067,0.9980028530670472,0.65583101941876,0.1997146932952924,380
2021,1,Ferry-3,Plant 2,Product C,125,455,single_7.5h,900,803,1.2,1.7648351648351648,0.9505612545606384,0.791913214990138,0.998505603985056,0.751637094582564,0.149439601494396,381
2021,1,Ferry-1,Plant 1,Product C,125,455,single_7.5h,900,862,2.3,1.8945054945054944,0.9505612545606384,0.8401559454191038,0.9973317865429234,0.7964888017015412,0.2668213457076566,382
2021,1,Ferry-1,Plant 1,Product C,125,455,single_7.5h,900,923,2.3,2.0285714285714285,0.9505612545606384,0.8996101364522422,0.9975081256771398,0.8530036521188892,0.2491874322860238,383
2021,1,Ferry-9,Plant 1,Product B,100,455,single_7.5h,1200,569,1.9,1.2505494505494503,0.9505612545606384,0.5611439842209072,0.9966608084358524,0.5316205990742978,0.3339191564147627,384
2021,1,Ferry-6,Plant 1,Product B,125,455,single_7.5h,900,987,7.0,2.169230769230769,0.9505612545606384,1.0,0.9929078014184396,0.9438196853793572,0.7092198581560284,385
2021,1,Ferry-4,Plant 2,Product B,100,455,single_7.5h,700,960,1.4,2.10989010989011,0.9505612545606384,0.9198486082498925,0.9985416666666668,0.8730973205785735,0.1458333333333333,386
2021,1,Ferry-3,Plant 2,Product B,100,455,single_7.5h,1000,905,1.2,1.989010989010989,0.9505612545606384,0.8925049309664694,0.9986740331491712,0.8472556823194329,0.1325966850828729,387
2021,1,Ferry-1,Plant 2,Product A,125,455,single_7.5h,800,1201,2.3,2.6395604395604395,0.9505612545606384,1.0,0.9980849292256452,0.9487408624827954,0.1915070774354704,388
2021,1,Ferry-9,Plant 1,Product A,125,455,single_7.5h,700,285,2.3,0.6263736263736264,0.9505612545606384,0.2810650887573964,0.9919298245614036,0.265013477972675,0.8070175438596492,389
2021,1,Ferry-1,Plant 1,Product A,125,455,single_7.5h,1000,628,1.9,1.3802197802197802,0.9505612545606384,0.6120857699805072,0.9969745222929935,0.5800647187918286,0.3025477707006369,390
2021,1,Ferry-4,Plant 1,Product B,100,455,single_7.5h,800,1200,1.2,2.6373626373626373,0.9505612545606384,1.0,0.999,0.9496106933060778,0.1,391
2021,1,Ferry-3,Plant 2,Product B,125,455,single_7.5h,700,1152,2.1,2.531868131868132,0.9505612545606384,1.0,0.9981770833333332,0.9488284606070124,0.1822916666666666,392
2021,1,Ferry-1,Plant 2,Product B,125,455,single_7.5h,900,707,1.6,1.553846153846154,0.9505612545606384,0.6890838206627685,0.9977369165487976,0.6535340243343809,0.2263083451202263,393
2021,1,Ferry-4,Plant 2,Product B,150,455,single_7.5h,700,1044,4.1,2.2945054945054943,0.9505612545606384,1.0,0.996072796934866,0.9468282074881302,0.3927203065134099,394
2021,1,Ferry-9,Plant 2,Product A,100,455,single_7.5h,700,720,3.8,1.5824175824175823,0.9505612545606384,0.7100591715976331,0.9947222222222222,0.671392475854368,0.5277777777777778,395
2021,2,Ferry-1,Plant 2,Product A,100,455,single_7.5h,800,800,1.2,1.7582417582417582,0.9505612545606384,0.7797270955165696,0.9985,0.7400665985799595,0.15,396
2021,2,Ferry-4,Plant 2,Product C,100,455,single_7.5h,700,862,7.0,1.8945054945054944,0.9505612545606384,0.8259473961577157,0.991879350348028,0.7787379606662636,0.8120649651972157,397
2021,2,Ferry-3,Plant 2,Product C,100,455,single_7.5h,800,923,1.4,2.0285714285714285,0.9505612545606384,0.91025641025641,0.9984832069339112,0.8639420633166511,0.151679306608884,398
2021,2,Ferry-1,Plant 1,Product C,125,455,single_7.5h,900,569,1.2,1.2505494505494503,0.9505612545606384,0.5545808966861601,0.997891036906854,0.5260513453601664,0.210896309314587,399
2021,2,Ferry-9,Plant 1,Product B,125,455,single_7.5h,800,913,2.3,2.0065934065934066,0.9505612545606384,0.9003944773175542,0.9974808324205916,0.8537239985486917,0.2519167579408543,400
2021,2,Ferry-6,Plant 1,Product B,125,455,single_7.5h,800,888,2.3,1.951648351648352,0.9505612545606384,0.8996960486322191,0.99740990990991,0.8530011176943848,0.259009009009009,401
2021,2,Ferry-1,Plant 1,Product B,125,455,single_7.5h,800,480,1.9,1.054945054945055,0.9505612545606384,0.4678362573099418,0.9960416666666668,0.4429467210579352,0.3958333333333332,402
2021,2,Ferry-4,Plant 2,Product B,125,455,single_7.5h,1000,580,1.2,1.2747252747252746,0.9505612545606384,0.5557418674843099,0.9979310344827588,0.5271737212089278,0.2068965517241379,403
2021,2,Ferry-1,Plant 2,Product B,120,455,single_7.5h,800,960,2.1,2.10989010989011,0.9505612545606384,0.9356725146198837,0.9978125,0.887468446143895,0.21875,404
2021,2,Ferry-9,Plant 2,Product B,120,455,single_7.5h,800,905,1.6,1.989010989010989,0.9505612545606384,0.8925049309664694,0.998232044198895,0.8468807074655629,0.1767955801104972,405
2021,2,Ferry-1,Plant 2,Product B,120,455,single_7.5h,1000,778,4.1,1.7098901098901098,0.9505612545606384,0.758284600389864,0.9947300771208226,0.7169974219341896,0.5269922879177378,406
2021,2,Ferry-6,Plant 2,Product B,120,455,single_7.5h,1000,285,3.8,0.6263736263736264,0.9505612545606384,0.2887537993920973,0.9866666666666668,0.2708184648251788,1.3333333333333333,407
2021,2,Ferry-9,Plant 2,Product B,120,455,single_7.5h,900,628,3.6,1.3802197802197802,0.9505612545606384,0.6193293885601577,0.9942675159235668,0.5853357468911861,0.5732484076433122,408
2021,2,Ferry-9,Plant 1,Product B,120,455,single_7.5h,900,1014,1.4,2.2285714285714286,0.9505612545606384,1.0,0.99861932938856,0.9492488425720932,0.1380670611439842,409
2021,2,Ferry-3,Plant 1,Product B,150,455,single_7.5h,800,1152,1.2,2.531868131868132,0.9505612545606384,1.0,0.9989583333333332,0.9495710865871376,0.1041666666666666,410
2021,2,Ferry-1,Plant 1,Product A,150,455,single_7.5h,900,707,2.3,1.553846153846154,0.9505612545606384,0.6890838206627685,0.9967468175388968,0.6528854932640179,0.3253182461103253,411
2021,2,Ferry-1,Plant 1,Product A,150,455,single_7.5h,1000,1044,2.3,2.2945054945054943,0.9505612545606384,1.0,0.9977969348659004,0.94846710620289,0.2203065134099616,412
2021,2,Ferry-4,Plant 2,Product B,125,455,single_7.5h,800,711,1.9,1.5626373626373626,0.9505612545606384,0.6812628754850765,0.9973277074542898,0.6458515648052018,0.2672292545710267,413
2021,2,Ferry-4,Plant 2,Product B,125,455,single_7.5h,700,803,1.2,1.7648351648351648,0.9505612545606384,0.7694150337756911,0.998505603985056,0.730283154224807,0.149439601494396,414
2021,2,Ferry-9,Plant 2,Product B,150,455,single_7.5h,800,862,2.1,1.8945054945054944,0.9505612545606384,0.8500986193293885,0.9975638051044085,0.8061021921071923,0.2436194895591647,415
2021,2,Ferry-4,Plant 2,Product B,100,455,single_7.5h,1000,923,7.0,2.0285714285714285,0.9505612545606384,0.8843961098069276,0.9924160346695556,0.8342970432401138,0.7583965330444203,416
2021,2,Ferry-3,Plant 1,Product C,100,455,single_7.5h,700,569,1.4,1.2505494505494503,0.9505612545606384,0.5611439842209072,0.9975395430579964,0.5320893176416354,0.2460456942003515,417
2021,2,Ferry-4,Plant 1,Product B,100,455,single_7.5h,700,911,1.2,2.002197802197802,0.9505612545606384,0.8728980022038041,0.9986827661909988,0.8286500545194933,0.1317233809001097,418
2021,2,Ferry-6,Plant 1,Product B,100,455,single_7.5h,800,670,2.3,1.4725274725274726,0.9505612545606384,0.6788247213779129,0.9965671641791044,0.6430493917630582,0.3432835820895522,419
2021,2,Ferry-4,Plant 1,Product B,125,455,single_7.5h,800,789,2.3,1.734065934065934,0.9505612545606384,0.7560005749053802,0.997084917617237,0.7165300042761983,0.291508238276299,420
2021,2,Ferry-1,Plant 1,Product B,125,455,single_7.5h,900,768,1.9,1.687912087912088,0.9505612545606384,0.7485380116959068,0.9975260416666668,0.7097709328644303,0.2473958333333333,421
2021,2,Ferry-6,Plant 1,Product C,125,455,single_7.5h,600,567,1.2,1.2461538461538462,0.9505612545606384,0.574468085106383,0.997883597883598,0.5449114061098372,0.2116402116402116,422
2021,2,Ferry-9,Plant 1,Product C,125,455,single_7.5h,800,960,2.1,2.10989010989011,0.9505612545606384,0.9467455621301776,0.9978125,0.8979710313053605,0.21875,423
2021,3,Ferry-9,Plant 1,Product C,125,455,single_7.5h,900,905,1.6,1.989010989010989,0.9505612545606384,0.8925049309664694,0.998232044198895,0.8468807074655629,0.1767955801104972,424
2021,3,Ferry-3,Plant 2,Product C,100,455,single_7.5h,900,989,4.1,2.173626373626373,0.9505612545606384,0.9753451676528596,0.9958543983822042,0.92328183394159,0.4145601617795753,425
2021,3,Ferry-1,Plant 2,Product B,100,455,single_7.5h,900,285,3.8,0.6263736263736264,0.9505612545606384,0.2777777777777779,0.9866666666666668,0.2605241956943974,1.3333333333333333,426
2021,3,Ferry-1,Plant 2,Product B,100,455,single_7.5h,900,628,1.2,1.3802197802197802,0.9505612545606384,0.6120857699805072,0.9980891719745224,0.5807132498621916,0.1910828025477707,427
2021,3,Ferry-9,Plant 2,Product B,150,455,single_7.5h,800,1014,4.0,2.2285714285714286,0.9505612545606384,1.0,0.9960552268244576,0.9468115060219376,0.3944773175542406,428
2021,3,Ferry-4,Plant 2,Product B,150,455,single_7.5h,700,1152,1.4,2.531868131868132,0.9505612545606384,1.0,0.9987847222222224,0.9494060585915544,0.1215277777777777,429
2021,3,Ferry-4,Plant 2,Product B,150,455,single_7.5h,700,707,1.2,1.553846153846154,0.9505612545606384,0.6774301729507021,0.9983026874115984,0.6428459095184198,0.1697312588401697,430
2021,3,Ferry-3,Plant 2,Product B,125,455,single_7.5h,800,1044,2.3,2.2945054945054943,0.9505612545606384,1.0,0.9977969348659004,0.94846710620289,0.2203065134099616,431
2021,3,Ferry-4,Plant 1,Product B,125,455,single_7.5h,700,702,2.3,1.542857142857143,0.9505612545606384,0.6726392947827338,0.9967236467236468,0.6372900012610346,0.3276353276353276,432
2021,3,Ferry-3,Plant 1,Product B,150,455,single_7.5h,800,803,1.9,1.7648351648351648,0.9505612545606384,0.791913214990138,0.9976338729763388,0.7509808885882914,0.236612702366127,433
2021,3,Ferry-4,Plant 1,Product C,100,455,single_7.5h,800,862,1.2,1.8945054945054944,0.9505612545606384,0.8259473961577157,0.9986078886310904,0.7840206275339411,0.1392111368909512,434
2021,3,Ferry-1,Plant 1,Product C,125,455,single_7.5h,900,923,2.1,2.0285714285714285,0.9505612545606384,0.8996101364522422,0.9977248104008668,0.8531889467104213,0.2275189599133261,435
2021,3,Ferry-4,Plant 1,Product C,100,455,single_7.5h,900,569,1.6,1.2505494505494503,0.9505612545606384,0.5452019355147798,0.9971880492091388,0.5167905484000443,0.281195079086116,436
2021,3,Ferry-6,Plant 1,Product C,100,455,single_7.5h,700,911,4.1,2.002197802197802,0.9505612545606384,0.922998986828774,0.9954994511525797,0.8734184415005501,0.4500548847420417,437
2021,3,Ferry-9,Plant 1,Product A,125,455,single_7.5h,800,890,3.8,1.956043956043956,0.9505612545606384,0.8777120315581853,0.9957303370786516,0.8307567887491496,0.4269662921348314,438
2021,3,Ferry-4,Plant 1,Product A,125,455,single_7.5h,800,678,3.6,1.49010989010989,0.9505612545606384,0.6496430795764864,0.9946902654867256,0.6142466440623721,0.5309734513274336,439
2021,3,Ferry-6,Plant 2,Product A,125,455,single_7.5h,700,890,1.4,1.956043956043956,0.9505612545606384,0.9017223910840932,0.9984269662921348,0.8557940534980581,0.1573033707865168,440
2021,3,Ferry-9,Plant 2,Product C,100,455,single_7.5h,600,960,1.2,2.10989010989011,0.9505612545606384,0.9467455621301776,0.99875,0.8988147247265682,0.125,441
2021,3,Ferry-9,Plant 2,Product C,125,455,single_7.5h,800,905,2.3,1.989010989010989,0.9505612545606384,0.8925049309664694,0.9974585635359116,0.8462245014712902,0.2541436464088398,442
2021,3,Ferry-3,Plant 2,Product C,100,455,single_7.5h,900,899,2.3,1.975824175824176,0.9505612545606384,0.8865877712031558,0.9974416017797552,0.840599878663239,0.2558398220244716,443
2021,3,Ferry-9,Plant 2,Product C,100,455,single_7.5h,900,285,1.9,0.6263736263736264,0.9505612545606384,0.2810650887573964,0.9933333333333332,0.2653884528265451,0.6666666666666666,444
2021,3,Ferry-1,Plant 2,Product A,125,455,single_7.5h,900,628,1.2,1.3802197802197802,0.9505612545606384,0.6120857699805072,0.9980891719745224,0.5807132498621916,0.1910828025477707,445
2021,3,Ferry-4,Plant 2,Product A,125,455,single_7.5h,800,1014,2.1,2.2285714285714286,0.9505612545606384,0.9715900924639488,0.9979289940828402,0.9216432074832656,0.2071005917159763,446
2021,3,Ferry-4,Plant 2,Product A,125,455,single_7.5h,900,1152,1.6,2.531868131868132,0.9505612545606384,1.0,0.9986111111111112,0.9492410305959708,0.1388888888888889,447
2021,3,Ferry-4,Plant 2,Product A,100,455,single_7.5h,700,707,4.1,1.553846153846154,0.9505612545606384,0.6774301729507021,0.9942008486562942,0.640204576084581,0.5799151343705798,448
2021,3,Ferry-3,Plant 2,Product C,125,455,single_7.5h,1000,1044,3.8,2.2945054945054943,0.9505612545606384,1.0,0.996360153256705,0.9471013572739236,0.3639846743295019,449
2021,3,Ferry-9,Plant 1,Product C,125,455,single_7.5h,800,700,1.2,1.5384615384615383,0.9505612545606384,0.690335305719921,0.9982857142857144,0.6550810697110198,0.1714285714285714,450
2021,3,Ferry-4,Plant 1,Product C,150,455,single_7.5h,700,803,6.0,1.7648351648351648,0.9505612545606384,0.7694150337756911,0.9925280199252802,0.7259112919894877,0.7471980074719801,451
2021,3,Ferry-1,Plant 1,Product C,100,455,single_7.5h,800,862,1.4,1.8945054945054944,0.9505612545606384,0.8401559454191038,0.9983758700696056,0.7973226273634365,0.1624129930394431,452
2021,3,Ferry-4,Plant 1,Product C,100,455,single_7.5h,1000,923,1.2,2.0285714285714285,0.9505612545606384,0.8843961098069276,0.9986998916576382,0.8395797101077915,0.1300108342361863,453
2021,3,Ferry-3,Plant 1,Product C,100,455,single_7.5h,800,569,2.3,1.2505494505494503,0.9505612545606384,0.5611439842209072,0.9959578207381372,0.5312456242204278,0.4042179261862916,454
2021,4,Ferry-1,Plant 1,Product C,100,455,single_7.5h,1000,876,1.2,1.925274725274725,0.9505612545606384,0.8538011695906437,0.9986301369863012,0.8104785433622289,0.136986301369863,455
2021,4,Ferry-4,Plant 2,Product C,125,455,single_7.5h,800,568,5.0,1.2483516483516484,0.9505612545606384,0.5442437598811862,0.9911971830985916,0.5127830080176683,0.8802816901408451,456
2021,4,Ferry-6,Plant 2,Product A,125,455,single_7.5h,700,946,4.0,2.07912087912088,0.9505612545606384,0.9584599797365758,0.9957716701902748,0.9072225955381172,0.4228329809725158,457
2021,4,Ferry-9,Plant 2,Product A,125,455,single_7.5h,700,678,1.2,1.49010989010989,0.9505612545606384,0.6686390532544377,0.9982300884955752,0.6344574527481657,0.1769911504424778,458
2021,4,Ferry-9,Plant 2,Product A,125,455,single_7.5h,600,960,2.3,2.10989010989011,0.9505612545606384,0.9467455621301776,0.9976041666666666,0.8977835438784254,0.2395833333333333,459
2021,4,Ferry-3,Plant 2,Product A,125,455,single_7.5h,800,905,2.3,1.989010989010989,0.9505612545606384,0.8925049309664694,0.9974585635359116,0.8462245014712902,0.2541436464088398,460
2021,4,Ferry-1,Plant 2,Product A,120,455,single_7.5h,900,902,1.9,1.9824175824175825,0.9505612545606384,0.8791423001949323,0.9978935698447894,0.8339183091910636,0.2106430155210643,461
2021,4,Ferry-1,Plant 2,Product C,120,455,single_7.5h,900,285,1.2,0.6263736263736264,0.9505612545606384,0.2777777777777779,0.9957894736842106,0.2629330253843171,0.4210526315789473,462
2021,4,Ferry-3,Plant 2,Product C,120,455,single_7.5h,900,628,2.1,1.3802197802197802,0.9505612545606384,0.6193293885601577,0.996656050955414,0.5867419025931988,0.3343949044585987,463
2021,4,Ferry-4,Plant 2,Product C,120,455,single_7.5h,1200,1014,1.6,2.2285714285714286,0.9505612545606384,0.9715900924639488,0.998422090729783,0.9220986097994448,0.1577909270216962,464
2021,4,Ferry-4,Plant 2,Product C,120,455,single_7.5h,900,1152,4.1,2.531868131868132,0.9505612545606384,1.0,0.9964409722222224,0.947178180651178,0.3559027777777777,465
2021,4,Ferry-9,Plant 1,,120,455,single_7.5h,700,707,3.8,1.553846153846154,0.9505612545606384,0.6972386587771204,0.9946251768033946,0.6592057931035907,0.5374823196605374,466
2021,4,Ferry-9,Plant 1,Product A,150,455,single_7.5h,1000,1044,1.2,2.2945054945054943,0.9505612545606384,1.0,0.9988505747126436,0.9494686554174652,0.1149425287356321,467
2021,4,Ferry-4,Plant 1,Product A,150,455,single_7.5h,800,700,6.0,1.5384615384615383,0.9505612545606384,0.6707229435155464,0.9914285714285714,0.6320984148565928,0.8571428571428572,468
2021,4,Ferry-6,Plant 1,Product A,150,455,single_7.5h,700,803,1.4,1.7648351648351648,0.9505612545606384,0.8135764944275583,0.9982565379825654,0.7720059793878499,0.174346201743462,469
2021,4,Ferry-4,Plant 1,Product A,125,455,single_7.5h,1000,862,1.2,1.8945054945054944,0.9505612545606384,0.8259473961577157,0.9986078886310904,0.7840206275339411,0.1392111368909512,470
2021,4,Ferry-4,Plant 1,Product A,125,455,single_7.5h,800,923,2.3,2.0285714285714285,0.9505612545606384,0.8843961098069276,0.9975081256771398,0.8385778250121975,0.2491874322860238,471
2021,4,Ferry-4,Plant 1,Product C,150,455,single_7.5h,700,569,2.3,1.2505494505494503,0.9505612545606384,0.5452019355147798,0.9959578207381372,0.5161529851573936,0.4042179261862916,472
2021,4,Ferry-1,Plant 2,Product C,100,455,single_7.5h,900,678,1.9,1.49010989010989,0.9505612545606384,0.6608187134502927,0.997197640117994,0.6263883666749006,0.28023598820059,473
2021,4,Ferry-4,Plant 2,Product C,100,455,single_7.5h,700,905,1.2,1.989010989010989,0.9505612545606384,0.8671489484022422,0.9986740331491712,0.8231852267253438,0.1325966850828729,474
2021,4,Ferry-1,Plant 2,Product C,100,455,single_7.5h,700,900,2.1,1.978021978021978,0.9505612545606384,0.8771929824561409,0.9976666666666668,0.8318800686842084,0.2333333333333333,475
2021,4,Ferry-6,Plant 2,Product B,100,455,single_7.5h,800,285,1.6,0.6263736263736264,0.9505612545606384,0.2887537993920973,0.9943859649122808,0.2729372437107243,0.5614035087719299,476
2021,4,Ferry-9,Plant 2,Product B,125,455,single_7.5h,700,628,4.1,1.3802197802197802,0.9505612545606384,0.6193293885601577,0.9934713375796178,0.5848670283238484,0.6528662420382165,477
2021,4,Ferry-9,Plant 2,Product B,125,455,single_7.5h,800,1040,1.2,2.2857142857142856,0.9505612545606384,1.0,0.9988461538461538,0.9494644531130684,0.1153846153846153,478
2021,4,Ferry-3,Plant 2,Product B,125,455,single_7.5h,900,1152,5.0,2.531868131868132,0.9505612545606384,1.0,0.9956597222222222,0.9464355546710524,0.4340277777777778,479
2021,4,Ferry-1,Plant 2,Product B,125,455,single_7.5h,900,707,4.0,1.553846153846154,0.9505612545606384,0.6890838206627685,0.9943422913719944,0.6513104892359936,0.5657708628005658,480
2021,4,Ferry-1,Plant 2,Product B,125,455,single_7.5h,900,1044,1.2,2.2945054945054943,0.9505612545606384,1.0,0.9988505747126436,0.9494686554174652,0.1149425287356321,481
2021,4,Ferry-9,Plant 2,Product B,100,455,single_7.5h,800,704,2.3,1.5472527472527473,0.9505612545606384,0.6942800788954635,0.9967329545454544,0.6577996374015779,0.3267045454545454,482
2021,4,Ferry-6,Plant 2,Product B,100,455,single_7.5h,900,803,2.3,1.7648351648351648,0.9505612545606384,0.8135764944275583,0.9971357409713574,0.7711392062073994,0.286425902864259,483
2021,4,Ferry-4,Plant 1,Product A,100,455,single_7.5h,1000,862,1.9,1.8945054945054944,0.9505612545606384,0.8259473961577157,0.9977958236658931,0.7833830642912903,0.2204176334106728,484
2021,5,Ferry-1,Plant 1,Product A,100,455,single_7.5h,700,923,1.2,2.0285714285714285,0.9505612545606384,0.8996101364522422,0.9986998916576382,0.8540227723723167,0.1300108342361863,485
2021,5,Ferry-9,Plant 1,Product A,100,455,single_7.5h,700,569,2.1,1.2505494505494503,0.9505612545606384,0.5611439842209072,0.9963093145869948,0.5314331116473627,0.3690685413005273,486
2021,5,Ferry-3,Plant 1,Product A,150,455,single_7.5h,700,987,1.6,2.169230769230769,0.9505612545606384,0.9733727810650886,0.9983789260385004,0.923750552508928,0.1621073961499493,487
2021,5,Ferry-9,Plant 1,Product A,150,455,single_7.5h,900,960,4.1,2.10989010989011,0.9505612545606384,0.9467455621301776,0.9957291666666668,0.8960961570360101,0.4270833333333333,488
2021,5,Ferry-6,Plant 1,Product B,150,455,single_7.5h,1100,905,3.8,1.989010989010989,0.9505612545606384,0.9169199594731512,0.9958011049723756,0.8679288780243642,0.4198895027624309,489
2021,5,Ferry-9,Plant 1,Product B,125,455,single_7.5h,800,1220,1.2,2.681318681318681,0.9505612545606384,1.0,0.9990163934426228,0.949626276277464,0.0983606557377049,490
2021,5,Ferry-9,Plant 1,Product B,125,455,single_7.5h,600,285,7.0,0.6263736263736264,0.9505612545606384,0.2810650887573964,0.975438596491228,0.2606075234397016,2.456140350877193,491
2021,5,Ferry-3,Plant 2,Product B,150,455,single_7.5h,1000,628,1.4,1.3802197802197802,0.9505612545606384,0.6193293885601577,0.9977707006369426,0.5873981085874714,0.2229299363057325,492
2021,5,Ferry-1,Plant 2,Product C,100,455,single_7.5h,800,1200,1.2,2.6373626373626373,0.9505612545606384,1.0,0.999,0.9496106933060778,0.1,493
2021,5,Ferry-1,Plant 2,Product C,125,455,single_7.5h,800,1152,2.3,2.531868131868132,0.9505612545606384,1.0,0.9980034722222222,0.9486634326114288,0.1996527777777777,494
2021,5,Ferry-4,Plant 2,Product C,100,455,single_7.5h,1000,707,2.3,1.553846153846154,0.9505612545606384,0.6774301729507021,0.9967468175388968,0.6418440244228257,0.3253182461103253,495
2021,5,Ferry-4,Plant 2,Product C,100,455,single_7.5h,1000,1044,1.9,2.2945054945054943,0.9505612545606384,1.0,0.9981800766283524,0.9488313059172808,0.1819923371647509,496
2021,5,Ferry-9,Plant 2,Product C,125,455,single_7.5h,900,780,1.2,1.7142857142857142,0.9505612545606384,0.7692307692307692,0.9984615384615384,0.7300760404850347,0.1538461538461538,497
2021,5,Ferry-9,Plant 2,Product B,125,455,single_7.5h,900,800,2.1,1.7582417582417582,0.9505612545606384,0.7889546351084812,0.997375,0.7479810897573307,0.2625,498
2021,5,Ferry-4,Plant 2,Product A,125,455,single_7.5h,800,862,1.6,1.8945054945054944,0.9505612545606384,0.8259473961577157,0.9981438515081208,0.7836563056809979,0.185614849187935,499
2021,5,Ferry-3,Plant 2,Product A,100,455,single_7.5h,900,923,4.1,2.0285714285714285,0.9505612545606384,0.91025641025641,0.995557963163597,0.8614109830530282,0.4442036836403034,500
2021,5,Ferry-9,Plant 1,Product A,125,455,single_7.5h,1000,569,3.8,1.2505494505494503,0.9505612545606384,0.5611439842209072,0.9933216168717048,0.5298394685184149,0.6678383128295254,501
2021,5,Ferry-3,Plant 1,Product B,100,455,single_7.5h,800,911,3.6,2.002197802197802,0.9505612545606384,0.898422090729783,0.9960482985729968,0.8506304560042636,0.3951701427003293,502
2021,5,Ferry-1,Plant 1,Product B,100,455,single_7.5h,700,888,1.4,1.951648351648352,0.9505612545606384,0.8654970760233925,0.9984234234234234,0.8214109242626343,0.1576576576576576,503
2021,5,Ferry-4,Plant 1,Product B,125,455,single_7.5h,800,480,1.2,1.054945054945055,0.9505612545606384,0.4599243041249461,0.9975,0.4360932579731076,0.25,504
2021,5,Ferry-4,Plant 1,Product B,125,455,single_7.5h,1000,580,2.3,1.2747252747252746,0.9505612545606384,0.5557418674843099,0.9960344827586208,0.5261718361133338,0.396551724137931,505
2021,5,Ferry-4,Plant 1,Product C,125,455,single_7.5h,700,960,2.3,2.10989010989011,0.9505612545606384,0.9198486082498925,0.9976041666666666,0.872277596409451,0.2395833333333333,506
2021,5,Ferry-3,Plant 1,Product C,100,455,single_7.5h,700,905,1.9,1.989010989010989,0.9505612545606384,0.8925049309664694,0.9979005524861878,0.8465994763251603,0.2099447513812154,507
2021,5,Ferry-1,Plant 1,Product C,125,455,single_7.5h,800,778,1.2,1.7098901098901098,0.9505612545606384,0.758284600389864,0.998457583547558,0.7196841935114078,0.1542416452442159,508
2021,5,Ferry-6,Plant 2,Product C,125,455,single_7.5h,800,285,2.1,0.6263736263736264,0.9505612545606384,0.2887537993920973,0.9926315789473684,0.2724557030549185,0.736842105263158,509
2021,5,Ferry-9,Plant 2,Product B,150,455,single_7.5h,900,628,1.6,1.3802197802197802,0.9505612545606384,0.6193293885601577,0.9974522292993632,0.5872106211605364,0.2547770700636943,510
2021,5,Ferry-9,Plant 2,Product B,100,455,single_7.5h,600,1014,4.1,2.2285714285714286,0.9505612545606384,1.0,0.995956607495069,0.9467177623084702,0.4043392504930966,511
2021,5,Ferry-6,Plant 2,Product A,100,455,single_7.5h,800,1152,3.8,2.531868131868132,0.9505612545606384,1.0,0.9967013888888888,0.947425722644553,0.3298611111111111,512
2021,5,Ferry-1,Plant 2,Product A,100,455,single_7.5h,900,707,1.2,1.553846153846154,0.9505612545606384,0.6890838206627685,0.9983026874115984,0.6539046135174456,0.1697312588401697,513
2021,5,Ferry-1,Plant 2,Product A,100,455,single_7.5h,900,1044,8.0,2.2945054945054943,0.9505612545606384,1.0,0.992337164750958,0.9432772602728176,0.7662835249042145,514
2021,5,Ferry-4,Plant 1,Product A,125,455,single_7.5h,900,707,1.4,1.553846153846154,0.9505612545606384,0.6774301729507021,0.998019801980198,0.6426637485919482,0.198019801980198,515
2021,6,Ferry-6,Plant 1,Product A,125,455,single_7.5h,900,862,1.2,1.8945054945054944,0.9505612545606384,0.8733535967578521,0.9986078886310904,0.829020393035256,0.1392111368909512,516
2021,6,Ferry-9,Plant 1,Product C,125,455,single_7.5h,800,923,2.3,2.0285714285714285,0.9505612545606384,0.91025641025641,0.9975081256771398,0.8630983698954434,0.2491874322860238,517
2021,6,Ferry-9,Plant 1,Product C,125,455,single_7.5h,700,569,1.2,1.2505494505494503,0.9505612545606384,0.5611439842209072,0.997891036906854,0.5322768050685703,0.210896309314587,518
2021,6,Ferry-3,Plant 1,Product C,125,455,single_7.5h,700,911,5.0,2.002197802197802,0.9505612545606384,0.898422090729783,0.9945115257958288,0.8493180440157183,0.5488474204171241,519
2021,6,Ferry-9,Plant 1,Product C,120,455,single_7.5h,800,670,4.0,1.4725274725274726,0.9505612545606384,0.6607495069033531,0.9940298507462688,0.6243331316936739,0.5970149253731344,520
2021,6,Ferry-9,Plant 1,Product C,120,455,single_7.5h,700,789,1.2,1.734065934065934,0.9505612545606384,0.7781065088757395,0.9984790874524716,0.7385129746971113,0.1520912547528517,521
2021,6,Ferry-9,Plant 2,Product C,120,455,single_7.5h,800,768,2.3,1.687912087912088,0.9505612545606384,0.757396449704142,0.9970052083333332,0.7177956140207897,0.2994791666666666,522
2021,6,Ferry-9,Plant 2,Product C,120,455,single_7.5h,800,567,2.3,1.2461538461538462,0.9505612545606384,0.5591715976331361,0.9959435626102292,0.5293707499510775,0.4056437389770723,523
2021,6,Ferry-3,Plant 2,Product A,120,455,single_7.5h,900,960,1.9,2.10989010989011,0.9505612545606384,0.9467455621301776,0.9980208333333334,0.8981585187322956,0.1979166666666666,524
2021,6,Ferry-3,Plant 2,Product A,120,455,single_7.5h,900,905,1.2,1.989010989010989,0.9505612545606384,0.8925049309664694,0.9986740331491712,0.8472556823194329,0.1325966850828729,525
2021,6,Ferry-4,Plant 2,Product A,150,455,single_7.5h,700,888,2.1,1.951648351648352,0.9505612545606384,0.8508599626311506,0.9976351351351352,0.8068818238061323,0.2364864864864865,526
2021,6,Ferry-4,Plant 2,Product A,150,455,single_7.5h,800,777,1.6,1.7076923076923076,0.9505612545606384,0.7445024673022566,0.997940797940798,0.7062379119305506,0.2059202059202059,527
2021,6,Ferry-4,Plant 2,Product A,150,455,single_7.5h,800,628,4.1,1.3802197802197802,0.9505612545606384,0.6017342978968045,0.9934713375796178,0.5682510101282828,0.6528662420382165,528
2021,6,Ferry-4,Plant 1,Product A,125,455,single_7.5h,700,1014,3.8,2.2285714285714286,0.9505612545606384,0.9715900924639488,0.9962524654832348,0.9200948396082568,0.3747534516765285,529
2021,6,Ferry-4,Plant 1,Product A,125,455,single_7.5h,600,1152,1.2,2.531868131868132,0.9505612545606384,1.0,0.9989583333333332,0.9495710865871376,0.1041666666666666,530
2021,6,Ferry-6,Plant 1,Product A,150,455,single_7.5h,800,707,7.0,1.553846153846154,0.9505612545606384,0.7163120567375888,0.99009900990099,0.6741569181281125,0.99009900990099,531
2021,6,Ferry-9,Plant 1,Product A,100,455,single_7.5h,900,1044,1.4,2.2945054945054943,0.9505612545606384,1.0,0.9986590038314176,0.9492865555602698,0.1340996168582375,532
2021,6,Ferry-9,Plant 1,Product A,100,455,single_7.5h,900,700,1.2,1.5384615384615383,0.9505612545606384,0.690335305719921,0.9982857142857144,0.6550810697110198,0.1714285714285714,533
2021,6,Ferry-3,Plant 1,Product A,100,455,single_7.5h,900,803,2.3,1.7648351648351648,0.9505612545606384,0.791913214990138,0.9971357409713574,0.7506059137344212,0.286425902864259,534
2021,6,Ferry-1,Plant 1,Product C,100,455,single_7.5h,800,862,2.3,1.8945054945054944,0.9505612545606384,0.8401559454191038,0.9973317865429234,0.7964888017015412,0.2668213457076566,535
2021,6,Ferry-1,Plant 1,Product C,125,455,single_7.5h,900,923,1.9,2.0285714285714285,0.9505612545606384,0.8996101364522422,0.9979414951245936,0.8533742413019537,0.2058504875406283,536
2021,6,Ferry-4,Plant 2,Product C,125,455,single_7.5h,700,569,1.2,1.2505494505494503,0.9505612545606384,0.5452019355147798,0.997891036906854,0.5171548702529876,0.210896309314587,537
2021,6,Ferry-4,Plant 2,Product C,125,455,single_7.5h,1000,951,2.1,2.0901098901098902,0.9505612545606384,0.9112250275475496,0.9977917981072556,0.8642625156446989,0.2208201892744479,538
2021,6,Ferry-3,Plant 2,Product C,125,455,single_7.5h,800,890,1.6,1.956043956043956,0.9505612545606384,0.8777120315581853,0.9982022471910112,0.8328191504454351,0.1797752808988764,539
2021,6,Ferry-4,Plant 2,Product A,125,455,single_7.5h,700,678,4.1,1.49010989010989,0.9505612545606384,0.6496430795764864,0.993952802359882,0.6137912417461929,0.6047197640117993,540
2021,6,Ferry-4,Plant 2,Product A,125,455,single_7.5h,800,890,3.8,1.956043956043956,0.9505612545606384,0.8527763138983376,0.9957303370786516,0.8071550651958395,0.4269662921348314,541
2021,6,Ferry-4,Plant 1,Product A,125,455,single_7.5h,1000,960,3.6,2.10989010989011,0.9505612545606384,0.9198486082498925,0.99625,0.8710935503873855,0.375,542
2021,6,Ferry-9,Plant 1,Product A,125,455,single_7.5h,800,905,1.4,1.989010989010989,0.9505612545606384,0.8925049309664694,0.9984530386740332,0.847068194892498,0.154696132596685,543
2021,6,Ferry-1,Plant 2,Product A,100,455,single_7.5h,1000,899,1.2,1.975824175824176,0.9505612545606384,0.8762183235867452,0.9986651835372636,0.8317874213884423,0.1334816462736373,544
2021,6,Ferry-6,Plant 1,Product A,100,455,single_7.5h,800,862,2.3,1.8945054945054944,0.9505612545606384,0.8733535967578521,0.9973317865429234,0.8279610035924831,0.2668213457076566,545
2021,7,Ferry-9,Plant 1,Product C,100,455,single_7.5h,700,285,2.3,0.6263736263736264,0.9505612545606384,0.2810650887573964,0.9919298245614036,0.265013477972675,0.8070175438596492,546
2021,7,Ferry-9,Plant 1,Product C,100,455,single_7.5h,700,628,1.9,1.3802197802197802,0.9505612545606384,0.6193293885601577,0.9969745222929935,0.5869293900201339,0.3025477707006369,547
2021,7,Ferry-3,Plant 1,Product C,100,455,single_7.5h,600,1014,1.2,2.2285714285714286,0.9505612545606384,1.0,0.9988165680473372,0.9494363299990284,0.1183431952662722,548
2021,7,Ferry-1,Plant 1,Product C,100,455,single_7.5h,800,1152,2.1,2.531868131868132,0.9505612545606384,1.0,0.9981770833333332,0.9488284606070124,0.1822916666666666,549
2021,7,Ferry-1,Plant 2,Product C,100,455,single_7.5h,900,707,1.6,1.553846153846154,0.9505612545606384,0.6890838206627685,0.9977369165487976,0.6535340243343809,0.2263083451202263,550
2021,7,Ferry-9,Plant 2,Product C,125,455,single_7.5h,900,1044,4.1,2.2945054945054943,0.9505612545606384,1.0,0.996072796934866,0.9468282074881302,0.3927203065134099,551
2021,7,Ferry-6,Plant 1,Product A,125,455,single_7.5h,900,709,3.8,1.5582417582417585,0.9505612545606384,0.7183383991894632,0.9946403385049364,0.6791649409484928,0.5359661495063469,552
2021,7,Ferry-3,Plant 1,Product A,150,455,single_7.5h,1200,803,1.2,1.7648351648351648,0.9505612545606384,0.791913214990138,0.998505603985056,0.751637094582564,0.149439601494396,553
2021,7,Ferry-9,Plant 1,Product A,150,455,single_7.5h,900,862,7.0,1.8945054945054944,0.9505612545606384,0.8500986193293885,0.991879350348028,0.8015087501472838,0.8120649651972157,554
2021,7,Ferry-3,Plant 1,Product A,150,455,single_7.5h,700,923,1.4,2.0285714285714285,0.9505612545606384,0.91025641025641,0.9984832069339112,0.8639420633166511,0.151679306608884,555
2021,7,Ferry-1,Plant 2,Product A,125,455,single_7.5h,1000,569,1.2,1.2505494505494503,0.9505612545606384,0.5545808966861601,0.997891036906854,0.5260513453601664,0.210896309314587,556
2021,7,Ferry-1,Plant 1,Product A,125,455,single_7.5h,800,876,2.3,1.925274725274725,0.9505612545606384,0.8538011695906437,0.9973744292237444,0.8094594231088014,0.2625570776255707,557
2021,7,Ferry-4,Plant 1,Product C,150,455,single_7.5h,700,568,2.3,1.2483516483516484,0.9505612545606384,0.5442437598811862,0.995950704225352,0.5152421805250355,0.4049295774647887,558
2021,7,Ferry-4,Plant 1,Product C,100,455,single_7.5h,1000,946,1.9,2.07912087912088,0.9505612545606384,0.9064341493795816,0.9979915433403804,0.8598906534093796,0.200845665961945,559
2021,7,Ferry-4,Plant 2,Product C,125,455,single_7.5h,800,678,1.2,1.49010989010989,0.9505612545606384,0.6496430795764864,0.9982300884955752,0.6164325751800317,0.1769911504424778,560
2021,7,Ferry-4,Plant 2,Product C,100,455,single_7.5h,700,960,5.0,2.10989010989011,0.9505612545606384,0.9198486082498925,0.9947916666666666,0.8698184239020839,0.5208333333333333,561
2021,7,Ferry-4,Plant 2,Product C,100,455,single_7.5h,900,905,4.0,1.989010989010989,0.9505612545606384,0.8671489484022422,0.9955801104972376,0.8206349737547408,0.4419889502762431,562
2021,7,Ferry-4,Plant 2,Product C,125,455,single_7.5h,700,678,1.2,1.49010989010989,0.9505612545606384,0.6496430795764864,0.9982300884955752,0.6164325751800317,0.1769911504424778,563
2021,7,Ferry-4,Plant 1,Product C,125,455,single_7.5h,700,285,2.3,0.6263736263736264,0.9505612545606384,0.2730800555741868,0.9919298245614036,0.257484469567664,0.8070175438596492,564
2021,7,Ferry-1,Plant 1,Product C,125,455,single_7.5h,800,628,2.3,1.3802197802197802,0.9505612545606384,0.6120857699805072,0.9963375796178344,0.5796941296087641,0.3662420382165605,565
2021,7,Ferry-6,Plant 1,Product A,100,455,single_7.5h,700,1014,1.9,2.2285714285714286,0.9505612545606384,1.0,0.9981262327416174,0.9487801240047556,0.1873767258382642,566
2021,7,Ferry-9,Plant 1,Product A,125,455,single_7.5h,800,1152,1.2,2.531868131868132,0.9505612545606384,1.0,0.9989583333333332,0.9495710865871376,0.1041666666666666,567
2021,7,Ferry-9,Plant 1,Product A,100,455,single_7.5h,900,707,2.1,1.553846153846154,0.9505612545606384,0.6972386587771204,0.997029702970297,0.6607994362325386,0.297029702970297,568
2021,7,Ferry-3,Plant 1,Product A,100,455,single_7.5h,900,1044,1.6,2.2945054945054943,0.9505612545606384,1.0,0.9984674329501916,0.9491044557030742,0.1532567049808429,569
2021,7,Ferry-1,Plant 2,Product A,125,455,single_7.5h,900,700,4.1,1.5384615384615383,0.9505612545606384,0.6822612085769983,0.9941428571428572,0.644732531236597,0.5857142857142856,570
2021,7,Ferry-3,Plant 2,Product A,125,455,single_7.5h,800,803,3.8,1.7648351648351648,0.9505612545606384,0.791913214990138,0.9952677459526774,0.7491997580324085,0.473225404732254,571
2021,7,Ferry-9,Plant 2,Product A,125,455,single_7.5h,900,862,1.2,1.8945054945054944,0.9505612545606384,0.8500986193293885,0.9986078886310904,0.8069458855284,0.1392111368909512,572
2021,7,Ferry-9,Plant 1,Product C,100,455,single_7.5h,1000,923,7.0,2.0285714285714285,0.9505612545606384,0.91025641025641,0.9924160346695556,0.8586924153624701,0.7583965330444203,573
2021,7,Ferry-6,Plant 1,Product C,125,455,single_7.5h,700,569,1.4,1.2505494505494503,0.9505612545606384,0.5764944275582573,0.9975395430579964,0.546644952470738,0.2460456942003515,574
2021,7,Ferry-9,Plant 1,Product C,125,455,single_7.5h,700,768,1.2,1.687912087912088,0.9505612545606384,0.757396449704142,0.9984375,0.7188267948689324,0.15625,575
2021,7,Ferry-9,Plant 1,Product C,150,455,single_7.5h,700,905,2.3,1.989010989010989,0.9505612545606384,0.8925049309664694,0.9974585635359116,0.8462245014712902,0.2541436464088398,576
2021,8,Ferry-3,Plant 1,Product C,100,455,single_7.5h,900,900,2.3,1.978021978021978,0.9505612545606384,0.8875739644970414,0.9974444444444444,0.8415373157979144,0.2555555555555555,577
2021,8,Ferry-1,Plant 1,Product C,100,455,single_7.5h,1100,285,1.9,0.6263736263736264,0.9505612545606384,0.2777777777777779,0.9933333333333332,0.2622844943139541,0.6666666666666666,578
2021,8,Ferry-1,Plant 1,Product A,100,455,single_7.5h,800,628,1.2,1.3802197802197802,0.9505612545606384,0.6120857699805072,0.9980891719745224,0.5807132498621916,0.1910828025477707,579
2021,8,Ferry-4,Plant 1,Product A,100,455,single_7.5h,900,1100,2.1,2.417582417582417,0.9505612545606384,1.0,0.9980909090909093,0.9487465467110228,0.1909090909090909,580
2021,8,Ferry-4,Plant 2,Product A,125,455,single_7.5h,900,1152,1.6,2.531868131868132,0.9505612545606384,1.0,0.9986111111111112,0.9492410305959708,0.1388888888888889,581
2021,8,Ferry-4,Plant 2,Product A,125,455,single_7.5h,900,707,4.1,1.553846153846154,0.9505612545606384,0.6774301729507021,0.9942008486562942,0.640204576084581,0.5799151343705798,582
2021,8,Ferry-4,Plant 2,Product A,125,455,single_7.5h,1000,1044,3.8,2.2945054945054943,0.9505612545606384,1.0,0.996360153256705,0.9471013572739236,0.3639846743295019,583
2021,8,Ferry-4,Plant 2,Product A,125,455,single_7.5h,800,706,3.6,1.5516483516483517,0.9505612545606384,0.6764719973171083,0.9949008498583568,0.6397491737684018,0.509915014164306,584
2021,8,Ferry-4,Plant 2,Product A,125,455,single_7.5h,800,803,1.4,1.7648351648351648,0.9505612545606384,0.7694150337756911,0.9982565379825654,0.7301009932983354,0.174346201743462,585
2021,8,Ferry-9,Plant 2,Product A,120,455,single_7.5h,1000,862,1.2,1.8945054945054944,0.9505612545606384,0.8500986193293885,0.9986078886310904,0.8069458855284,0.1392111368909512,586
2021,8,Ferry-9,Plant 1,Product A,120,455,single_7.5h,800,923,2.3,2.0285714285714285,0.9505612545606384,0.91025641025641,0.9975081256771398,0.8630983698954434,0.2491874322860238,587
2021,8,Ferry-6,Plant 1,Product C,120,455,single_7.5h,800,569,2.3,1.2505494505494503,0.9505612545606384,0.5764944275582573,0.9959578207381372,0.5457781792902875,0.4042179261862916,588
2021,8,Ferry-9,Plant 1,Product C,120,455,single_7.5h,900,987,1.9,2.169230769230769,0.9505612545606384,0.9733727810650886,0.9980749746707194,0.9234693213685254,0.1925025329280648,589
2021,8,Ferry-9,Plant 1,Product C,120,455,single_7.5h,900,960,1.2,2.10989010989011,0.9505612545606384,0.9467455621301776,0.99875,0.8988147247265682,0.125,590
2021,8,Ferry-3,Plant 1,Product C,120,455,single_7.5h,800,905,2.1,1.989010989010989,0.9505612545606384,0.8925049309664694,0.9976795580110496,0.8464119888982253,0.2320441988950276,591
2021,8,Ferry-1,Plant 1,Product C,150,455,single_7.5h,900,1200,1.6,2.6373626373626373,0.9505612545606384,1.0,0.9986666666666668,0.9492938395545576,0.1333333333333333,592
2021,8,Ferry-1,Plant 1,Product C,150,455,single_7.5h,800,285,4.1,0.6263736263736264,0.9505612545606384,0.2777777777777779,0.9856140350877192,0.2602462538070989,1.43859649122807,593
2021,8,Ferry-4,Plant 2,Product C,150,455,single_7.5h,700,628,3.8,1.3802197802197802,0.9505612545606384,0.6017342978968045,0.9939490445859872,0.5685242515179902,0.6050955414012739,594
2021,8,Ferry-4,Plant 2,Product A,125,455,single_7.5h,700,1200,1.2,2.6373626373626373,0.9505612545606384,1.0,0.999,0.9496106933060778,0.1,595
2021,8,Ferry-4,Plant 2,Product A,125,455,single_7.5h,1000,1152,7.0,2.531868131868132,0.9505612545606384,1.0,0.9939236111111112,0.944785274715218,0.607638888888889,596
2021,8,Ferry-4,Plant 2,Product A,150,455,single_7.5h,800,707,1.4,1.553846153846154,0.9505612545606384,0.6774301729507021,0.998019801980198,0.6426637485919482,0.198019801980198,597
2021,8,Ferry-4,Plant 1,Product A,100,455,single_7.5h,800,1044,1.2,2.2945054945054943,0.9505612545606384,1.0,0.9988505747126436,0.9494686554174652,0.1149425287356321,598
2021,8,Ferry-3,Plant 1,Product A,100,455,single_7.5h,800,704,2.3,1.5472527472527473,0.9505612545606384,0.6942800788954635,0.9967329545454544,0.6577996374015779,0.3267045454545454,599
2021,8,Ferry-4,Plant 1,Product C,100,455,single_7.5h,800,800,2.3,1.7582417582417582,0.9505612545606384,0.7665405068749103,0.997125,0.7265488552321385,0.2875,600
2021,8,Ferry-4,Plant 1,Product C,100,455,single_7.5h,1000,862,1.9,1.8945054945054944,0.9505612545606384,0.8259473961577157,0.9977958236658931,0.7833830642912903,0.2204176334106728,601
2021,8,Ferry-1,Plant 1,Product C,125,455,single_7.5h,800,923,3.0,2.0285714285714285,0.9505612545606384,0.8996101364522422,0.9967497291440952,0.8523551210485261,0.3250270855904659,602
2021,8,Ferry-4,Plant 1,Product C,125,455,single_7.5h,800,569,1.4,1.2505494505494503,0.9505612545606384,0.5452019355147798,0.9975395430579964,0.516972709326516,0.2460456942003515,603
2021,8,Ferry-4,Plant 1,Product C,125,455,single_7.5h,1000,911,1.2,2.002197802197802,0.9505612545606384,0.8728980022038041,0.9986827661909988,0.8286500545194933,0.1317233809001097,604
2021,8,Ferry-4,Plant 1,Product A,125,455,single_7.5h,1000,888,2.3,1.951648351648352,0.9505612545606384,0.8508599626311506,0.99740990990991,0.8066996628796607,0.259009009009009,605
2021,8,Ferry-1,Plant 2,Product A,125,455,single_7.5h,900,480,2.3,1.054945054945055,0.9505612545606384,0.4678362573099418,0.9952083333333334,0.4425761318748706,0.4791666666666666,606
2021,8,Ferry-3,Plant 2,Product A,100,455,single_7.5h,900,580,1.9,1.2747252747252746,0.9505612545606384,0.5719921104536488,0.9967241379310344,0.5419324075557249,0.3275862068965517,607
2021,9,Ferry-4,Plant 2,Product A,100,455,single_7.5h,800,960,1.2,2.10989010989011,0.9505612545606384,0.9198486082498925,0.99875,0.8732794815050451,0.125,608
2021,9,Ferry-6,Plant 2,Product A,100,455,single_7.5h,900,905,2.1,1.989010989010989,0.9505612545606384,0.9169199594731512,0.9976795580110496,0.869566116254104,0.2320441988950276,609
2021,9,Ferry-3,Plant 2,Product A,100,455,single_7.5h,1000,778,1.6,1.7098901098901098,0.9505612545606384,0.767258382642998,0.9979434447300772,0.7278261913618141,0.2056555269922879,610
2021,9,Ferry-4,Plant 2,Product A,100,455,single_7.5h,800,285,4.1,0.6263736263736264,0.9505612545606384,0.2730800555741868,0.9856140350877192,0.2558450212294192,1.43859649122807,611
2021,9,Ferry-1,Plant 2,Product C,100,455,single_7.5h,700,628,3.8,1.3802197802197802,0.9505612545606384,0.6120857699805072,0.9939490445859872,0.5783044201722719,0.6050955414012739,612
2021,9,Ferry-4,Plant 1,Product C,150,455,single_7.5h,800,1014,1.2,2.2285714285714286,0.9505612545606384,0.9715900924639488,0.9988165680473372,0.922462931652388,0.1183431952662722,613
2021,9,Ferry-3,Plant 1,Product C,150,455,single_7.5h,1000,1152,7.0,2.531868131868132,0.9505612545606384,1.0,0.9939236111111112,0.944785274715218,0.607638888888889,614
2021,9,Ferry-1,Plant 1,Product A,150,455,single_7.5h,700,707,1.4,1.553846153846154,0.9505612545606384,0.6890838206627685,0.998019801980198,0.6537193189259133,0.198019801980198,615
2021,9,Ferry-1,Plant 1,Product A,125,455,single_7.5h,700,1044,1.2,2.2945054945054943,0.9505612545606384,1.0,0.9988505747126436,0.9494686554174652,0.1149425287356321,616
2021,9,Ferry-4,Plant 1,Product A,125,455,single_7.5h,800,706,2.3,1.5516483516483517,0.9505612545606384,0.6764719973171083,0.996742209631728,0.6409332197904674,0.3257790368271954,617
2021,9,Ferry-3,Plant 1,Product A,150,455,single_7.5h,800,803,2.3,1.7648351648351648,0.9505612545606384,0.791913214990138,0.9971357409713574,0.7506059137344212,0.286425902864259,618
2021,9,Ferry-3,Plant 1,Product A,100,455,single_7.5h,900,862,1.9,1.8945054945054944,0.9505612545606384,0.8500986193293885,0.9977958236658931,0.8062896795341272,0.2204176334106728,619
2021,9,Ferry-4,Plant 1,Product A,125,455,single_7.5h,600,923,1.2,2.0285714285714285,0.9505612545606384,0.8843961098069276,0.9986998916576382,0.8395797101077915,0.1300108342361863,620
2021,9,Ferry-1,Plant 2,Product A,100,455,single_7.5h,800,569,2.1,1.2505494505494503,0.9505612545606384,0.5545808966861601,0.9963093145869948,0.5252175196982711,0.3690685413005273,621
2021,9,Ferry-4,Plant 2,Product A,100,455,single_7.5h,900,911,1.6,2.002197802197802,0.9505612545606384,0.8728980022038041,0.9982436882546653,0.8282857326665499,0.1756311745334797,622
2021,9,Ferry-1,Plant 2,Product C,125,455,single_7.5h,900,670,4.1,1.4725274725274726,0.9505612545606384,0.6530214424951272,0.9938805970149254,0.616938342506754,0.6119402985074627,623
2021,9,Ferry-4,Plant 2,Product C,125,455,single_7.5h,900,789,3.8,1.734065934065934,0.9505612545606384,0.7560005749053802,0.9951837769328264,0.7151637973276609,0.4816223067173637,624
2021,9,Ferry-4,Plant 2,Product C,125,455,single_7.5h,900,768,3.6,1.687912087912088,0.9505612545606384,0.7358788865999139,0.9953125,0.6962190609746104,0.46875,625
2021,9,Ferry-1,Plant 2,Product C,100,455,single_7.5h,800,567,1.4,1.2461538461538462,0.9505612545606384,0.5526315789473688,0.9975308641975308,0.5240131048533114,0.2469135802469135,626
2021,9,Ferry-4,Plant 2,Product C,125,455,single_7.5h,700,960,1.2,2.10989010989011,0.9505612545606384,0.9198486082498925,0.99875,0.8732794815050451,0.125,627
2021,9,Ferry-3,Plant 2,Product C,100,455,single_7.5h,700,905,2.3,1.989010989010989,0.9505612545606384,0.8925049309664694,0.9974585635359116,0.8462245014712902,0.2541436464088398,628
2021,9,Ferry-1,Plant 2,Product A,100,455,single_7.5h,800,878,2.3,1.9296703296703297,0.9505612545606384,0.8557504873294353,0.997380410022779,0.8113123690241243,0.2619589977220956,629
2021,9,Ferry-3,Plant 2,Product A,125,455,single_7.5h,700,788,1.9,1.731868131868132,0.9505612545606384,0.777120315581854,0.9975888324873096,0.7369193315681636,0.2411167512690355,630
2021,9,Ferry-4,Plant 2,Product A,125,455,single_7.5h,800,628,1.2,1.3802197802197802,0.9505612545606384,0.6017342978968045,0.9980891719745224,0.5708923435621216,0.1910828025477707,631
2021,9,Ferry-1,Plant 2,Product A,125,455,single_7.5h,800,1014,2.1,2.2285714285714286,0.9505612545606384,0.988304093567252,0.9979289940828402,0.9374979858576128,0.2071005917159763,632
2021,9,Ferry-4,Plant 2,Product A,100,455,single_7.5h,900,1152,7.0,2.531868131868132,0.9505612545606384,1.0,0.9939236111111112,0.944785274715218,0.607638888888889,633
2021,9,Ferry-4,Plant 1,Product A,125,455,single_7.5h,900,707,1.4,1.553846153846154,0.9505612545606384,0.6774301729507021,0.998019801980198,0.6426637485919482,0.198019801980198,634
2021,9,Ferry-1,Plant 1,Product C,125,455,single_7.5h,700,1044,1.2,2.2945054945054943,0.9505612545606384,1.0,0.9988505747126436,0.9494686554174652,0.1149425287356321,635
2021,9,Ferry-4,Plant 1,Product C,150,455,single_7.5h,800,750,2.3,1.6483516483516485,0.9505612545606384,0.7186317251952284,0.9969333333333332,0.6810086236142285,0.3066666666666666,636
2021,9,Ferry-1,Plant 1,Product C,100,455,single_7.5h,800,803,2.3,1.7648351648351648,0.9505612545606384,0.7826510721247568,0.9971357409713574,0.7418268971995162,0.286425902864259,637
2021,10,Ferry-1,Plant 1,Product C,100,455,single_7.5h,700,862,1.9,1.8945054945054944,0.9505612545606384,0.8401559454191038,0.9977958236658931,0.7968593908846058,0.2204176334106728,638
2021,10,Ferry-1,Plant 1,Product A,100,455,single_7.5h,600,923,1.2,2.0285714285714285,0.9505612545606384,0.8996101364522422,0.9986998916576382,0.8540227723723167,0.1300108342361863,639
2021,10,Ferry-6,Plant 1,Product A,100,455,single_7.5h,800,769,2.1,1.69010989010989,0.9505612545606384,0.7791286727456941,0.9972691807542262,0.7385870578749277,0.2730819245773732,640
2021,10,Ferry-9,Plant 1,Product A,125,455,single_7.5h,900,911,1.6,2.002197802197802,0.9505612545606384,0.898422090729783,0.9982436882546653,0.852505330273614,0.1756311745334797,641
2021,10,Ferry-9,Plant 2,Product A,125,455,single_7.5h,900,890,4.1,1.956043956043956,0.9505612545606384,0.8777120315581853,0.9953932584269662,0.830475557608747,0.4606741573033707,642
2021,10,Ferry-3,Plant 2,Product A,125,455,single_7.5h,900,678,3.8,1.49010989010989,0.9505612545606384,0.6686390532544377,0.9943952802359882,0.6320201161980101,0.56047197640118,643
2021,10,Ferry-1,Plant 2,Product A,125,455,single_7.5h,800,890,1.2,1.956043956043956,0.9505612545606384,0.8674463937621837,0.9986516853932584,0.8234491647694892,0.1348314606741573,644
2021,10,Ferry-1,Plant 2,Product A,125,455,single_7.5h,900,960,7.0,2.10989010989011,0.9505612545606384,0.9356725146198837,0.9927083333333332,0.8829287286513539,0.7291666666666666,645
2021,10,Ferry-4,Plant 2,Product A,120,455,single_7.5h,700,905,1.4,1.989010989010989,0.9505612545606384,0.8671489484022422,0.9984530386740332,0.8230030657988722,0.154696132596685,646
2021,10,Ferry-3,Plant 2,Product A,120,455,single_7.5h,1000,899,1.2,1.975824175824176,0.9505612545606384,0.8865877712031558,0.9986651835372636,0.8416310595113818,0.1334816462736373,647
2021,10,Ferry-3,Plant 2,Product A,120,455,single_7.5h,800,285,2.3,0.6263736263736264,0.9505612545606384,0.2810650887573964,0.9919298245614036,0.265013477972675,0.8070175438596492,648
2021,10,Ferry-3,Plant 2,Product A,120,455,single_7.5h,700,628,2.3,1.3802197802197802,0.9505612545606384,0.6193293885601577,0.9963375796178344,0.5865544151662638,0.3662420382165605,649
2021,10,Ferry-4,Plant 2,Product A,120,455,single_7.5h,800,1014,1.9,2.2285714285714286,0.9505612545606384,0.9715900924639488,0.9981262327416174,0.9218253684097372,0.1873767258382642,650
2021,10,Ferry-4,Plant 2,Product A,120,455,single_7.5h,1000,1152,1.2,2.531868131868132,0.9505612545606384,1.0,0.9989583333333332,0.9495710865871376,0.1041666666666666,651
2021,10,Ferry-4,Plant 1,Product C,150,455,single_7.5h,800,707,5.0,1.553846153846154,0.9505612545606384,0.6774301729507021,0.9929278642149928,0.6393848519154587,0.7072135785007072,652
2021,10,Ferry-4,Plant 1,Product C,150,455,single_7.5h,1000,1044,4.0,2.2945054945054943,0.9505612545606384,1.0,0.9961685823754788,0.946919257416728,0.3831417624521072,653
2021,10,Ferry-1,Plant 1,Product A,150,455,single_7.5h,800,710,1.2,1.5604395604395604,0.9505612545606384,0.6920077972709556,0.9983098591549296,0.6566840323904298,0.1690140845070422,654
2021,10,Ferry-6,Plant 1,Product A,125,455,single_7.5h,700,803,2.3,1.7648351648351648,0.9505612545606384,0.8135764944275583,0.9971357409713574,0.7711392062073994,0.286425902864259,655
2021,10,Ferry-9,Plant 1,Product A,125,455,single_7.5h,700,862,2.3,1.8945054945054944,0.9505612545606384,0.8500986193293885,0.9973317865429234,0.8059147046802572,0.2668213457076566,656
2021,10,Ferry-9,Plant 1,Product A,150,455,single_7.5h,600,923,1.9,2.0285714285714285,0.9505612545606384,0.91025641025641,0.9979414951245936,0.8634733447493136,0.2058504875406283,657
2021,10,Ferry-3,Plant 1,Product A,100,455,single_7.5h,800,569,1.2,1.2505494505494503,0.9505612545606384,0.5611439842209072,0.997891036906854,0.5322768050685703,0.210896309314587,658
2021,10,Ferry-1,Plant 1,Product A,100,455,single_7.5h,900,876,2.1,1.925274725274725,0.9505612545606384,0.8538011695906437,0.9976027397260274,0.8096447177003336,0.2397260273972603,659
2021,10,Ferry-1,Plant 2,Product A,100,455,single_7.5h,900,568,1.6,1.2483516483516484,0.9505612545606384,0.5536062378167644,0.9971830985915492,0.5247542832194405,0.2816901408450704,660
2021,10,Ferry-6,Plant 2,Product A,100,455,single_7.5h,900,946,4.1,2.07912087912088,0.9505612545606384,0.9584599797365758,0.9956659619450318,0.9071262874069562,0.4334038054968287,661
2021,10,Ferry-3,Plant 2,Product A,125,455,single_7.5h,1200,678,3.8,1.49010989010989,0.9505612545606384,0.6686390532544377,0.9943952802359882,0.6320201161980101,0.56047197640118,662
2021,10,Ferry-3,Plant 2,Product A,125,455,single_7.5h,900,960,1.2,2.10989010989011,0.9505612545606384,0.9467455621301776,0.99875,0.8988147247265682,0.125,663
2021,10,Ferry-3,Plant 2,Product B,125,455,single_7.5h,700,905,1.9,1.989010989010989,0.9505612545606384,0.8925049309664694,0.9979005524861878,0.8465994763251603,0.2099447513812154,664
2021,10,Ferry-3,Plant 2,Product C,125,455,single_7.5h,1000,768,1.2,1.687912087912088,0.9505612545606384,0.757396449704142,0.9984375,0.7188267948689324,0.15625,665
2021,10,Ferry-4,Plant 2,Product C,125,455,single_7.5h,800,905,2.1,1.989010989010989,0.9505612545606384,0.8671489484022422,0.9976795580110496,0.8223655025562214,0.2320441988950276,666
2021,10,Ferry-4,Plant 2,Product A,125,455,single_7.5h,700,910,1.6,2.0,0.9505612545606384,0.8719398265702104,0.9982417582417582,0.8273749280341915,0.1758241758241758,667
2021,10,Ferry-4,Plant 1,Product A,125,455,single_7.5h,1000,285,4.1,0.6263736263736264,0.9505612545606384,0.2730800555741868,0.9856140350877192,0.2558450212294192,1.43859649122807,668
2021,11,Ferry-4,Plant 1,Product A,125,455,single_7.5h,800,628,1.4,1.3802197802197802,0.9505612545606384,0.6017342978968045,0.9977707006369426,0.57071018263565,0.2229299363057325,669
2021,11,Ferry-4,Plant 1,Product A,100,455,single_7.5h,700,1000,1.2,2.197802197802198,0.9505612545606384,0.958175633593638,0.9988,0.9097116667993732,0.12,670
2021,11,Ferry-4,Plant 1,Product C,100,455,single_7.5h,900,1152,2.3,2.531868131868132,0.9505612545606384,1.0,0.9980034722222222,0.9486634326114288,0.1996527777777777,671
2021,11,Ferry-4,Plant 1,Product C,100,455,single_7.5h,700,707,2.3,1.553846153846154,0.9505612545606384,0.6774301729507021,0.9967468175388968,0.6418440244228257,0.3253182461103253,672
2021,11,Ferry-9,Plant 1,Product B,100,455,single_7.5h,700,1044,1.9,2.2945054945054943,0.9505612545606384,1.0,0.9981800766283524,0.9488313059172808,0.1819923371647509,673
2021,11,Ferry-9,Plant 1,Product B,100,455,single_7.5h,800,700,1.2,1.5384615384615383,0.9505612545606384,0.690335305719921,0.9982857142857144,0.6550810697110198,0.1714285714285714,674
2021,11,Ferry-3,Plant 1,Product A,100,455,single_7.5h,800,803,2.1,1.7648351648351648,0.9505612545606384,0.791913214990138,0.997384806973848,0.7507934011613563,0.261519302615193,675
2021,11,Ferry-1,Plant 2,Product A,100,455,single_7.5h,800,862,1.6,1.8945054945054944,0.9505612545606384,0.8401559454191038,0.9981438515081208,0.7971373327719042,0.185614849187935,676
2021,11,Ferry-1,Plant 2,Product A,100,455,single_7.5h,800,923,4.1,2.0285714285714285,0.9505612545606384,0.8996101364522422,0.995557963163597,0.8513360007950986,0.4442036836403034,677
2021,11,Ferry-4,Plant 2,Product A,100,455,single_7.5h,1000,569,3.8,1.2505494505494503,0.9505612545606384,0.5452019355147798,0.9933216168717048,0.5147867782088562,0.6678383128295254,678
2021,11,Ferry-6,Plant 2,Product C,100,455,single_7.5h,800,987,3.6,2.169230769230769,0.9505612545606384,1.0,0.9963525835866262,0.9470941618388368,0.364741641337386,679
2021,11,Ferry-4,Plant 2,Product C,125,455,single_7.5h,800,960,1.4,2.10989010989011,0.9505612545606384,0.9198486082498925,0.9985416666666668,0.8730973205785735,0.1458333333333333,680
2021,11,Ferry-6,Plant 2,Product B,125,455,single_7.5h,1000,905,1.2,1.989010989010989,0.9505612545606384,0.9169199594731512,0.9986740331491712,0.8704328894345543,0.1325966850828729,681
2021,11,Ferry-4,Plant 2,Product B,125,455,single_7.5h,1000,1200,2.3,2.6373626373626373,0.9505612545606384,1.0,0.9980833333333332,0.9487393454893972,0.1916666666666666,682
2021,11,Ferry-4,Plant 2,Product B,125,455,single_7.5h,900,285,2.3,0.6263736263736264,0.9505612545606384,0.2730800555741868,0.9919298245614036,0.257484469567664,0.8070175438596492,683
2021,11,Ferry-3,Plant 2,Product C,150,455,single_7.5h,900,628,1.9,1.3802197802197802,0.9505612545606384,0.6193293885601577,0.9969745222929935,0.5869293900201339,0.3025477707006369,684
2021,11,Ferry-3,Plant 2,Product C,150,455,single_7.5h,800,1200,1.2,2.6373626373626373,0.9505612545606384,1.0,0.999,0.9496106933060778,0.1,685
2021,11,Ferry-3,Plant 2,Product A,150,455,single_7.5h,900,1152,2.1,2.531868131868132,0.9505612545606384,1.0,0.9981770833333332,0.9488284606070124,0.1822916666666666,686
2021,11,Ferry-3,Plant 2,Product C,125,455,single_7.5h,1000,707,1.6,1.553846153846154,0.9505612545606384,0.6972386587771204,0.9977369165487976,0.6612681547998761,0.2263083451202263,687
2021,11,Ferry-3,Plant 1,Product C,125,455,single_7.5h,800,1044,4.1,2.2945054945054943,0.9505612545606384,1.0,0.996072796934866,0.9468282074881302,0.3927203065134099,688
2021,11,Ferry-6,Plant 1,Product C,150,455,single_7.5h,700,700,3.8,1.5384615384615383,0.9505612545606384,0.7092198581560284,0.9945714285714286,0.6704972091439884,0.5428571428571428,689
2021,11,Ferry-9,Plant 1,Product C,100,455,single_7.5h,800,800,1.2,1.7582417582417582,0.9505612545606384,0.7889546351084812,0.9985,0.7488247831785384,0.15,690
2021,11,Ferry-9,Plant 1,Product C,125,455,single_7.5h,1000,862,5.0,1.8945054945054944,0.9505612545606384,0.8500986193293885,0.994199535962877,0.8033836244166342,0.580046403712297,691
2021,11,Ferry-3,Plant 1,Product A,100,455,single_7.5h,700,923,1.4,2.0285714285714285,0.9505612545606384,0.91025641025641,0.9984832069339112,0.8639420633166511,0.151679306608884,692
2021,11,Ferry-1,Plant 1,Product A,100,455,single_7.5h,700,569,1.2,1.2505494505494503,0.9505612545606384,0.5545808966861601,0.997891036906854,0.5260513453601664,0.210896309314587,693
2021,11,Ferry-1,Plant 1,Product A,125,455,single_7.5h,800,911,2.3,2.002197802197802,0.9505612545606384,0.8879142300194937,0.9974753018660812,0.841885976626952,0.252469813391877,694
2021,11,Ferry-4,Plant 1,Product A,125,455,single_7.5h,800,888,2.3,1.951648351648352,0.9505612545606384,0.8508599626311506,0.99740990990991,0.8066996628796607,0.259009009009009,695
2021,11,Ferry-4,Plant 2,Product B,125,455,single_7.5h,900,480,1.9,1.054945054945055,0.9505612545606384,0.4599243041249461,0.9960416666666668,0.4354556947304569,0.3958333333333332,696
2021,11,Ferry-4,Plant 2,Product B,100,455,single_7.5h,600,580,7.0,1.2747252747252746,0.9505612545606384,0.5557418674843099,0.9879310344827588,0.5218910543412503,1.206896551724138,697
2021,11,Ferry-4,Plant 2,Product B,125,455,single_7.5h,800,960,1.4,2.10989010989011,0.9505612545606384,0.9198486082498925,0.9985416666666668,0.8730973205785735,0.1458333333333333,698
2021,12,Ferry-4,Plant 2,Product B,125,455,single_7.5h,900,905,2.3,1.989010989010989,0.9505612545606384,0.8671489484022422,0.9974585635359116,0.8221833416297497,0.2541436464088398,699
2021,12,Ferry-4,Plant 2,Product C,100,455,single_7.5h,900,778,1.9,1.7098901098901098,0.9505612545606384,0.7454606429358502,0.9975578406169666,0.7068754751732014,0.2442159383033419,700
2021,12,Ferry-4,Plant 2,Product C,100,455,single_7.5h,900,285,1.2,0.6263736263736264,0.9505612545606384,0.2730800555741868,0.9957894736842106,0.258486354663258,0.4210526315789473,701
2021,12,Ferry-4,Plant 2,Product C,100,455,single_7.5h,900,628,2.1,1.3802197802197802,0.9505612545606384,0.6017342978968045,0.996656050955414,0.5700726193929992,0.3343949044585987,702
2021,12,Ferry-4,Plant 1,Product C,100,455,single_7.5h,800,1014,1.6,2.2285714285714286,0.9505612545606384,0.9715900924639488,0.998422090729783,0.9220986097994448,0.1577909270216962,703
2021,12,Ferry-4,Plant 1,Product B,100,455,single_7.5h,700,1152,4.1,2.531868131868132,0.9505612545606384,1.0,0.9964409722222224,0.947178180651178,0.3559027777777777,704
2021,12,Ferry-1,Plant 1,Product B,100,455,single_7.5h,700,707,3.8,1.553846153846154,0.9505612545606384,0.6890838206627685,0.9946251768033946,0.6514957838275258,0.5374823196605374,705
2021,12,Ferry-4,Plant 1,Product B,100,455,single_7.5h,800,1043,1.2,2.292307692307692,0.9505612545606384,0.9993771858381642,0.998849472674976,0.9488762659907758,0.1150527325023969,706
2021,12,Ferry-1,Plant 1,Product B,100,455,single_7.5h,700,740,4.0,1.6263736263736264,0.9505612545606384,0.7212475633528269,0.9945945945945946,0.681884096838821,0.5405405405405406,707
2021,12,Ferry-6,Plant 1,Product A,100,455,single_7.5h,800,803,1.4,1.7648351648351648,0.9505612545606384,0.8135764944275583,0.9982565379825654,0.7720059793878499,0.174346201743462,708
2021,12,Ferry-9,Plant 1,Product A,100,455,single_7.5h,800,862,1.2,1.8945054945054944,0.9505612545606384,0.8500986193293885,0.9986078886310904,0.8069458855284,0.1392111368909512,709
2021,12,Ferry-9,Plant 1,Product B,125,455,single_7.5h,900,923,2.3,2.0285714285714285,0.9505612545606384,0.91025641025641,0.9975081256771398,0.8630983698954434,0.2491874322860238,710
2021,12,Ferry-3,Plant 2,Product B,125,455,single_7.5h,900,569,2.3,1.2505494505494503,0.9505612545606384,0.5611439842209072,0.9959578207381372,0.5312456242204278,0.4042179261862916,711
2021,12,Ferry-1,Plant 2,Product B,125,455,single_7.5h,700,913,1.9,2.0065934065934066,0.9505612545606384,0.8898635477582851,0.9979189485213582,0.8441095117253394,0.208105147864184,712
2021,12,Ferry-1,Plant 2,Product B,125,455,single_7.5h,800,670,1.2,1.4725274725274726,0.9505612545606384,0.6530214424951272,0.9982089552238806,0.6196251140839721,0.1791044776119403,713
2021,12,Ferry-4,Plant 2,Product C,150,455,single_7.5h,800,789,2.1,1.734065934065934,0.9505612545606384,0.7560005749053802,0.9973384030418252,0.7167121652026699,0.2661596958174905,714
2021,12,Ferry-4,Plant 2,Product C,150,455,single_7.5h,700,768,1.6,1.687912087912088,0.9505612545606384,0.7358788865999139,0.9979166666666668,0.6980406702393268,0.2083333333333333,715
2021,12,Ferry-4,Plant 1,Product C,150,455,single_7.5h,600,567,4.1,1.2461538461538462,0.9505612545606384,0.5432855842475927,0.9927689594356262,0.5126919275544325,0.7231040564373897,716
2021,12,Ferry-1,Plant 1,Product B,125,455,single_7.5h,800,960,3.8,2.10989010989011,0.9505612545606384,0.9356725146198837,0.9960416666666668,0.8858934421158705,0.3958333333333332,717
2021,12,Ferry-3,Plant 1,Product B,125,455,single_7.5h,900,905,3.6,1.989010989010989,0.9505612545606384,0.8925049309664694,0.996022099447514,0.8450058331962126,0.3977900552486188,718
2021,12,Ferry-3,Plant 1,Product B,150,455,single_7.5h,900,678,1.4,1.49010989010989,0.9505612545606384,0.6686390532544377,0.9979351032448378,0.6342699653212306,0.2064896755162241,719
2021,12,Ferry-3,Plant 1,Product B,100,455,single_7.5h,900,905,1.2,1.989010989010989,0.9505612545606384,0.8925049309664694,0.9986740331491712,0.8472556823194329,0.1325966850828729,720
2021,12,Ferry-6,Plant 1,Product A,125,455,single_7.5h,800,905,2.3,1.989010989010989,0.9505612545606384,0.9169199594731512,0.9974585635359116,0.8693734999917816,0.2541436464088398,721
2021,12,Ferry-4,Plant 1,Product A,100,455,single_7.5h,900,285,2.3,0.6263736263736264,0.9505612545606384,0.2730800555741868,0.9919298245614036,0.257484469567664,0.8070175438596492,722
2021,12,Ferry-9,Plant 2,Product A,100,455,single_7.5h,700,628,1.9,1.3802197802197802,0.9505612545606384,0.6193293885601577,0.9969745222929935,0.5869293900201339,0.3025477707006369,723
2021,12,Ferry-3,Plant 2,Product B,125,455,single_7.5h,1000,1000,1.2,2.197802197802198,0.9505612545606384,0.9861932938856016,0.9988,0.9363122101135756,0.12,724
2021,12,Ferry-1,Plant 2,Product B,125,455,single_7.5h,800,1152,2.1,2.531868131868132,0.9505612545606384,1.0,0.9981770833333332,0.9488284606070124,0.1822916666666666,725
2021,12,Ferry-1,Plant 2,Product B,125,455,single_7.5h,700,707,4.0,1.553846153846154,0.9505612545606384,0.6890838206627685,0.9943422913719944,0.6513104892359936,0.5657708628005658,726
2021,12,Ferry-4,Plant 2,Product B,100,455,single_7.5h,800,1044,1.4,2.2945054945054943,0.9505612545606384,1.0,0.9986590038314176,0.9492865555602698,0.1340996168582375,727
2021,12,Ferry-3,Plant 1,Product A,125,455,single_7.5h,1000,700,1.2,1.5384615384615383,0.9505612545606384,0.690335305719921,0.9982857142857144,0.6550810697110198,0.1714285714285714,728
2021,12,Ferry-3,Plant 1,Product A,125,455,single_7.5h,800,803,2.3,1.7648351648351648,0.9505612545606384,0.791913214990138,0.9971357409713574,0.7506059137344212,0.286425902864259,729
2022,1,Ferry-3,Plant 1,Product C,100,635,extended_10.6h,1000,1022,2.0,1.6094488188976377,0.9671264615237584,0.7221885725822733,0.9980430528375734,0.6970808535513462,0.1956947162426614,730
2022,1,Ferry-3,Plant 1,Product C,100,635,extended_10.6h,1000,1054,2.1,1.6598425196850393,0.9671264615237584,0.7448011306279022,0.9980075901328274,0.7188817155398636,0.1992409867172676,731
2022,1,Ferry-3,Plant 1,Product C,100,635,extended_10.6h,1000,906,2.3,1.426771653543307,0.9671264615237584,0.6402180496668686,0.9974613686534216,0.6175999679944623,0.2538631346578366,732
2022,1,Ferry-9,Plant 1,Product C,125,635,extended_10.6h,1000,1203,2.4,1.894488188976378,0.9671264615237584,0.8500908540278619,0.998004987531172,0.8205051693860256,0.199501246882793,733
2022,1,Ferry-4,Plant 1,Product C,125,635,extended_10.6h,1000,989,2.4,1.55748031496063,0.9671264615237584,0.6790145578566442,0.9975733063700708,0.6550993540725291,0.2426693629929221,734
2022,1,Ferry-1,Plant 1,Product A,125,635,extended_10.6h,1000,999,2.3,1.573228346456693,0.9671264615237584,0.6976792374637385,0.9976976976976976,0.6731905874220386,0.2302302302302302,735
2022,1,Ferry-1,Plant 2,Product A,125,635,extended_10.6h,1000,1101,2.1,1.7338582677165355,0.9671264615237584,0.7689137542017779,0.9980926430517711,0.7422184574275893,0.1907356948228882,736
2022,1,Ferry-3,Plant 2,Product A,125,635,extended_10.6h,1000,1153,1.9,1.815748031496063,0.9671264615237584,0.8147587320815667,0.9983521248915872,0.7866762456107397,0.1647875108412836,737
2022,1,Ferry-3,Plant 2,Product A,125,635,extended_10.6h,1000,890,3.0,1.4015748031496065,0.9671264615237584,0.6289117706440541,0.996629213483146,0.6061869775490627,0.3370786516853932,738
2022,1,Ferry-3,Plant 1,Product C,125,635,extended_10.6h,1000,1044,3.9,1.6440944881889763,0.9671264615237584,0.7377347062386432,0.996264367816092,0.7108174468419167,0.3735632183908046,739
2022,1,Ferry-1,Plant 1,Product C,125,635,extended_10.6h,1000,991,4.0,1.5606299212598425,0.9671264615237584,0.6920922165431079,0.9959636730575177,0.6666390185467564,0.4036326942482341,740
2022,1,Ferry-4,Plant 1,Product B,150,635,extended_10.6h,1000,1022,1.9,1.6094488188976377,0.9671264615237584,0.7016712620116181,0.9981409001956948,0.6773432506480709,0.1859099804305283,741
2022,1,Ferry-4,Plant 1,Product B,150,635,extended_10.6h,1000,1002,2.2,1.5779527559055118,0.9671264615237584,0.6879399261601188,0.9978043912175648,0.6638641133202052,0.219560878243513,742
2022,1,Ferry-4,Plant 1,Product B,150,635,extended_10.6h,1000,923,2.4,1.4535433070866142,0.9671264615237584,0.6337011495466962,0.9973997833152762,0.6112755578341477,0.2600216684723727,743
2022,1,Ferry-4,Plant 1,Product C,125,635,extended_10.6h,1000,1202,3.3,1.892913385826772,0.9671264615237584,0.8252532846751126,0.9972545757071548,0.7959330992567814,0.2745424292845257,744
2022,1,Ferry-4,Plant 1,Product C,125,635,extended_10.6h,1000,1210,2.6,1.905511811023622,0.9671264615237584,0.8307458190157122,0.9978512396694216,0.8017098723972952,0.2148760330578512,745
2022,1,Ferry-4,Plant 1,Product A,150,635,extended_10.6h,1000,1005,2.6,1.5826771653543308,0.9671264615237584,0.6899996265378437,0.997412935323383,0.6655905052932324,0.2587064676616915,746
2022,1,Ferry-1,Plant 2,Product C,100,635,extended_10.6h,1000,987,2.8,1.554330708661417,0.9671264615237584,0.6892987060827926,0.997163120567376,0.6647478440260564,0.2836879432624113,747
2022,1,Ferry-3,Plant 2,Product C,125,635,extended_10.6h,1000,945,2.0,1.4881889763779528,0.9671264615237584,0.6677771047849788,0.997883597883598,0.6444580832342346,0.2116402116402116,748
2022,1,Ferry-6,Plant 2,Product B,100,635,extended_10.6h,1000,1189,3.0,1.8724409448818893,0.9671264615237584,0.8631819958675377,0.9974768713204374,0.8326998259771768,0.2523128679562658,749
2022,1,Ferry-3,Plant 2,Product B,100,635,extended_10.6h,1000,1008,3.1,1.5874015748031496,0.9671264615237584,0.7122955784373107,0.9969246031746032,0.6867613232683801,0.3075396825396825,750
2022,1,Ferry-1,Plant 1,Product B,125,635,extended_10.6h,1000,993,2.4,1.5637795275590551,0.9671264615237584,0.6934889717732656,0.997583081570997,0.6690705286447993,0.2416918429003021,751
2022,1,Ferry-9,Plant 1,Product C,125,635,extended_10.6h,1000,928,1.9,1.4614173228346456,0.9671264615237584,0.6557641833232384,0.9979525862068964,0.632908410268531,0.2047413793103448,752
2022,1,Ferry-6,Plant 1,Product C,125,635,extended_10.6h,1000,1240,2.8,1.952755905511811,0.9671264615237584,0.9002066231082818,0.997741935483871,0.8686477442655678,0.2258064516129032,753
2022,1,Ferry-6,Plant 1,Product A,100,635,extended_10.6h,1000,1158,3.0,1.8236220472440945,0.9671264615237584,0.8406768302898309,0.9974093264248703,0.8109344848260028,0.2590673575129534,754
2022,1,Ferry-9,Plant 1,Product C,125,635,extended_10.6h,1000,1006,2.2,1.584251968503937,0.9671264615237584,0.7108822935594589,0.9978131212723658,0.686009569406707,0.2186878727634194,755
2022,1,Ferry-1,Plant 1,Product C,100,635,extended_10.6h,1000,1044,3.9,1.6440944881889763,0.9671264615237584,0.7291062301422853,0.996264367816092,0.702503792492889,0.3735632183908046,756
2022,1,Ferry-9,Plant 1,Product C,100,635,extended_10.6h,1000,1102,3.6,1.7354330708661416,0.9671264615237584,0.7787199676963455,0.9967332123411978,0.7506604015105867,0.3266787658802177,757
2022,1,Ferry-3,Plant 1,Product C,125,635,extended_10.6h,1000,1001,1.4,1.5763779527559054,0.9671264615237584,0.7073490813648293,0.9986013986013986,0.6831392364803192,0.1398601398601398,758
2022,1,Ferry-1,Plant 2,Product C,125,635,extended_10.6h,1000,863,1.2,1.3590551181102362,0.9671264615237584,0.6026998818130194,0.9986095017381228,0.5820765006925985,0.1390498261877172,759
2022,1,Ferry-1,Plant 2,Product A,125,635,extended_10.6h,1000,1211,2.1,1.9070866141732283,0.9671264615237584,0.8457352918604478,0.9982658959537573,0.8165145993122329,0.1734104046242774,760
2022,2,Ferry-9,Plant 2,Product C,100,635,extended_10.6h,1100,1137,1.2,1.7905511811023622,0.9671264615237584,0.8034524530587522,0.9989445910290238,0.7762200328074695,0.1055408970976253,761
2022,2,Ferry-6,Plant 2,Product C,125,635,extended_10.6h,1100,1008,2.3,1.5874015748031496,0.9671264615237584,0.7317808678170549,0.997718253968254,0.7061097934108321,0.2281746031746031,762
2022,2,Ferry-4,Plant 2,Product C,125,635,extended_10.6h,1100,905,2.3,1.4251968503937007,0.9671264615237584,0.6213429472803468,0.9974585635359116,0.5993900130967686,0.2541436464088398,763
2022,2,Ferry-3,Plant 2,Product C,150,635,extended_10.6h,1100,1204,1.9,1.896062992125984,0.9671264615237584,0.8507974964667876,0.998421926910299,0.8215302882883068,0.1578073089700996,764
2022,2,Ferry-1,Plant 1,Product C,100,635,extended_10.6h,1100,987,1.6,1.554330708661417,0.9671264615237584,0.6892987060827926,0.9983789260385004,0.6655583473920706,0.1621073961499493,765
2022,2,Ferry-9,Plant 1,Product C,100,635,extended_10.6h,1100,1230,1.2,1.937007874015748,0.9671264615237584,0.8691701998788612,0.9990243902439024,0.8397774047489157,0.0975609756097561,766
2022,2,Ferry-1,Plant 1,Product C,100,635,extended_10.6h,1100,1260,4.0,1.984251968503937,0.9671264615237584,0.8799557949993099,0.9968253968253968,0.848326856428294,0.3174603174603174,767
2022,2,Ferry-4,Plant 1,Product A,100,635,extended_10.6h,1100,1156,1.4,1.8204724409448816,0.9671264615237584,0.7936712122166638,0.9987889273356402,0.7666508354065902,0.1211072664359861,768
2022,2,Ferry-3,Plant 2,Product A,125,635,extended_10.6h,1100,1128,1.2,1.7763779527559056,0.9671264615237584,0.7970926711084192,0.998936170212766,0.7700693193937812,0.1063829787234042,769
2022,2,Ferry-1,Plant 2,Product A,125,635,extended_10.6h,1100,1034,2.3,1.6283464566929131,0.9671264615237584,0.722122453991497,0.9977756286266924,0.6968302689307887,0.2224371373307543,770
2022,2,Ferry-4,Plant 2,Product A,125,635,extended_10.6h,1100,1141,2.3,1.7968503937007874,0.9671264615237584,0.7833727103280395,0.9979842243645924,0.7560932844946167,0.2015775635407537,771
2022,2,Ferry-9,Plant 1,Product C,125,635,extended_10.6h,1100,965,1.9,1.5196850393700787,0.9671264615237584,0.6819099535634968,0.9980310880829016,0.6581946765248052,0.1968911917098445,772
2022,2,Ferry-1,Plant 1,Product C,125,635,extended_10.6h,1100,1086,1.2,1.7102362204724408,0.9671264615237584,0.7584380899755956,0.9988950276243094,0.7326950428769213,0.1104972375690607,773
2022,2,Ferry-4,Plant 1,Product B,120,635,extended_10.6h,1100,973,2.1,1.5322834645669292,0.9671264615237584,0.6680294891754447,0.9978417266187052,0.6446746025430959,0.2158273381294964,774
2022,2,Ferry-3,Plant 2,Product B,120,635,extended_10.6h,1100,1222,1.6,1.9244094488188976,0.9671264615237584,0.863517060367454,0.9986906710310964,0.8340367388961399,0.1309328968903437,775
2022,2,Ferry-1,Plant 2,Product B,120,635,extended_10.6h,1100,981,4.1,1.5448818897637795,0.9671264615237584,0.6851084403923198,0.9958205912334352,0.6598172818828028,0.4179408766564729,776
2022,2,Ferry-9,Plant 2,Product A,120,635,extended_10.6h,1100,1103,3.8,1.737007874015748,0.9671264615237584,0.7794266101352715,0.9965548504079782,0.7512071315918035,0.3445149592021758,777
2022,2,Ferry-6,Plant 2,Product C,120,635,extended_10.6h,1100,1005,1.2,1.5826771653543308,0.9671264615237584,0.7296029485675993,0.9988059701492538,0.7047757886305989,0.1194029850746268,778
2022,2,Ferry-1,Plant 2,Product C,120,635,extended_10.6h,1100,962,6.0,1.51496062992126,0.9671264615237584,0.6718392657058223,0.9937629937629936,0.6457010149247205,0.6237006237006237,779
2022,2,Ferry-4,Plant 2,Product B,150,635,extended_10.6h,1100,985,1.4,1.5511811023622046,0.9671264615237584,0.6762682906863443,0.9985786802030456,0.6531073633344208,0.1421319796954314,780
2022,2,Ferry-1,Plant 2,Product B,150,635,extended_10.6h,1100,1223,1.2,1.925984251968504,0.9671264615237584,0.8541158232413936,0.9990188062142272,0.8252275104968865,0.0981193785772689,781
2022,2,Ferry-9,Plant 1,Product B,150,635,extended_10.6h,1100,984,2.3,1.5496062992125983,0.9671264615237584,0.695336159903089,0.9976626016260164,0.6709061509130945,0.2337398373983739,782
2022,2,Ferry-1,Plant 1,Product C,125,635,extended_10.6h,1100,1247,2.3,1.963779527559055,0.9671264615237584,0.8708768860032852,0.9981555733761026,0.8406946163983259,0.1844426623897353,783
2022,2,Ferry-6,Plant 1,Product C,125,635,extended_10.6h,1100,1255,1.9,1.9763779527559056,0.9671264615237584,0.9110962193555594,0.9984860557768924,0.8798112579527828,0.1513944223107569,784
2022,2,Ferry-9,Plant 1,Product A,150,635,extended_10.6h,1100,1252,1.2,1.9716535433070863,0.9671264615237584,0.884716333535231,0.999041533546326,0.854812481982376,0.0958466453674121,785
2022,2,Ferry-9,Plant 2,Product C,100,635,extended_10.6h,1100,1186,2.1,1.867716535433071,0.9671264615237584,0.8380779325661215,0.99822934232715,0.8090921789406261,0.1770657672849915,786
2022,2,Ferry-3,Plant 2,Product C,100,635,extended_10.6h,1100,1178,1.6,1.8551181102362204,0.9671264615237584,0.8324247930547143,0.998641765704584,0.8039665844292192,0.1358234295415959,787
2022,2,Ferry-1,Plant 2,Product C,100,635,extended_10.6h,1100,977,4.1,1.5385826771653544,0.9671264615237584,0.6823149299320045,0.9958034800409415,0.6571156039960885,0.4196519959058341,788
2022,3,Ferry-1,Plant 2,Product C,100,635,extended_10.6h,1100,1022,3.8,1.6094488188976377,0.9671264615237584,0.7137419226105512,0.9962818003913896,0.687712106063128,0.3718199608610567,789
2022,3,Ferry-4,Plant 2,Product C,125,635,extended_10.6h,1100,1054,3.6,1.6598425196850393,0.9671264615237584,0.7236413993740171,0.996584440227704,0.6974623571029641,0.3415559772296015,790
2022,3,Ferry-4,Plant 2,Product B,125,635,extended_10.6h,1100,1156,1.4,1.8204724409448816,0.9671264615237584,0.7936712122166638,0.9987889273356402,0.7666508354065902,0.1211072664359861,791
2022,3,Ferry-9,Plant 1,Product C,125,635,extended_10.6h,1100,1128,1.2,1.7763779527559056,0.9671264615237584,0.7970926711084192,0.998936170212766,0.7700693193937812,0.1063829787234042,792
2022,3,Ferry-4,Plant 1,Product C,125,635,extended_10.6h,1100,1034,2.3,1.6283464566929131,0.9671264615237584,0.7099100635225176,0.9977756286266924,0.6850456148354227,0.2224371373307543,793
2022,3,Ferry-3,Plant 1,Product C,125,635,extended_10.6h,1100,1141,2.3,1.7968503937007874,0.9671264615237584,0.8062790228144558,0.9979842243645924,0.7782019293518802,0.2015775635407537,794
2022,3,Ferry-4,Plant 1,Product C,100,635,extended_10.6h,1100,1156,1.9,1.8204724409448816,0.9671264615237584,0.7936712122166638,0.998356401384083,0.7663188369502387,0.1643598615916955,795
2022,3,Ferry-6,Plant 2,Product C,100,635,extended_10.6h,1100,1128,1.2,1.7763779527559056,0.9671264615237584,0.8188976377952757,0.998936170212766,0.7911350454562251,0.1063829787234042,796
2022,3,Ferry-4,Plant 2,Product A,100,635,extended_10.6h,1100,1034,2.1,1.6283464566929131,0.9671264615237584,0.7099100635225176,0.9979690522243714,0.6851784142179632,0.2030947775628626,797
2022,3,Ferry-1,Plant 2,Product A,150,635,extended_10.6h,1100,1141,1.6,1.7968503937007874,0.9671264615237584,0.7968488588049305,0.9985977212971078,0.7695729460305716,0.1402278702892199,798
2022,3,Ferry-6,Plant 2,Product A,150,635,extended_10.6h,1100,1156,4.1,1.8204724409448816,0.9671264615237584,0.839224884123527,0.9964532871972318,0.8087579507108853,0.3546712802768166,799
2022,3,Ferry-9,Plant 1,Product A,150,635,extended_10.6h,1100,1128,3.8,1.7763779527559056,0.9671264615237584,0.7970926711084192,0.9966312056737588,0.7682924466298268,0.3368794326241134,800
2022,3,Ferry-9,Plant 1,Product C,125,635,extended_10.6h,1100,1034,1.2,1.6283464566929131,0.9671264615237584,0.730668281849384,0.9988394584139264,0.7058285348508139,0.11605415860735,801
2022,3,Ferry-3,Plant 1,Product C,125,635,extended_10.6h,1100,1141,4.0,1.7968503937007874,0.9671264615237584,0.8062790228144558,0.9964943032427696,0.7770401279292947,0.35056967572305,802
2022,3,Ferry-1,Plant 1,Product B,150,635,extended_10.6h,1100,1156,1.4,1.8204724409448816,0.9671264615237584,0.8073245230311127,0.9987889273356402,0.779839322000086,0.1211072664359861,803
2022,3,Ferry-1,Plant 1,Product B,100,635,extended_10.6h,1100,1128,1.2,1.7763779527559056,0.9671264615237584,0.787769949808906,0.998936170212766,0.7610626606874217,0.1063829787234042,804
2022,3,Ferry-9,Plant 1,Product B,125,635,extended_10.6h,1100,1034,2.3,1.6283464566929131,0.9671264615237584,0.730668281849384,0.9977756286266924,0.7050767809891408,0.2224371373307543,805
2022,3,Ferry-4,Plant 1,Product C,100,635,extended_10.6h,1100,1141,2.3,1.7968503937007874,0.9671264615237584,0.7833727103280395,0.9979842243645924,0.7560932844946167,0.2015775635407537,806
2022,3,Ferry-4,Plant 1,Product C,100,635,extended_10.6h,1100,1156,1.9,1.8204724409448816,0.9671264615237584,0.7936712122166638,0.998356401384083,0.7663188369502387,0.1643598615916955,807
2022,3,Ferry-3,Plant 2,Product A,125,635,extended_10.6h,1100,1128,3.8,1.7763779527559056,0.9671264615237584,0.7970926711084192,0.9966312056737588,0.7682924466298268,0.3368794326241134,808
2022,3,Ferry-4,Plant 2,Product C,125,635,extended_10.6h,1100,1034,3.6,1.6283464566929131,0.9671264615237584,0.7099100635225176,0.9965183752417794,0.6841824188489091,0.3481624758220503,809
2022,3,Ferry-3,Plant 2,Product C,125,635,extended_10.6h,1100,1141,1.4,1.7968503937007874,0.9671264615237584,0.8062790228144558,0.9987730061349692,0.778817000693249,0.1226993865030674,810
2022,3,Ferry-4,Plant 2,Product C,100,635,extended_10.6h,1100,1156,1.2,1.8204724409448816,0.9671264615237584,0.7936712122166638,0.998961937716263,0.7667836347891307,0.1038062283737024,811
2022,3,Ferry-1,Plant 2,Product C,125,635,extended_10.6h,1100,1128,2.3,1.7763779527559056,0.9671264615237584,0.787769949808906,0.9979609929078014,0.7603196992685752,0.2039007092198581,812
2022,3,Ferry-4,Plant 2,Product C,100,635,extended_10.6h,1100,1103,2.3,1.737007874015748,0.9671264615237584,0.7572831722101906,0.9979147778785132,0.7308614018119123,0.2085222121486853,813
2022,3,Ferry-6,Plant 2,Product A,100,635,extended_10.6h,1100,1005,1.9,1.5826771653543308,0.9671264615237584,0.7296029485675993,0.9981094527363183,0.7042843131852498,0.1890547263681592,814
2022,3,Ferry-9,Plant 1,Product C,125,635,extended_10.6h,1100,1022,1.2,1.6094488188976377,0.9671264615237584,0.7221885725822733,0.998825831702544,0.6976275836325628,0.1174168297455968,815
2022,3,Ferry-4,Plant 1,Product C,125,635,extended_10.6h,1100,1054,2.1,1.6598425196850393,0.9671264615237584,0.7236413993740171,0.9980075901328274,0.6984583524720183,0.1992409867172676,816
2022,3,Ferry-6,Plant 1,Product C,125,635,extended_10.6h,1100,1223,1.6,1.925984251968504,0.9671264615237584,0.8878650806947005,0.9986917416189698,0.8575544413562597,0.1308258381030253,817
2022,3,Ferry-9,Plant 1,Product C,100,635,extended_10.6h,1100,1022,4.1,1.6094488188976377,0.9671264615237584,0.7221885725822733,0.9959882583170254,0.6956456870881521,0.4011741682974559,818
2022,3,Ferry-9,Plant 1,Product A,125,635,extended_10.6h,1100,1054,3.8,1.6598425196850393,0.9671264615237584,0.7448011306279022,0.9963946869070208,0.717719914117278,0.3605313092979127,819
2022,4,Ferry-9,Plant 1,Product C,125,635,extended_10.6h,1050,1002,1.4,1.5779527559055118,0.9671264615237584,0.7080557238037553,0.9986027944111776,0.6838226490818401,0.1397205588822355,820
2022,4,Ferry-1,Plant 1,Product C,150,635,extended_10.6h,1050,1100,1.2,1.7322834645669292,0.9671264615237584,0.768215376586699,0.9989090909090907,0.7421509154804214,0.1090909090909091,821
2022,4,Ferry-4,Plant 1,Product B,100,635,extended_10.6h,1050,1008,2.3,1.5874015748031496,0.9671264615237584,0.6920593269155686,0.997718253968254,0.6677816951051514,0.2281746031746031,822
2022,4,Ferry-4,Plant 2,Product B,100,635,extended_10.6h,1050,1266,2.3,1.9937007874015749,0.9671264615237584,0.8691935593999106,0.9981832543443918,0.83909289858246,0.1816745655608214,823
2022,4,Ferry-4,Plant 2,Product B,100,635,extended_10.6h,1050,1054,1.9,1.6598425196850393,0.9671264615237584,0.7236413993740171,0.9981973434535104,0.6985911518545588,0.1802656546489563,824
2022,4,Ferry-3,Plant 2,Product C,100,635,extended_10.6h,1050,1224,1.2,1.9275590551181103,0.9671264615237584,0.8649303452453059,0.9990196078431371,0.8356769291397902,0.0980392156862745,825
2022,4,Ferry-9,Plant 2,Product C,125,635,extended_10.6h,1050,1023,2.1,1.611023622047244,0.9671264615237584,0.7228952150211992,0.9979472140762464,0.6976959248927149,0.2052785923753665,826
2022,4,Ferry-4,Plant 2,Product A,125,635,extended_10.6h,1050,1214,1.6,1.9118110236220471,0.9671264615237584,0.8334920861860121,0.998682042833608,0.805029856960809,0.1317957166392092,827
2022,4,Ferry-1,Plant 2,Product C,125,635,extended_10.6h,1050,983,4.1,1.5480314960629922,0.9671264615237584,0.6865051956224775,0.9958290946083418,0.6611681208261599,0.4170905391658188,828
2022,4,Ferry-4,Plant 2,Product C,125,635,extended_10.6h,1050,1130,3.8,1.779527559055118,0.9671264615237584,0.7758204756097148,0.9966371681415928,0.7477933230858322,0.3362831858407079,829
2022,4,Ferry-3,Plant 2,Product C,125,635,extended_10.6h,1050,1160,3.6,1.8267716535433072,0.9671264615237584,0.8197052291540481,0.996896551724138,0.7902983323988007,0.3103448275862069,830
2022,4,Ferry-1,Plant 2,Product C,120,635,extended_10.6h,1050,1156,1.4,1.8204724409448816,0.9671264615237584,0.8073245230311127,0.9987889273356402,0.779839322000086,0.1211072664359861,831
2022,4,Ferry-4,Plant 2,Product C,120,635,extended_10.6h,1050,1128,1.2,1.7763779527559056,0.9671264615237584,0.7744473420245649,0.998936170212766,0.748191721233454,0.1063829787234042,832
2022,4,Ferry-6,Plant 1,Product B,120,635,extended_10.6h,1050,1034,2.3,1.6283464566929131,0.9671264615237584,0.7506561679790026,0.9977756286266924,0.7243645956666555,0.2224371373307543,833
2022,4,Ferry-9,Plant 1,Product B,120,635,extended_10.6h,1050,1141,2.3,1.7968503937007874,0.9671264615237584,0.8062790228144558,0.9979842243645924,0.7782019293518802,0.2015775635407537,834
2022,4,Ferry-9,Plant 1,Product B,120,635,extended_10.6h,1050,965,1.9,1.5196850393700787,0.9671264615237584,0.6819099535634968,0.9980310880829016,0.6581946765248052,0.1968911917098445,835
2022,4,Ferry-3,Plant 1,Product C,120,635,extended_10.6h,1050,1086,1.2,1.7102362204724408,0.9671264615237584,0.7674136886735311,0.9988950276243094,0.7413659901299021,0.1104972375690607,836
2022,4,Ferry-1,Plant 1,Product C,150,635,extended_10.6h,1050,973,2.1,1.5322834645669292,0.9671264615237584,0.6795214194716893,0.9978417266187052,0.6557647650527314,0.2158273381294964,837
2022,4,Ferry-1,Plant 1,Product A,150,635,extended_10.6h,1050,1222,5.2,1.9244094488188976,0.9671264615237584,0.8534174456263147,0.9957446808510638,0.8218504131384936,0.425531914893617,838
2022,4,Ferry-3,Plant 2,Product C,150,635,extended_10.6h,1050,981,1.4,1.5448818897637795,0.9671264615237584,0.6932162325863113,0.9985728848114168,0.6694709844499006,0.1427115188583078,839
2022,4,Ferry-4,Plant 2,Product C,125,635,extended_10.6h,1050,1103,1.2,1.737007874015748,0.9671264615237584,0.7572831722101906,0.998912058023572,0.7315917984158853,0.1087941976427923,840
2022,4,Ferry-4,Plant 2,Product B,125,635,extended_10.6h,1050,1005,2.3,1.5826771653543308,0.9671264615237584,0.6899996265378437,0.9977114427860696,0.6657897043670432,0.2288557213930347,841
2022,4,Ferry-9,Plant 2,Product B,150,635,extended_10.6h,1050,962,2.3,1.51496062992126,0.9671264615237584,0.6797900262467191,0.9976091476091477,0.6558710736796342,0.239085239085239,842
2022,4,Ferry-9,Plant 2,Product B,100,635,extended_10.6h,1050,1200,1.9,1.889763779527559,0.9671264615237584,0.8479709267110842,0.9984166666666666,0.8187966378822233,0.1583333333333333,843
2022,4,Ferry-4,Plant 2,Product C,100,635,extended_10.6h,1050,1152,1.2,1.814173228346457,0.9671264615237584,0.7909249450463641,0.9989583333333332,0.7641276471383198,0.1041666666666666,844
2022,4,Ferry-6,Plant 2,Product C,100,635,extended_10.6h,1050,707,2.1,1.1133858267716537,0.9671264615237584,0.5132629697883511,0.997029702970297,0.4949157734665363,0.297029702970297,845
2022,4,Ferry-4,Plant 2,Product A,100,635,extended_10.6h,1050,1044,1.6,1.6440944881889763,0.9671264615237584,0.7167757314482675,0.9984674329501916,0.6921503818013423,0.1532567049808429,846
2022,4,Ferry-4,Plant 2,Product C,125,635,extended_10.6h,1050,700,4.1,1.1023622047244095,0.9671264615237584,0.4805967548024782,0.9941428571428572,0.4620754515498407,0.5857142857142856,847
2022,4,Ferry-4,Plant 1,Product C,125,635,extended_10.6h,1050,800,3.8,1.2598425196850394,0.9671264615237584,0.5492534340599751,0.99525,0.5286743418939261,0.475,848
2022,4,Ferry-9,Plant 1,Product C,125,635,extended_10.6h,1050,862,1.2,1.3574803149606298,0.9671264615237584,0.6091257823541287,0.9986078886310904,0.5882815673892143,0.1392111368909512,849
2022,5,Ferry-1,Plant 2,Product C,125,635,extended_10.6h,1050,1102,1.4,1.7354330708661416,0.9671264615237584,0.7696121318168566,0.9987295825771324,0.7433666705294428,0.1270417422867513,850
2022,5,Ferry-4,Plant 1,Product C,125,635,extended_10.6h,1050,1018,1.2,1.6031496062992123,0.9671264615237584,0.6989249948413182,0.9988212180746562,0.6751520608361519,0.1178781925343811,851
2022,5,Ferry-1,Plant 1,Product B,100,635,extended_10.6h,1050,1216,2.3,1.91496062992126,0.9671264615237584,0.849227179935842,0.9981085526315788,0.8197566127762902,0.1891447368421052,852
2022,5,Ferry-6,Plant 1,Product B,100,635,extended_10.6h,1050,1014,2.3,1.5968503937007874,0.9671264615237584,0.7361367063159658,0.9977317554240632,0.7103224400852529,0.2268244575936883,853
2022,5,Ferry-9,Plant 1,Product B,100,635,extended_10.6h,1050,1124,1.9,1.7700787401574802,0.9671264615237584,0.7942661013527155,0.9983096085409252,0.7668572801666329,0.1690391459074733,854
2022,5,Ferry-9,Plant 1,Product C,100,635,extended_10.6h,1050,1023,1.2,1.611023622047244,0.9671264615237584,0.7228952150211992,0.9988269794721408,0.6983109962340838,0.1173020527859237,855
2022,5,Ferry-3,Plant 1,Product C,100,635,extended_10.6h,1050,1214,2.1,1.9118110236220471,0.9671264615237584,0.8578639208560468,0.9982701812191104,0.8282277317832121,0.1729818780889621,856
2022,5,Ferry-1,Plant 1,Product A,150,635,extended_10.6h,1050,1083,1.6,1.705511811023622,0.9671264615237584,0.7563429571303592,0.9985226223453372,0.7303986166732143,0.1477377654662973,857
2022,5,Ferry-1,Plant 2,Product C,150,635,extended_10.6h,1050,1130,4.1,1.779527559055118,0.9671264615237584,0.7891667050390635,0.9963716814159292,0.7604547831629109,0.3628318584070796,858
2022,5,Ferry-9,Plant 2,Product C,150,635,extended_10.6h,1050,1160,3.8,1.8267716535433072,0.9671264615237584,0.8197052291540481,0.9967241379310344,0.7901616498784966,0.3275862068965517,859
2022,5,Ferry-6,Plant 2,Product B,125,635,extended_10.6h,1050,1156,3.6,1.8204724409448816,0.9671264615237584,0.839224884123527,0.9968858131487888,0.8091090046004203,0.3114186851211072,860
2022,5,Ferry-4,Plant 2,Product B,125,635,extended_10.6h,1050,1128,1.4,1.7763779527559056,0.9671264615237584,0.7744473420245649,0.998758865248227,0.7480589218509135,0.1241134751773049,861
2022,5,Ferry-1,Plant 2,Product B,150,635,extended_10.6h,1050,1034,1.2,1.6283464566929131,0.9671264615237584,0.722122453991497,0.9988394584139264,0.6975732303496351,0.11605415860735,862
2022,5,Ferry-9,Plant 2,Product C,100,635,extended_10.6h,1050,1141,2.3,1.7968503937007874,0.9671264615237584,0.8062790228144558,0.9979842243645924,0.7782019293518802,0.2015775635407537,863
2022,5,Ferry-3,Plant 2,Product C,125,635,extended_10.6h,1050,965,2.3,1.5196850393700787,0.9671264615237584,0.6819099535634968,0.9976165803108809,0.6579213114841969,0.238341968911917,864
2022,5,Ferry-9,Plant 2,Product A,100,635,extended_10.6h,1050,1086,1.9,1.7102362204724408,0.9671264615237584,0.7674136886735311,0.9982504604051564,0.7408876013088375,0.1749539594843462,865
2022,5,Ferry-6,Plant 2,Product A,100,635,extended_10.6h,1050,973,1.2,1.5322834645669292,0.9671264615237584,0.7063718099067404,0.9987667009249744,0.6823083397003545,0.1233299075025693,866
2022,5,Ferry-9,Plant 2,Product C,125,635,extended_10.6h,1050,1222,2.1,1.9244094488188976,0.9671264615237584,0.863517060367454,0.9982815057283142,0.8336950325953795,0.1718494271685761,867
2022,5,Ferry-9,Plant 2,Product C,125,635,extended_10.6h,1050,981,1.6,1.5448818897637795,0.9671264615237584,0.6932162325863113,0.998369011213048,0.6693343019295964,0.1630988786952089,868
2022,5,Ferry-3,Plant 2,Product B,125,635,extended_10.6h,1050,1103,4.1,1.737007874015748,0.9671264615237584,0.7794266101352715,0.9962828649138712,0.7510021078113474,0.3717135086128739,869
2022,5,Ferry-1,Plant 1,Product B,100,635,extended_10.6h,1050,1005,3.8,1.5826771653543308,0.9671264615237584,0.7018695031542115,0.9962189054726368,0.6762299750445924,0.3781094527363184,870
2022,5,Ferry-1,Plant 1,Product B,125,635,extended_10.6h,1050,962,1.2,1.51496062992126,0.9671264615237584,0.6718392657058223,0.9987525987525988,0.6489430283887777,0.1247401247401247,871
2022,5,Ferry-4,Plant 1,Product C,100,635,extended_10.6h,1050,1200,5.3,1.889763779527559,0.9671264615237584,0.8238801510899626,0.9955833333333334,0.7932771116059705,0.4416666666666667,872
2022,5,Ferry-4,Plant 1,Product C,100,635,extended_10.6h,1050,1152,1.4,1.814173228346457,0.9671264615237584,0.7909249450463641,0.9987847222222224,0.7639948477557793,0.1215277777777777,873
2022,5,Ferry-9,Plant 1,Product A,125,635,extended_10.6h,1050,707,1.2,1.1133858267716537,0.9671264615237584,0.4995962043206138,0.9983026874115984,0.4823526141534707,0.1697312588401697,874
2022,5,Ferry-9,Plant 1,Product C,125,635,extended_10.6h,1050,1044,5.0,1.6440944881889763,0.9671264615237584,0.7377347062386432,0.9952107279693486,0.7100656929802437,0.4789272030651341,875
2022,5,Ferry-4,Plant 1,Product C,125,635,extended_10.6h,1050,1100,4.0,1.7322834645669292,0.9671264615237584,0.7552234718324657,0.9963636363636365,0.7277406163222094,0.3636363636363636,876
2022,5,Ferry-3,Plant 2,Product C,100,635,extended_10.6h,1050,1008,1.2,1.5874015748031496,0.9671264615237584,0.7122955784373107,0.9988095238095238,0.6880598072112699,0.119047619047619,877
2022,5,Ferry-9,Plant 2,Product C,125,635,extended_10.6h,1050,1266,2.3,1.9937007874015749,0.9671264615237584,0.8946093276801939,0.9981832543443918,0.8636285045419961,0.1816745655608214,878
2022,5,Ferry-3,Plant 2,Product C,125,635,extended_10.6h,1050,1054,1.4,1.6598425196850393,0.9671264615237584,0.7448011306279022,0.9986717267552182,0.7193601043609282,0.1328273244781783,879
2022,5,Ferry-1,Plant 2,Product A,150,635,extended_10.6h,1050,1224,1.2,1.9275590551181103,0.9671264615237584,0.8548142008564724,0.9990196078431371,0.8259029299685652,0.0980392156862745,880
2022,6,Ferry-4,Plant 2,Product C,100,635,extended_10.6h,1050,987,1.2,1.554330708661417,0.9671264615237584,0.6776414242714941,0.9987841945288752,0.6545681565423667,0.121580547112462,881
2022,6,Ferry-4,Plant 2,Product C,100,635,extended_10.6h,1050,1102,7.0,1.7354330708661416,0.9671264615237584,0.7565966054176156,0.9936479128856625,0.7270766194095066,0.6352087114337568,882
2022,6,Ferry-4,Plant 2,Product B,100,635,extended_10.6h,1050,1018,1.4,1.6031496062992123,0.9671264615237584,0.6989249948413182,0.9986247544204322,0.6750192614536114,0.1375245579567779,883
2022,6,Ferry-3,Plant 1,Product B,100,635,extended_10.6h,1050,1216,1.2,1.91496062992126,0.9671264615237584,0.8592772057338987,0.9990131578947368,0.8302096283276228,0.0986842105263157,884
2022,6,Ferry-1,Plant 1,Product B,125,635,extended_10.6h,1050,1014,2.3,1.5968503937007874,0.9671264615237584,0.7081549016899208,0.9977317554240632,0.6833218794972173,0.2268244575936883,885
2022,6,Ferry-6,Plant 1,Product C,125,635,extended_10.6h,1050,1124,2.3,1.7700787401574802,0.9671264615237584,0.8159937454626682,0.9979537366548042,0.7875542957829674,0.2046263345195729,886
2022,6,Ferry-9,Plant 1,Product C,125,635,extended_10.6h,1050,1200,1.9,1.889763779527559,0.9671264615237584,0.8479709267110842,0.9984166666666666,0.8187966378822233,0.1583333333333333,887
2022,6,Ferry-9,Plant 1,Product A,125,635,extended_10.6h,1050,1152,5.0,1.814173228346457,0.9671264615237584,0.8140520896426409,0.9956597222222222,0.7838742539445039,0.4340277777777778,888
2022,6,Ferry-6,Plant 1,Product C,125,635,extended_10.6h,1050,707,1.4,1.1133858267716537,0.9671264615237584,0.5132629697883511,0.998019801980198,0.4954072489118855,0.198019801980198,889
2022,6,Ferry-1,Plant 1,Product C,120,635,extended_10.6h,1050,1044,1.2,1.6440944881889763,0.9671264615237584,0.7291062301422853,0.9988505747126436,0.7043274250664211,0.1149425287356321,890
2022,6,Ferry-1,Plant 1,Product C,120,635,extended_10.6h,1050,700,2.3,1.1023622047244095,0.9671264615237584,0.4888643305551721,0.9967142857142856,0.4712401653901438,0.3285714285714285,891
2022,6,Ferry-4,Plant 2,Product B,120,635,extended_10.6h,1050,800,2.3,1.2598425196850394,0.9671264615237584,0.5492534340599751,0.997125,0.5296703372629803,0.2875,892
2022,6,Ferry-6,Plant 2,Product B,120,635,extended_10.6h,1050,862,1.9,1.3574803149606298,0.9671264615237584,0.6257887976768861,0.9977958236658931,0.6038829007782207,0.2204176334106728,893
2022,6,Ferry-9,Plant 2,Product B,120,635,extended_10.6h,1050,923,1.2,1.4535433070866142,0.9671264615237584,0.652230971128609,0.9986998916576382,0.629969736081991,0.1300108342361863,894
2022,6,Ferry-9,Plant 2,Product C,120,635,extended_10.6h,1050,569,2.1,0.8960629921259843,0.9671264615237584,0.4020795477488391,0.9963093145869948,0.3874266038022138,0.3690685413005273,895
2022,6,Ferry-3,Plant 2,Product C,150,635,extended_10.6h,1050,911,1.6,1.4346456692913383,0.9671264615237584,0.6437512618614979,0.9982436882546653,0.6214954198231313,0.1756311745334797,896
2022,6,Ferry-9,Plant 2,Product A,150,635,extended_10.6h,1050,1102,4.1,1.7354330708661416,0.9671264615237584,0.7787199676963455,0.9962794918330308,0.7503186952098263,0.3720508166969147,897
2022,6,Ferry-9,Plant 1,Product C,150,635,extended_10.6h,1050,1018,3.8,1.6031496062992123,0.9671264615237584,0.7193620028265696,0.9962671905697446,0.6931170604625245,0.3732809430255402,898
2022,6,Ferry-9,Plant 1,Product C,125,635,extended_10.6h,1050,1216,1.2,1.91496062992126,0.9671264615237584,0.8592772057338987,0.9990131578947368,0.8302096283276228,0.0986842105263157,899
2022,6,Ferry-9,Plant 1,Product B,125,635,extended_10.6h,1050,1014,6.0,1.5968503937007874,0.9671264615237584,0.7165354330708661,0.9940828402366864,0.6888799023330949,0.591715976331361,900
2022,6,Ferry-3,Plant 1,Product B,150,635,extended_10.6h,1050,1124,1.4,1.7700787401574802,0.9671264615237584,0.7942661013527155,0.9987544483985764,0.7671989864673933,0.1245551601423487,901
2022,6,Ferry-3,Plant 1,Product B,100,635,extended_10.6h,1050,1023,1.2,1.611023622047244,0.9671264615237584,0.7228952150211992,0.9988269794721408,0.6983109962340838,0.1173020527859237,902
2022,6,Ferry-4,Plant 1,Product C,100,635,extended_10.6h,1050,1214,2.3,1.9118110236220471,0.9671264615237584,0.8334920861860121,0.9981054365733114,0.804565059121917,0.1894563426688632,903
2022,6,Ferry-4,Plant 1,Product C,100,635,extended_10.6h,1050,1102,2.3,1.7354330708661416,0.9671264615237584,0.7565966054176156,0.997912885662432,0.7301974048992095,0.2087114337568058,904
2022,6,Ferry-4,Plant 2,Product A,100,635,extended_10.6h,1050,1018,1.9,1.6031496062992123,0.9671264615237584,0.6989249948413182,0.9981335952848724,0.67468726299726,0.1866404715127701,905
2022,6,Ferry-4,Plant 2,Product C,125,635,extended_10.6h,1050,1216,1.2,1.91496062992126,0.9671264615237584,0.8348652197711621,0.9990131578947368,0.8066234495512956,0.0986842105263157,906
2022,6,Ferry-4,Plant 2,Product C,125,635,extended_10.6h,1050,1014,2.1,1.5968503937007874,0.9671264615237584,0.6961787276710184,0.9979289940828402,0.6718984759639084,0.2071005917159763,907
2022,6,Ferry-6,Plant 2,Product C,125,635,extended_10.6h,1050,1124,1.6,1.7700787401574802,0.9671264615237584,0.8159937454626682,0.998576512455516,0.7880457712283165,0.1423487544483986,908
2022,6,Ferry-9,Plant 2,Product C,125,635,extended_10.6h,1050,1023,4.1,1.611023622047244,0.9671264615237584,0.7228952150211992,0.9959921798631476,0.696329099689673,0.4007820136852394,909
2022,6,Ferry-9,Plant 2,Product C,125,635,extended_10.6h,1050,862,3.8,1.3574803149606298,0.9671264615237584,0.6091257823541287,0.9955916473317864,0.5865046946252599,0.4408352668213456,910
2022,7,Ferry-3,Plant 2,Product B,125,635,extended_10.6h,1100,1123,1.4,1.768503937007874,0.9671264615237584,0.7935594589137895,0.998753339269813,0.7665155738658723,0.1246660730186999,911
2022,7,Ferry-1,Plant 1,Product B,125,635,extended_10.6h,1100,1209,1.2,1.903937007874016,0.9671264615237584,0.8443385366302903,0.9990074441687344,0.8157716378933867,0.0992555831265508,912
2022,7,Ferry-1,Plant 1,Product B,125,635,extended_10.6h,1100,996,2.3,1.568503937007874,0.9671264615237584,0.6955841046185021,0.9976907630522088,0.671164329007003,0.2309236947791164,913
2022,7,Ferry-4,Plant 1,Product C,100,635,extended_10.6h,1100,1211,2.3,1.9070866141732283,0.9671264615237584,0.8314323858082873,0.9981007431874483,0.8025730683838088,0.189925681255161,914
2022,7,Ferry-4,Plant 1,Product C,100,635,extended_10.6h,1100,1285,1.9,2.0236220472440944,0.9671264615237584,0.8822383284588349,0.9985214007782102,0.8519744386888931,0.1478599221789883,915
2022,7,Ferry-3,Plant 1,Product A,100,635,extended_10.6h,1100,1028,1.2,1.6188976377952755,0.9671264615237584,0.7264284272158287,0.9988326848249028,0.7017280592416884,0.1167315175097276,916
2022,7,Ferry-4,Plant 1,Product C,100,635,extended_10.6h,1100,1266,2.1,1.9937007874015749,0.9671264615237584,0.8691935593999106,0.9983412322274882,0.8392256979650005,0.1658767772511848,917
2022,7,Ferry-4,Plant 1,Product C,100,635,extended_10.6h,1100,1152,2.9,1.814173228346457,0.9671264615237584,0.7909249450463641,0.9974826388888888,0.7629988523867252,0.2517361111111111,918
2022,7,Ferry-4,Plant 1,Product B,100,635,extended_10.6h,1100,1081,1.4,1.7023622047244094,0.9671264615237584,0.7421787027735413,0.9987049028677152,0.7168510669538843,0.1295097132284921,919
2022,7,Ferry-9,Plant 2,Product C,125,635,extended_10.6h,1100,1046,1.2,1.647244094488189,0.9671264615237584,0.739147991116495,0.9988527724665393,0.714029486069065,0.1147227533460803,920
2022,7,Ferry-1,Plant 2,Product C,125,635,extended_10.6h,1100,1004,2.3,1.5811023622047244,0.9671264615237584,0.7011711255391326,0.9977091633466136,0.6765676847804316,0.2290836653386454,921
2022,7,Ferry-6,Plant 2,Product C,125,635,extended_10.6h,1100,1301,2.3,2.0488188976377955,0.9671264615237584,0.944490981180544,0.9982321291314372,0.911827372678381,0.1767870868562644,922
2022,7,Ferry-9,Plant 2,Product C,150,635,extended_10.6h,1100,1101,1.9,1.7338582677165355,0.9671264615237584,0.7780133252574197,0.9982742960944596,0.7511387903316514,0.1725703905540417,923
2022,7,Ferry-9,Plant 2,Product A,150,635,extended_10.6h,1100,1006,1.2,1.584251968503937,0.9671264615237584,0.7108822935594589,0.998807157057654,0.6866929820082279,0.1192842942345924,924
2022,7,Ferry-3,Plant 1,Product A,150,635,extended_10.6h,1100,1148,2.1,1.8078740157480315,0.9671264615237584,0.8112255198869371,0.9981707317073172,0.7831225000828308,0.1829268292682927,925
2022,7,Ferry-1,Plant 1,Product A,125,635,extended_10.6h,1100,1087,1.6,1.7118110236220472,0.9671264615237584,0.7591364675906744,0.9985280588776448,0.7331002945599284,0.1471941122355106,926
2022,7,Ferry-1,Plant 2,Product A,125,635,extended_10.6h,1100,1188,4.1,1.870866141732284,0.9671264615237584,0.8296726067136351,0.9965488215488216,0.7996291125202685,0.3451178451178451,927
2022,7,Ferry-9,Plant 1,Product C,150,635,extended_10.6h,1100,1187,3.8,1.8692913385826773,0.9671264615237584,0.8387845750050474,0.996798652064027,0.8086137901195615,0.3201347935973041,928
2022,7,Ferry-6,Plant 1,Product C,100,635,extended_10.6h,1100,1160,1.2,1.8267716535433072,0.9671264615237584,0.8421287764561346,0.9989655172413792,0.8136024943864694,0.1034482758620689,929
2022,7,Ferry-3,Plant 1,Product B,125,635,extended_10.6h,1100,1105,3.0,1.7401574803149606,0.9671264615237584,0.7808398950131233,0.9972850678733032,0.7531206868760622,0.2714932126696832,930
2022,7,Ferry-9,Plant 1,Product B,100,635,extended_10.6h,1100,1203,1.4,1.894488188976378,0.9671264615237584,0.8500908540278619,0.998836242726517,0.8211885819875465,0.1163757273482959,931
2022,7,Ferry-3,Plant 1,Product B,100,635,extended_10.6h,1100,1285,1.2,2.0236220472440944,0.9671264615237584,0.908035534019786,0.9990661478599222,0.8773650978325668,0.0933852140077821,932
2022,7,Ferry-1,Plant 2,Product C,125,635,extended_10.6h,1100,1128,2.3,1.7763779527559056,0.9671264615237584,0.787769949808906,0.9979609929078014,0.7603196992685752,0.2039007092198581,933
2022,7,Ferry-1,Plant 2,Product C,125,635,extended_10.6h,1100,1108,2.3,1.7448818897637794,0.9671264615237584,0.7738023975073296,0.9979241877256316,0.7468113098350037,0.2075812274368231,934
2022,7,Ferry-4,Plant 1,Product A,125,635,extended_10.6h,1100,1152,1.9,1.814173228346457,0.9671264615237584,0.7909249450463641,0.9983506944444444,0.763662849299428,0.1649305555555555,935
2022,7,Ferry-4,Plant 1,Product C,100,635,extended_10.6h,1100,1104,1.2,1.7385826771653543,0.9671264615237584,0.7579697390027655,0.9989130434782608,0.732255795328588,0.108695652173913,936
2022,7,Ferry-4,Plant 1,Product C,125,635,extended_10.6h,1100,1074,2.1,1.6913385826771654,0.9671264615237584,0.7373727352255165,0.99804469273743,0.7117382907260731,0.1955307262569832,937
2022,7,Ferry-4,Plant 1,Product C,100,635,extended_10.6h,1100,1122,1.6,1.7669291338582678,0.9671264615237584,0.7703279412691151,0.9985739750445632,0.7439421409921564,0.142602495543672,938
2022,7,Ferry-4,Plant 2,Product C,100,635,extended_10.6h,1100,1268,4.1,1.9968503937007875,0.9671264615237584,0.8705666929850605,0.9967665615141956,0.8392256979650005,0.3233438485804416,939
2022,7,Ferry-4,Plant 1,Product C,125,635,extended_10.6h,1100,1139,3.8,1.793700787401575,0.9671264615237584,0.7819995767428896,0.9966637401229148,0.753769295300157,0.3336259877085162,940
2022,7,Ferry-4,Plant 1,Product A,125,635,extended_10.6h,1100,1223,3.6,1.925984251968504,0.9671264615237584,0.8396711873191869,0.997056418642682,0.8096778353497281,0.294358135731807,941
2022,8,Ferry-1,Plant 1,Product C,125,635,extended_10.6h,1100,1187,1.4,1.8692913385826773,0.9671264615237584,0.8289742290985562,0.9988205560235888,0.8007773256221221,0.117944397641112,942
2022,8,Ferry-6,Plant 2,Product C,100,635,extended_10.6h,1100,1160,1.2,1.8267716535433072,0.9671264615237584,0.8421287764561346,0.9989655172413792,0.8136024943864694,0.1034482758620689,943
2022,8,Ferry-9,Plant 2,Product B,125,635,extended_10.6h,1100,1105,2.3,1.7401574803149606,0.9671264615237584,0.7808398950131233,0.9979185520361992,0.7535990756971268,0.2081447963800904,944
2022,8,Ferry-9,Plant 2,Product B,125,635,extended_10.6h,1100,1103,2.3,1.737007874015748,0.9671264615237584,0.7794266101352715,0.9979147778785132,0.7522322504940849,0.2085222121486853,945
2022,8,Ferry-3,Plant 2,Product B,150,635,extended_10.6h,1100,1285,1.9,2.0236220472440944,0.9671264615237584,0.908035534019786,0.9985214007782102,0.8768867090115022,0.1478599221789883,946
2022,8,Ferry-1,Plant 1,Product C,100,635,extended_10.6h,1100,1128,1.2,1.7763779527559056,0.9671264615237584,0.787769949808906,0.998936170212766,0.7610626606874217,0.1063829787234042,947
2022,8,Ferry-3,Plant 1,Product C,100,635,extended_10.6h,1100,1110,2.1,1.748031496062992,0.9671264615237584,0.7843731072077528,0.998108108108108,0.7571528212250356,0.1891891891891892,948
2022,8,Ferry-9,Plant 1,Product A,100,635,extended_10.6h,1100,1342,1.6,2.113385826771653,0.9671264615237584,0.9483141530385624,0.9988077496274218,0.9160462510786512,0.1192250372578241,949
2022,8,Ferry-9,Plant 1,Product C,100,635,extended_10.6h,1100,1117,4.1,1.7590551181102363,0.9671264615237584,0.7893196042802342,0.99632945389436,0.7605698842326403,0.3670546105640107,950
2022,8,Ferry-6,Plant 1,Product C,125,635,extended_10.6h,1100,1044,3.8,1.6440944881889763,0.9671264615237584,0.757915898810521,0.996360153256705,0.7303325117887517,0.3639846743295019,951
2022,8,Ferry-9,Plant 1,Product B,125,635,extended_10.6h,1100,1020,1.2,1.6062992125984252,0.9671264615237584,0.7207752877044216,0.9988235294117648,0.696260758429521,0.1176470588235294,952
2022,8,Ferry-9,Plant 2,Product B,125,635,extended_10.6h,1100,1300,4.1,2.047244094488189,0.9671264615237584,0.9186351706036744,0.9968461538461538,0.8856343903109699,0.3153846153846154,953
2022,8,Ferry-3,Plant 2,Product C,125,635,extended_10.6h,1100,1162,1.4,1.82992125984252,0.9671264615237584,0.8211185140319001,0.9987951807228916,0.7931686653251887,0.1204819277108433,954
2022,8,Ferry-1,Plant 2,Product A,125,635,extended_10.6h,1100,1123,1.2,1.768503937007874,0.9671264615237584,0.7842780617335118,0.9989314336598396,0.7576855633290287,0.1068566340160284,955
2022,8,Ferry-1,Plant 1,Product A,120,635,extended_10.6h,1100,1169,2.3,1.840944881889764,0.9671264615237584,0.8164034320271375,0.99803250641574,0.788011897607397,0.1967493584260051,956
2022,8,Ferry-4,Plant 1,Product A,120,635,extended_10.6h,1100,1111,2.3,1.7496062992125985,0.9671264615237584,0.7627757065507904,0.997929792979298,0.7361733771135343,0.207020702070207,957
2022,8,Ferry-4,Plant 1,Product A,120,635,extended_10.6h,1100,1188,1.9,1.870866141732284,0.9671264615237584,0.815641349579063,0.9984006734006734,0.7875667381567268,0.1599326599326599,958
2022,8,Ferry-4,Plant 1,Product C,120,635,extended_10.6h,1100,1187,1.6,1.8692913385826773,0.9671264615237584,0.814954782786488,0.9986520640269588,0.7871019403178349,0.134793597304128,959
2022,8,Ferry-4,Plant 1,Product C,120,635,extended_10.6h,1100,1160,1.2,1.8267716535433072,0.9671264615237584,0.7964174793869638,0.9989655172413792,0.7694396224399418,0.1034482758620689,960
2022,8,Ferry-4,Plant 1,Product B,120,635,extended_10.6h,1100,1105,4.0,1.7401574803149606,0.9671264615237584,0.7586563057953406,0.9963800904977376,0.7310606008857231,0.3619909502262443,961
2022,8,Ferry-4,Plant 1,Product B,150,635,extended_10.6h,1100,1088,1.4,1.7133858267716535,0.9671264615237584,0.7469846703215661,0.9987132352941176,0.7214990453428036,0.1286764705882352,962
2022,8,Ferry-9,Plant 1,Product B,150,635,extended_10.6h,1100,1285,1.2,2.0236220472440944,0.9671264615237584,0.908035534019786,0.9990661478599222,0.8773650978325668,0.0933852140077821,963
2022,8,Ferry-9,Plant 2,Product C,150,635,extended_10.6h,1100,1128,2.3,1.7763779527559056,0.9671264615237584,0.7970926711084192,0.9979609929078014,0.7693175655321082,0.2039007092198581,964
2022,8,Ferry-6,Plant 2,Product C,125,635,extended_10.6h,1100,1280,2.3,2.015748031496063,0.9671264615237584,0.9292455464343552,0.998203125,0.897083109317908,0.1796875,965
2022,8,Ferry-9,Plant 2,Product A,125,635,extended_10.6h,1100,1152,1.9,1.814173228346457,0.9671264615237584,0.8140520896426409,0.9983506944444444,0.7859928330092188,0.1649305555555555,966
2022,8,Ferry-9,Plant 2,Product C,150,635,extended_10.6h,1100,1188,1.2,1.870866141732284,0.9671264615237584,0.8394912174439734,0.998989898989899,0.8110740754850368,0.101010101010101,967
2022,8,Ferry-3,Plant 2,Product C,100,635,extended_10.6h,1100,1044,2.1,1.6440944881889763,0.9671264615237584,0.7377347062386432,0.9979885057471264,0.7120475895246544,0.2011494252873563,968
2022,8,Ferry-1,Plant 2,Product C,100,635,extended_10.6h,1100,1109,1.6,1.7464566929133858,0.9671264615237584,0.7745007751224083,0.9985572587917042,0.7479595229368571,0.1442741208295762,969
2022,8,Ferry-1,Plant 1,Product C,100,635,extended_10.6h,1100,1178,4.1,1.8551181102362204,0.9671264615237584,0.8226888305628468,0.9965195246179966,0.7928749178034827,0.3480475382003395,970
2022,8,Ferry-4,Plant 1,Product C,100,635,extended_10.6h,1100,1162,3.8,1.82992125984252,0.9671264615237584,0.797790612972114,0.9967297762478484,0.7690412242923202,0.3270223752151462,971
2022,8,Ferry-4,Plant 1,Product A,125,635,extended_10.6h,1100,1123,1.4,1.768503937007874,0.9671264615237584,0.7710145080616899,0.998753339269813,0.7447389372873996,0.1246660730186999,972
2022,9,Ferry-4,Plant 1,Product C,125,635,extended_10.6h,1100,1011,1.2,1.5921259842519686,0.9671264615237584,0.6941190272932936,0.998813056379822,0.6705040824472327,0.1186943620178041,973
2022,9,Ferry-4,Plant 1,Product C,125,635,extended_10.6h,1100,1111,7.0,1.7496062992125985,0.9671264615237584,0.7627757065507904,0.9936993699369936,0.7330525916238314,0.6300630063006301,974
2022,9,Ferry-4,Plant 1,Product B,125,635,extended_10.6h,1100,1112,1.4,1.7511811023622048,0.9671264615237584,0.7634622733433654,0.9987410071942446,0.7374349712476695,0.1258992805755395,975
2022,9,Ferry-3,Plant 1,Product B,125,635,extended_10.6h,1100,1131,1.2,1.7811023622047244,0.9671264615237584,0.7992125984251968,0.9989389920424404,0.7721195571983439,0.1061007957559681,976
2022,9,Ferry-4,Plant 2,Product B,100,635,extended_10.6h,1100,1114,2.3,1.7543307086614173,0.9671264615237584,0.7648354069285153,0.997935368043088,0.7381653678516424,0.2064631956912028,977
2022,9,Ferry-4,Plant 2,Product B,100,635,extended_10.6h,1100,1132,2.3,1.7826771653543307,0.9671264615237584,0.7771936091948647,0.9979681978798588,0.7501173122802919,0.2031802120141342,978
2022,9,Ferry-1,Plant 2,Product C,100,635,extended_10.6h,1100,1116,1.9,1.75748031496063,0.9671264615237584,0.7793894184279602,0.9982974910394266,0.7524848333971038,0.1702508960573476,979
2022,9,Ferry-4,Plant 2,Product C,100,635,extended_10.6h,1100,1117,1.2,1.7590551181102363,0.9671264615237584,0.7668951073062402,0.9989256938227394,0.7408877551937237,0.1074306177260519,980
2022,9,Ferry-4,Plant 1,Product A,100,635,extended_10.6h,1100,1110,2.1,1.748031496062992,0.9671264615237584,0.7620891397582154,0.998108108108108,0.735642179583372,0.1891891891891892,981
2022,9,Ferry-4,Plant 1,Product C,100,635,extended_10.6h,1100,1119,1.6,1.7622047244094488,0.9671264615237584,0.7682682408913901,0.9985701519213585,0.7419501502540482,0.1429848078641644,982
2022,9,Ferry-1,Plant 1,Product C,150,635,extended_10.6h,1100,1120,4.1,1.763779527559055,0.9671264615237584,0.7821829288882753,0.9963392857142858,0.7537005884461251,0.3660714285714285,983
2022,9,Ferry-4,Plant 1,Product B,150,635,extended_10.6h,1100,1121,3.8,1.7653543307086614,0.9671264615237584,0.76964137447654,0.9966101694915256,0.7418173508715076,0.3389830508474576,984
2022,9,Ferry-6,Plant 1,Product B,150,635,extended_10.6h,1100,1132,3.6,1.7826771653543307,0.9671264615237584,0.821801530127883,0.9968197879858656,0.7922584179027373,0.3180212014134276,985
2022,9,Ferry-3,Plant 1,Product B,125,635,extended_10.6h,1100,1123,1.4,1.768503937007874,0.9671264615237584,0.7935594589137895,0.998753339269813,0.7665155738658723,0.1246660730186999,986
2022,9,Ferry-4,Plant 1,Product C,125,635,extended_10.6h,1100,1124,1.2,1.7700787401574802,0.9671264615237584,0.771701074854265,0.998932384341637,0.7455357335826429,0.1067615658362989,987
2022,9,Ferry-1,Plant 1,Product C,150,635,extended_10.6h,1100,1216,2.3,1.91496062992126,0.9671264615237584,0.849227179935842,0.9981085526315788,0.8197566127762902,0.1891447368421052,988
2022,9,Ferry-4,Plant 2,Product A,100,635,extended_10.6h,1100,1122,2.3,1.7669291338582678,0.9671264615237584,0.7703279412691151,0.9979500891265596,0.7434773431532645,0.2049910873440285,989
2022,9,Ferry-3,Plant 2,Product C,125,635,extended_10.6h,1100,1117,1.9,1.7590551181102363,0.9671264615237584,0.7893196042802342,0.9982990152193376,0.7620733919559863,0.1700984780662488,990
2022,9,Ferry-1,Plant 2,Product C,100,635,extended_10.6h,1100,1023,1.2,1.611023622047244,0.9671264615237584,0.7144403002256301,0.9988269794721408,0.6901436161611709,0.1173020527859237,991
2022,9,Ferry-1,Plant 2,Product B,100,635,extended_10.6h,1100,1044,2.1,1.6440944881889763,0.9671264615237584,0.7291062301422853,0.9979885057471264,0.7037195475419104,0.2011494252873563,992
2022,9,Ferry-4,Plant 2,Product B,125,635,extended_10.6h,1100,1147,1.6,1.8062992125984247,0.9671264615237584,0.787492111083489,0.9986050566695728,0.7605420638097248,0.1394943330427201,993
2022,9,Ferry-3,Plant 2,Product B,125,635,extended_10.6h,1100,1143,4.1,1.8,0.9671264615237584,0.8076923076923077,0.9964129483814524,0.7783386118721844,0.3587051618547681,994
2022,9,Ferry-3,Plant 2,Product C,125,635,extended_10.6h,1100,1177,3.8,1.853543307086614,0.9671264615237584,0.8317181506157884,0.9967714528462192,0.8017796641043521,0.3228547153780798,995
2022,9,Ferry-4,Plant 1,Product C,100,635,extended_10.6h,1100,1188,1.2,1.870866141732284,0.9671264615237584,0.815641349579063,0.998989898989899,0.7880315359956187,0.101010101010101,996
2022,9,Ferry-1,Plant 1,Product A,125,635,extended_10.6h,1100,1199,3.3,1.888188976377953,0.9671264615237584,0.8373547604795021,0.9972477064220184,0.8075990622860757,0.2752293577981651,997
2022,9,Ferry-4,Plant 1,Product C,100,635,extended_10.6h,1100,1108,1.4,1.7448818897637794,0.9671264615237584,0.7607160061730655,0.9987364620938628,0.7347789835968584,0.1263537906137184,998
2022,9,Ferry-1,Plant 1,Product C,100,635,extended_10.6h,1100,1143,1.2,1.8,0.9671264615237584,0.7982456140350882,0.9989501312335958,0.7711939527626003,0.1049868766404199,999
2022,9,Ferry-4,Plant 1,Product B,125,635,extended_10.6h,1100,1132,2.3,1.7826771653543307,0.9671264615237584,0.7771936091948647,0.9979681978798588,0.7501173122802919,0.2031802120141342,1000
2022,9,Ferry-4,Plant 1,Product C,125,635,extended_10.6h,1100,1166,2.3,1.8362204724409448,0.9671264615237584,0.8005368801424136,0.9980274442538594,0.7726932073121853,0.1972555746140651,1001
2022,9,Ferry-1,Plant 1,Product C,125,635,extended_10.6h,1100,1143,1.9,1.8,0.9671264615237584,0.7982456140350882,0.9983377077865266,0.7707211591324252,0.1662292213473315,1002
2022,10,Ferry-4,Plant 1,Product C,100,635,extended_10.6h,1050,1112,1.4,1.7511811023622048,0.9671264615237584,0.7634622733433654,0.9987410071942446,0.7374349712476695,0.1258992805755395,1003
2022,10,Ferry-3,Plant 2,Product C,125,635,extended_10.6h,1050,1123,1.2,1.768503937007874,0.9671264615237584,0.7935594589137895,0.9989314336598396,0.7666522563861765,0.1068566340160284,1004
2022,10,Ferry-1,Plant 2,Product B,125,635,extended_10.6h,1050,1145,2.3,1.8031496062992125,0.9671264615237584,0.7996423692652458,0.9979912663755458,0.771801830287111,0.2008733624454148,1005
2022,10,Ferry-3,Plant 2,Product B,150,635,extended_10.6h,1050,1167,2.3,1.8377952755905511,0.9671264615237584,0.8246517262265293,0.9980291345329906,0.7959706569914242,0.1970865467009425,1006
2022,10,Ferry-4,Plant 2,Product B,100,635,extended_10.6h,1050,1143,1.9,1.8,0.9671264615237584,0.7847458439131894,0.9983377077865266,0.7576868770851031,0.1662292213473315,1007
2022,10,Ferry-1,Plant 2,Product B,100,635,extended_10.6h,1050,1133,1.2,1.784251968503937,0.9671264615237584,0.7912618378843,0.9989408649602824,0.7644397580458145,0.1059135039717564,1008
2022,10,Ferry-4,Plant 2,Product C,100,635,extended_10.6h,1050,1144,2.1,1.8015748031496064,0.9671264615237584,0.7854324107057644,0.9981643356643356,0.7582180746152656,0.1835664335664336,1009
2022,10,Ferry-4,Plant 2,Product C,125,635,extended_10.6h,1050,1167,1.6,1.8377952755905511,0.9671264615237584,0.8012234469349886,0.9986289631533848,0.7738220020637799,0.1371036846615252,1010
2022,10,Ferry-1,Plant 2,Product A,125,635,extended_10.6h,1050,1180,4.1,1.858267716535433,0.9671264615237584,0.8240855857930045,0.9965254237288136,0.7942257567468399,0.347457627118644,1011
2022,10,Ferry-4,Plant 2,Product C,150,635,extended_10.6h,1050,1109,3.8,1.7464566929133858,0.9671264615237584,0.7614025729656404,0.9965734896302976,0.7338493879190746,0.3426510369702434,1012
2022,10,Ferry-1,Plant 2,Product C,100,635,extended_10.6h,1050,1156,1.2,1.8204724409448816,0.9671264615237584,0.8073245230311127,0.998961937716263,0.7799744058944217,0.1038062283737024,1013
2022,10,Ferry-1,Plant 2,Product B,100,635,extended_10.6h,1050,1156,7.0,1.8204724409448816,0.9671264615237584,0.8073245230311127,0.9939446366782008,0.7760569729586859,0.6055363321799307,1014
2022,10,Ferry-1,Plant 2,Product B,100,635,extended_10.6h,1050,1117,1.4,1.7590551181102363,0.9671264615237584,0.780087796043039,0.998746642793196,0.7534979626046217,0.1253357206803939,1015
2022,10,Ferry-6,Plant 2,Product B,125,635,extended_10.6h,1050,1108,1.2,1.7448818897637794,0.9671264615237584,0.8043781761322388,0.9989169675090253,0.7770928898748225,0.1083032490974729,1016
2022,10,Ferry-9,Plant 1,Product C,125,635,extended_10.6h,1050,1128,2.3,1.7763779527559056,0.9671264615237584,0.7970926711084192,0.9979609929078014,0.7693175655321082,0.2039007092198581,1017
2022,10,Ferry-9,Plant 1,Product C,125,635,extended_10.6h,1050,1155,2.3,1.818897637795276,0.9671264615237584,0.8161720169594187,0.998008658008658,0.7877697057731733,0.1991341991341991,1018
2022,10,Ferry-3,Plant 1,Product A,125,635,extended_10.6h,1050,1134,1.9,1.7858267716535432,0.9671264615237584,0.8013325257419744,0.9983245149911816,0.773691406181842,0.1675485008818342,1019
2022,10,Ferry-1,Plant 1,Product C,125,635,extended_10.6h,1050,1144,1.2,1.8015748031496064,0.9671264615237584,0.798943991650167,0.9989510489510488,0.7718693722342789,0.1048951048951049,1020
2022,10,Ferry-1,Plant 1,Product C,100,635,extended_10.6h,1050,1134,2.1,1.7858267716535432,0.9671264615237584,0.7919602154993788,0.998148148148148,0.7645072999929823,0.1851851851851852,1021
2022,10,Ferry-4,Plant 1,Product B,150,635,extended_10.6h,1050,1056,1.6,1.662992125984252,0.9671264615237584,0.7250145329591671,0.9984848484848484,0.7001183447537752,0.1515151515151515,1022
2022,10,Ferry-3,Plant 1,Product B,125,635,extended_10.6h,1050,1078,4.1,1.6976377952755906,0.9671264615237584,0.761760549162124,0.9961966604823748,0.7339167927733241,0.3803339517625231,1023
2022,10,Ferry-3,Plant 1,Product B,125,635,extended_10.6h,1050,1090,3.8,1.7165354330708662,0.9671264615237584,0.7702402584292348,0.99651376146789,0.7423227677720317,0.3486238532110092,1024
2022,10,Ferry-3,Plant 2,Product C,125,635,extended_10.6h,1050,1154,3.6,1.817322834645669,0.9671264615237584,0.8154653745204925,0.9968804159445408,0.7861978567896749,0.3119584055459272,1025
2022,10,Ferry-4,Plant 2,Product C,100,635,extended_10.6h,1050,1146,1.4,1.8047244094488188,0.9671264615237584,0.7868055442909142,0.9987783595113436,0.7600108662795627,0.1221640488656195,1026
2022,10,Ferry-4,Plant 2,Product A,125,635,extended_10.6h,1050,1143,1.2,1.8,0.9671264615237584,0.7847458439131894,0.9989501312335958,0.758151674923995,0.1049868766404199,1027
2022,10,Ferry-4,Plant 2,Product C,125,635,extended_10.6h,1050,1133,2.3,1.784251968503937,0.9671264615237584,0.7778801759874397,0.9979699911738746,0.7507813091929947,0.203000882612533,1028
2022,10,Ferry-4,Plant 2,Product C,100,635,extended_10.6h,1050,1124,2.3,1.7700787401574802,0.9671264615237584,0.771701074854265,0.9979537366548042,0.7448053369786699,0.2046263345195729,1029
2022,10,Ferry-1,Plant 2,Product C,125,635,extended_10.6h,1050,1158,1.9,1.8236220472440945,0.9671264615237584,0.8087212782612705,0.9983592400690846,0.7808524512076039,0.1640759930915371,1030
2022,10,Ferry-6,Plant 2,Product C,125,635,extended_10.6h,1050,1189,1.2,1.8724409448818893,0.9671264615237584,0.8631819958675377,0.9989907485281748,0.8339636199795031,0.1009251471825063,1031
2022,10,Ferry-9,Plant 2,Product C,150,635,extended_10.6h,1050,1154,2.1,1.817322834645669,0.9671264615237584,0.8154653745204925,0.9981802426343154,0.7872229756919563,0.1819757365684575,1032
2022,10,Ferry-9,Plant 2,Product A,100,635,extended_10.6h,1050,1144,1.4,1.8015748031496064,0.9671264615237584,0.8083989501312336,0.9987762237762238,0.7808672384978119,0.1223776223776223,1033
2022,11,Ferry-3,Plant 2,Product C,125,635,extended_10.6h,1050,1011,1.4,1.5921259842519686,0.9671264615237584,0.7144155057540884,0.9986152324431256,0.6899733624955284,0.1384767556874381,1034
2022,11,Ferry-1,Plant 1,Product B,125,635,extended_10.6h,1050,1009,1.2,1.588976377952756,0.9671264615237584,0.7046630136145267,0.998810703666997,0.6806877435576708,0.1189296333002973,1035
2022,11,Ferry-1,Plant 1,Product B,125,635,extended_10.6h,1050,1008,2.3,1.5874015748031496,0.9671264615237584,0.7039646359994478,0.997718253968254,0.6792693626671458,0.2281746031746031,1036
2022,11,Ferry-6,Plant 1,Product B,120,635,extended_10.6h,1050,1006,2.3,1.584251968503937,0.9671264615237584,0.7303289216507511,0.997713717693837,0.7047055778526918,0.2286282306163021,1037
2022,11,Ferry-3,Plant 1,Product C,120,635,extended_10.6h,1050,1009,1.9,1.588976377952756,0.9671264615237584,0.7130022208762367,0.9981169474727452,0.6882648309917262,0.1883052527254707,1038
2022,11,Ferry-3,Plant 1,Product C,120,635,extended_10.6h,1050,1099,1.2,1.7307086614173228,0.9671264615237584,0.7766000403795679,0.9989080982711556,0.7502503539496742,0.1091901728844404,1039
2022,11,Ferry-3,Plant 1,Product A,120,635,extended_10.6h,1050,1088,2.1,1.7133858267716535,0.9671264615237584,0.768826973551383,0.9980698529411764,0.7421177439915752,0.1930147058823529,1040
2022,11,Ferry-3,Plant 1,Product C,120,635,extended_10.6h,1050,1056,1.6,1.662992125984252,0.9671264615237584,0.7462144155057541,0.9984848484848484,0.720590247043666,0.1515151515151515,1041
2022,11,Ferry-4,Plant 1,Product C,120,635,extended_10.6h,1050,1045,4.1,1.6456692913385826,0.9671264615237584,0.7174622982408424,0.9960765550239234,0.691154386432288,0.3923444976076554,1042
2022,11,Ferry-4,Plant 2,Product C,150,635,extended_10.6h,1050,944,3.8,1.4866141732283464,0.9671264615237584,0.6481190521907706,0.9959745762711864,0.6242898973231216,0.4025423728813559,1043
2022,11,Ferry-4,Plant 2,Product C,150,635,extended_10.6h,1050,1026,1.2,1.615748031496063,0.9671264615237584,0.704417529181918,0.9988304093567252,0.6804640361377738,0.1169590643274853,1044
2022,11,Ferry-4,Plant 2,Product C,150,635,extended_10.6h,1050,1045,6.1,1.6456692913385826,0.9671264615237584,0.7174622982408424,0.9941626794258374,0.6898263926068826,0.5837320574162679,1045
2022,11,Ferry-4,Plant 2,Product A,125,635,extended_10.6h,1050,1044,1.4,1.6440944881889763,0.9671264615237584,0.7167757314482675,0.9986590038314176,0.6922831811838828,0.1340996168582375,1046
2022,11,Ferry-4,Plant 2,Product A,125,635,extended_10.6h,1050,1087,1.2,1.7118110236220472,0.9671264615237584,0.7462981035289911,0.9988960441582336,0.7209678478126413,0.1103955841766329,1047
2022,11,Ferry-4,Plant 2,Product A,150,635,extended_10.6h,1050,1098,2.3,1.7291338582677165,0.9671264615237584,0.7538503382473157,0.997905282331512,0.7275414172483985,0.209471766848816,1048
2022,11,Ferry-4,Plant 2,Product A,100,635,extended_10.6h,1050,1090,2.3,1.7165354330708662,0.9671264615237584,0.748357803906716,0.9978899082568808,0.7222294419467766,0.2110091743119266,1049
2022,11,Ferry-9,Plant 2,Product C,100,635,extended_10.6h,1050,1065,1.9,1.6771653543307086,0.9671264615237584,0.7525741974560871,0.9982159624413146,0.7265359366768981,0.1784037558685446,1050
2022,11,Ferry-9,Plant 1,Product C,100,635,extended_10.6h,1050,1055,1.2,1.6614173228346456,0.9671264615237584,0.7455077730668281,0.9988625592417062,0.7201801994827535,0.1137440758293838,1051
2022,11,Ferry-3,Plant 1,Product B,100,635,extended_10.6h,1050,1012,2.1,1.5937007874015747,0.9671264615237584,0.7151221481930142,0.9979249011857708,0.6901783862759846,0.2075098814229249,1052
2022,11,Ferry-1,Plant 1,Product C,125,635,extended_10.6h,1050,1034,1.6,1.6283464566929131,0.9671264615237584,0.722122453991497,0.9984526112185688,0.6973030625609637,0.1547388781431334,1053
2022,11,Ferry-1,Plant 1,Product B,125,635,extended_10.6h,1050,945,4.1,1.4881889763779528,0.9671264615237584,0.6599668462494824,0.9956613756613756,0.6355021809023741,0.4338624338624338,1054
2022,11,Ferry-4,Plant 1,Product B,125,635,extended_10.6h,1050,967,3.8,1.5228346456692914,0.9671264615237584,0.6639100884199949,0.9960703205791106,0.6395618263152847,0.3929679420889349,1055
2022,11,Ferry-6,Plant 1,Product B,125,635,extended_10.6h,1050,985,3.6,1.5511811023622046,0.9671264615237584,0.7150834869045625,0.9963451776649748,0.6890485743794278,0.3654822335025381,1056
2022,11,Ferry-4,Plant 1,Product C,125,635,extended_10.6h,1050,1048,1.4,1.6503937007874017,0.9671264615237584,0.7195219986185674,0.9986641221374046,0.6949391688346938,0.1335877862595419,1057
2022,11,Ferry-6,Plant 1,Product C,120,635,extended_10.6h,1050,1056,1.2,1.662992125984252,0.9671264615237584,0.7666275758083432,0.9988636363636364,0.7405832853631756,0.1136363636363636,1058
2022,11,Ferry-4,Plant 2,Product A,120,635,extended_10.6h,1050,1067,2.3,1.6803149606299213,0.9671264615237584,0.7325667676774917,0.9978444236176196,0.7069575129546134,0.2155576382380506,1059
2022,11,Ferry-4,Plant 2,Product C,120,635,extended_10.6h,1050,1070,2.3,1.68503937007874,0.9671264615237584,0.7346264680552166,0.9978504672897196,0.7089495036927216,0.2149532710280373,1060
2022,11,Ferry-3,Plant 2,Product C,120,635,extended_10.6h,1050,1043,1.9,1.6425196850393702,0.9671264615237584,0.7370280637997174,0.9981783317353788,0.7115008594434378,0.1821668264621284,1061
2022,11,Ferry-3,Plant 2,Product C,120,635,extended_10.6h,1050,1036,1.2,1.631496062992126,0.9671264615237584,0.732081566727236,0.9988416988416988,0.7071953600538559,0.1158301158301158,1062
2022,11,Ferry-3,Plant 2,Product C,120,635,extended_10.6h,1050,1068,2.1,1.6818897637795276,0.9671264615237584,0.7546941247728649,0.9980337078651684,0.7284494919611566,0.196629213483146,1063
2022,12,Ferry-3,Plant 2,Product C,125,635,extended_10.6h,1050,1012,1.4,1.5937007874015747,0.9671264615237584,0.7151221481930142,0.9986166007905138,0.6906567750970493,0.1383399209486165,1064
2022,12,Ferry-3,Plant 2,Product B,125,635,extended_10.6h,1050,1014,1.2,1.5968503937007874,0.9671264615237584,0.7165354330708661,0.9988165680473372,0.6921602828203954,0.1183431952662722,1065
2022,12,Ferry-6,Plant 2,Product B,125,635,extended_10.6h,1050,1023,2.3,1.611023622047244,0.9671264615237584,0.7426704640643325,0.9977517106549364,0.7166414100968841,0.2248289345063538,1066
2022,12,Ferry-9,Plant 2,Product B,125,635,extended_10.6h,1050,1045,2.3,1.6456692913385826,0.9671264615237584,0.738441348677569,0.9977990430622008,0.712594319605871,0.2200956937799043,1067
2022,12,Ferry-9,Plant 2,Product C,125,635,extended_10.6h,1050,1067,1.4,1.6803149606299213,0.9671264615237584,0.753987482333939,0.9986879100281162,0.7282444681807003,0.1312089971883786,1068
2022,12,Ferry-3,Plant 2,Product C,125,635,extended_10.6h,1050,1087,1.2,1.7118110236220472,0.9671264615237584,0.768120331112457,0.9988960441582336,0.7420494027314231,0.1103955841766329,1069
2022,12,Ferry-1,Plant 2,Product A,125,635,extended_10.6h,1050,1054,2.3,1.6598425196850393,0.9671264615237584,0.7360900062930734,0.9978178368121442,0.7103386583643604,0.2182163187855787,1070
2022,12,Ferry-1,Plant 1,Product C,100,635,extended_10.6h,1050,956,2.3,1.505511811023622,0.9671264615237584,0.6676490000153493,0.9975941422594142,0.6441475501398598,0.2405857740585773,1071
2022,12,Ferry-4,Plant 1,Product C,100,635,extended_10.6h,1050,1078,1.9,1.6976377952755906,0.9671264615237584,0.7401190023958164,0.9982374768089054,0.7145270777594248,0.1762523191094619,1072
2022,12,Ferry-4,Plant 1,Product C,100,635,extended_10.6h,1050,1009,1.2,1.588976377952756,0.9671264615237584,0.6927458937081435,0.998810703666997,0.6691760886218272,0.1189296333002973,1073
2022,12,Ferry-4,Plant 1,Product C,100,635,extended_10.6h,1050,1022,2.1,1.6094488188976377,0.9671264615237584,0.7016712620116181,0.997945205479452,0.6772104512655305,0.2054794520547945,1074
2022,12,Ferry-4,Plant 1,Product C,100,635,extended_10.6h,1050,1002,1.6,1.5779527559055118,0.9671264615237584,0.6879399261601188,0.9984031936127744,0.6642625114678268,0.1596806387225549,1075
2022,12,Ferry-3,Plant 1,Product C,100,635,extended_10.6h,1050,1009,4.1,1.588976377952756,0.9671264615237584,0.7130022208762367,0.99593657086224,0.6867613232683801,0.4063429137760158,1076
2022,12,Ferry-3,Plant 1,Product A,100,635,extended_10.6h,1050,1078,3.8,1.6976377952755906,0.9671264615237584,0.761760549162124,0.9964749536178108,0.7341218165537805,0.3525046382189239,1077
2022,12,Ferry-6,Plant 1,Product A,100,635,extended_10.6h,1050,1089,1.2,1.71496062992126,0.9671264615237584,0.790584687552354,0.9988980716253444,0.7637528420724901,0.1101928374655647,1078
2022,12,Ferry-9,Plant 2,Product A,125,635,extended_10.6h,1050,1065,2.9,1.6771653543307086,0.9671264615237584,0.7525741974560871,0.9972769953051644,0.725852524075377,0.272300469483568,1079
2022,12,Ferry-9,Plant 2,Product A,125,635,extended_10.6h,1050,1023,1.4,1.611023622047244,0.9671264615237584,0.7228952150211992,0.9986314760508308,0.6981743137137796,0.136852394916911,1080
2022,12,Ferry-3,Plant 2,Product C,125,635,extended_10.6h,1050,1036,1.2,1.631496062992126,0.9671264615237584,0.732081566727236,0.9988416988416988,0.7071953600538559,0.1158301158301158,1081
2022,12,Ferry-1,Plant 1,Product C,125,635,extended_10.6h,1050,1078,2.3,1.6976377952755906,0.9671264615237584,0.7528510690549651,0.9978664192949908,0.7265487256846463,0.2133580705009276,1082
2022,12,Ferry-1,Plant 2,Product B,125,635,extended_10.6h,1050,1065,2.3,1.6771653543307086,0.9671264615237584,0.7437721600589404,0.9978403755868543,0.7177682725528247,0.2159624413145539,1083
2022,12,Ferry-4,Plant 2,Product B,150,635,extended_10.6h,1050,1023,2.3,1.611023622047244,0.9671264615237584,0.7023578288041931,0.9977517106549364,0.6777416487956925,0.2248289345063538,1084
2022,12,Ferry-4,Plant 2,Product B,150,635,extended_10.6h,1050,1050,1.9,1.653543307086614,0.9671264615237584,0.7208951322037171,0.9981904761904762,0.6959351642037478,0.1809523809523809,1085
2022,12,Ferry-4,Plant 1,Product C,150,635,extended_10.6h,1050,1005,1.2,1.5826771653543308,0.9671264615237584,0.6899996265378437,0.9988059701492538,0.6665201009710162,0.1194029850746268,1086
2022,12,Ferry-4,Plant 1,Product C,125,635,extended_10.6h,1050,1003,2.1,1.579527559055118,0.9671264615237584,0.6886264929526937,0.9979062811565304,0.6645945099241783,0.2093718843469591,1087
2022,12,Ferry-3,Plant 1,Product A,125,635,extended_10.6h,1050,1078,1.6,1.6976377952755906,0.9671264615237584,0.761760549162124,0.9985157699443412,0.7356253242771265,0.1484230055658627,1088
2022,12,Ferry-3,Plant 1,Product C,150,635,extended_10.6h,1050,1089,4.1,1.71496062992126,0.9671264615237584,0.769533615990309,0.9962350780532598,0.7414343313900543,0.3764921946740128,1089
2022,12,Ferry-6,Plant 1,Product C,100,635,extended_10.6h,1050,965,3.8,1.5196850393700787,0.9671264615237584,0.7005640252415257,0.9960621761658032,0.6748659972422112,0.3937823834196891,1090
2022,12,Ferry-9,Plant 1,Product C,125,635,extended_10.6h,1050,844,3.6,1.3291338582677166,0.9671264615237584,0.5964062184534625,0.995734597156398,0.5743399503181875,0.4265402843601895,1091
2022,12,Ferry-9,Plant 1,Product C,100,635,extended_10.6h,1050,1055,1.4,1.6614173228346456,0.9671264615237584,0.7455077730668281,0.9986729857819904,0.7200435169624493,0.1327014218009478,1092
2022,12,Ferry-3,Plant 1,Product C,100,635,extended_10.6h,1050,1075,1.2,1.6929133858267718,0.9671264615237584,0.7596406218453463,0.9988837209302326,0.733848451513172,0.1116279069767441,1093
2022,12,Ferry-1,Plant 2,Product A,125,635,extended_10.6h,1050,1078,2.3,1.6976377952755906,0.9671264615237584,0.7528510690549651,0.9978664192949908,0.7265487256846463,0.2133580705009276,1094
2023,1,Ferry-3,Plant 2,Product C,125,635,extended_10.6h,1150,1112,1.6,1.7511811023622048,0.9694069767286072,0.7857863920856047,0.9985611510791368,0.7606507721296304,0.1438848920863309,1095
2023,1,Ferry-3,Plant 2,Product A,125,635,extended_10.6h,1150,1144,4.1,1.8015748031496064,0.9694069767286072,0.8083989501312336,0.996416083916084,0.7808589833848755,0.3583916083916084,1096
2023,1,Ferry-3,Plant 2,Product A,125,635,extended_10.6h,1150,1156,3.8,1.8204724409448816,0.9694069767286072,0.8168786593983443,0.996712802768166,0.789284779942147,0.328719723183391,1097
2023,1,Ferry-6,Plant 2,Product A,100,635,extended_10.6h,1150,1168,1.2,1.8393700787401568,0.9694069767286072,0.8479365611213492,0.998972602739726,0.8211511021282296,0.1027397260273972,1098
2023,1,Ferry-4,Plant 1,Product A,125,635,extended_10.6h,1150,1198,7.0,1.8866141732283463,0.9694069767286072,0.8225070175048126,0.9941569282136896,0.7926851027064176,0.5843071786310517,1099
2023,1,Ferry-9,Plant 1,Product C,100,635,extended_10.6h,1150,1109,1.4,1.7464566929133858,0.9694069767286072,0.783666464768827,0.9987376014427412,0.758732704620658,0.1262398557258791,1100
2023,1,Ferry-3,Plant 1,Product C,100,635,extended_10.6h,1150,1189,1.2,1.8724409448818893,0.9694069767286072,0.8401978598828991,0.9989907485281748,0.8136716382705105,0.1009251471825063,1101
2023,1,Ferry-1,Plant 1,Product B,125,635,extended_10.6h,1150,1180,2.3,1.858267716535433,0.9694069767286072,0.8240855857930045,0.9980508474576272,0.7973171883845883,0.1949152542372881,1102
2023,1,Ferry-1,Plant 1,Product B,125,635,extended_10.6h,1150,1176,2.3,1.851968503937008,0.9694069767286072,0.8212920753326892,0.9980442176870749,0.7946091398547944,0.1955782312925169,1103
2023,1,Ferry-4,Plant 1,Product B,125,635,extended_10.6h,1150,1165,1.9,1.8346456692913389,0.9694069767286072,0.7998503133498388,0.9983690987124464,0.774115905086343,0.1630901287553648,1104
2023,1,Ferry-3,Plant 1,Product C,100,635,extended_10.6h,1150,1145,1.2,1.8031496062992125,0.9694069767286072,0.8091055925701595,0.9989519650655022,0.7835305774152299,0.1048034934497816,1105
2023,1,Ferry-3,Plant 2,Product C,125,635,extended_10.6h,1150,1178,5.0,1.8551181102362204,0.9694069767286072,0.8324247930547143,0.9957555178268253,0.8035332814373708,0.4244482173174873,1106
2023,1,Ferry-3,Plant 2,Product C,125,635,extended_10.6h,1150,1133,4.0,1.784251968503937,0.9694069767286072,0.8006258833030486,0.9964695498676082,0.77339222058209,0.353045013239188,1107
2023,1,Ferry-3,Plant 2,Product A,150,635,extended_10.6h,1150,1365,1.2,2.1496062992125986,0.9694069767286072,0.9645669291338584,0.9991208791208792,0.9342358816916336,0.0879120879120879,1108
2023,1,Ferry-3,Plant 2,Product A,100,635,extended_10.6h,1150,978,2.3,1.5401574803149607,0.9694069767286072,0.6910963052695336,0.9976482617586911,0.6683780244658505,0.2351738241308793,1109
2023,1,Ferry-9,Plant 2,Product A,100,635,extended_10.6h,1150,978,2.3,1.5401574803149607,0.9694069767286072,0.6910963052695336,0.9976482617586911,0.6683780244658505,0.2351738241308793,1110
2023,1,Ferry-4,Plant 1,Product A,100,635,extended_10.6h,1150,1177,1.9,1.853543307086614,0.9694069767286072,0.8080891148607383,0.9983857264231096,0.7821026567508912,0.1614273576890399,1111
2023,1,Ferry-1,Plant 1,Product C,100,635,extended_10.6h,1150,1177,1.2,1.853543307086614,0.9694069767286072,0.821990452947768,0.9989804587935428,0.7960308653329361,0.1019541206457094,1112
2023,1,Ferry-1,Plant 1,Product C,125,635,extended_10.6h,1150,1123,2.1,1.768503937007874,0.9694069767286072,0.7842780617335118,0.9981300089047196,0.7588628992615138,0.1869991095280498,1113
2023,1,Ferry-3,Plant 1,Product B,125,635,extended_10.6h,1150,970,1.6,1.5275590551181102,0.9694069767286072,0.6854431657581264,0.9983505154639176,0.6633773484603153,0.1649484536082474,1114
2023,1,Ferry-3,Plant 1,Product B,125,635,extended_10.6h,1150,1109,4.1,1.7464566929133858,0.9694069767286072,0.783666464768827,0.9963029756537422,0.7568831395227202,0.3697024346257889,1115
2023,1,Ferry-3,Plant 1,Product B,125,635,extended_10.6h,1150,1108,3.8,1.7448818897637794,0.9694069767286072,0.782959822329901,0.9965703971119132,0.7564036226454772,0.3429602888086642,1116
2023,1,Ferry-6,Plant 1,Product C,125,635,extended_10.6h,1150,1105,1.6,1.7401574803149606,0.9694069767286072,0.8022002568827833,0.998552036199095,0.7765325043608918,0.1447963800904977,1117
2023,1,Ferry-9,Plant 1,Product C,120,635,extended_10.6h,1150,1145,4.1,1.8031496062992125,0.9694069767286072,0.8091055925701595,0.9964192139737992,0.7815440074952228,0.3580786026200873,1118
2023,1,Ferry-9,Plant 2,Product C,120,635,extended_10.6h,1150,1167,3.8,1.8377952755905511,0.9694069767286072,0.8246517262265293,0.9967437874892888,0.7968200451559672,0.3256212510711225,1119
2023,1,Ferry-3,Plant 2,Product A,120,635,extended_10.6h,1150,1143,1.2,1.8,0.9694069767286072,0.8076923076923077,0.9989501312335958,0.7821605291945353,0.1049868766404199,1120
2023,1,Ferry-1,Plant 2,Product A,120,635,extended_10.6h,1150,1166,7.0,1.8362204724409448,0.9694069767286072,0.814308299181901,0.9939965694682676,0.7846570615078013,0.6003430531732418,1121
2023,1,Ferry-1,Plant 1,Product A,120,635,extended_10.6h,1150,1145,1.4,1.8031496062992125,0.9694069767286072,0.7996423692652458,0.9987772925764192,0.7742310746680946,0.1222707423580785,1122
2023,1,Ferry-1,Plant 1,Product A,120,635,extended_10.6h,1150,1156,1.2,1.8204724409448816,0.9694069767286072,0.8073245230311127,0.998961937716263,0.7818136105515177,0.1038062283737024,1123
2023,1,Ferry-3,Plant 1,Product C,150,635,extended_10.6h,1150,1178,2.3,1.8551181102362204,0.9694069767286072,0.8324247930547143,0.9980475382003396,0.8053828465353083,0.1952461799660441,1124
2023,1,Ferry-6,Plant 1,Product C,150,635,extended_10.6h,1150,1154,2.3,1.817322834645669,0.9694069767286072,0.8377729379572234,0.9980069324090122,0.8105242752151887,0.1993067590987868,1125
2023,2,Ferry-3,Plant 1,Product C,150,635,extended_10.6h,1150,1199,1.4,1.888188976377953,0.9694069767286072,0.8472642842721583,0.9988323603002502,0.8203848745519141,0.1167639699749791,1126
2023,2,Ferry-1,Plant 1,Product C,125,635,extended_10.6h,1150,1188,1.2,1.870866141732284,0.9694069767286072,0.8296726067136351,0.998989898989899,0.8034779987898696,0.101010101010101,1127
2023,2,Ferry-9,Plant 1,Product C,125,635,extended_10.6h,1150,1189,2.3,1.8724409448818893,0.9694069767286072,0.8401978598828991,0.9980656013456686,0.8129181117491284,0.193439865433137,1128
2023,2,Ferry-6,Plant 1,Product A,150,635,extended_10.6h,1150,1196,1.6,1.8834645669291337,0.9694069767286072,0.8682638074496007,0.9986622073578596,0.8405749711878278,0.1337792642140468,1129
2023,2,Ferry-6,Plant 2,Product A,100,635,extended_10.6h,1150,1195,4.1,1.8818897637795275,0.9694069767286072,0.8675378343664489,0.9965690376569036,0.8381117993867917,0.3430962343096234,1130
2023,2,Ferry-9,Plant 2,Product A,100,635,extended_10.6h,1150,1198,3.8,1.8866141732283463,0.9694069767286072,0.8465576418332323,0.9968280467445744,0.8180557925767332,0.3171953255425709,1131
2023,2,Ferry-1,Plant 2,Product A,100,635,extended_10.6h,1150,1178,1.2,1.8551181102362204,0.9694069767286072,0.8226888305628468,0.998981324278438,0.7967078774653846,0.1018675721561969,1132
2023,2,Ferry-9,Plant 2,Product C,100,635,extended_10.6h,1150,1169,5.3,1.840944881889764,0.9694069767286072,0.8260650111043812,0.9954662104362704,0.797162557211141,0.4533789563729683,1133
2023,2,Ferry-3,Plant 1,Product C,125,635,extended_10.6h,1150,1178,1.4,1.8551181102362204,0.9694069767286072,0.8324247930547143,0.998811544991511,0.8059993682346209,0.1188455008488964,1134
2023,2,Ferry-1,Plant 1,Product B,125,635,extended_10.6h,1150,1177,1.2,1.853543307086614,0.9694069767286072,0.821990452947768,0.9989804587935428,0.7960308653329361,0.1019541206457094,1135
2023,2,Ferry-1,Plant 1,Product B,125,635,extended_10.6h,1150,1167,2.3,1.8377952755905511,0.9694069767286072,0.8150066767969798,0.9980291345329906,0.7885160306627579,0.1970865467009425,1136
2023,2,Ferry-9,Plant 1,Product B,125,635,extended_10.6h,1150,1189,2.3,1.8724409448818893,0.9694069767286072,0.8401978598828991,0.9980656013456686,0.8129181117491284,0.193439865433137,1137
2023,2,Ferry-6,Plant 1,Product C,125,635,extended_10.6h,1150,1190,1.9,1.874015748031496,0.9694069767286072,0.8639079689506898,0.9984033613445378,0.836141261945963,0.1596638655462184,1138
2023,2,Ferry-4,Plant 1,Product C,100,635,extended_10.6h,1150,1109,1.2,1.7464566929133858,0.9694069767286072,0.7614025729656404,0.9989179440937782,0.7373102911655495,0.1082055906221821,1139
2023,2,Ferry-3,Plant 1,Product C,100,635,extended_10.6h,1150,1178,5.0,1.8551181102362204,0.9694069767286072,0.8324247930547143,0.9957555178268253,0.8035332814373708,0.4244482173174873,1140
2023,2,Ferry-1,Plant 1,Product A,100,635,extended_10.6h,1150,1178,4.0,1.8551181102362204,0.9694069767286072,0.8226888305628468,0.99660441426146,0.7948122434945288,0.3395585738539898,1141
2023,2,Ferry-9,Plant 2,Product A,100,635,extended_10.6h,1150,1158,1.2,1.8236220472440945,0.9694069767286072,0.8182919442761962,0.998963730569948,0.7924358908497446,0.1036269430051813,1142
2023,2,Ferry-1,Plant 2,Product C,100,635,extended_10.6h,1150,1178,2.3,1.8551181102362204,0.9694069767286072,0.8226888305628468,0.9980475382003396,0.7959631641196913,0.1952461799660441,1143
2023,2,Ferry-4,Plant 2,Product C,100,635,extended_10.6h,1150,1134,2.3,1.7858267716535432,0.9694069767286072,0.7785667427800146,0.9979717813051148,0.7532172382307748,0.2028218694885361,1144
2023,2,Ferry-3,Plant 2,Product B,150,635,extended_10.6h,1150,1163,1.9,1.831496062992126,0.9694069767286072,0.8218251564708258,0.998366294067068,0.7953814945242379,0.1633705932932072,1145
2023,2,Ferry-1,Plant 2,Product B,150,635,extended_10.6h,1150,1175,1.2,1.8503937007874016,0.9694069767286072,0.8205936977176104,0.9989787234042552,0.7946768410680392,0.102127659574468,1146
2023,2,Ferry-4,Plant 2,Product B,150,635,extended_10.6h,1150,1187,2.1,1.8692913385826773,0.9694069767286072,0.814954782786488,0.9982308340353834,0.7886251706102723,0.176916596461668,1147
2023,2,Ferry-9,Plant 1,Product C,125,635,extended_10.6h,1150,1155,1.6,1.818897637795276,0.9694069767286072,0.8161720169594187,0.9986147186147186,0.790106808874564,0.1385281385281385,1148
2023,2,Ferry-1,Plant 1,Product C,125,635,extended_10.6h,1150,1144,4.1,1.8015748031496064,0.9694069767286072,0.798943991650167,0.996416083916084,0.7717261297780352,0.3583916083916084,1149
2023,2,Ferry-4,Plant 1,Product A,150,635,extended_10.6h,1150,1135,3.8,1.7874015748031495,0.9694069767286072,0.7792533095725895,0.9966519823788548,0.7528844569114186,0.3348017621145374,1150
2023,2,Ferry-3,Plant 1,Product C,100,635,extended_10.6h,1150,1187,1.6,1.8692913385826773,0.9694069767286072,0.8387845750050474,0.9986520640269588,0.8120275804056771,0.134793597304128,1151
2023,2,Ferry-1,Plant 2,Product C,125,635,extended_10.6h,1150,1193,3.8,1.8787401574803149,0.9694069767286072,0.833164494789029,0.9968147527242246,0.8051028279077458,0.3185247275775356,1152
2023,2,Ferry-9,Plant 2,Product C,100,635,extended_10.6h,1150,1159,3.6,1.8251968503937008,0.9694069767286072,0.8189985867151222,0.9968938740293356,0.7914768570952585,0.3106125970664366,1153
2023,3,Ferry-6,Plant 2,Product C,125,635,extended_10.6h,1150,1139,1.9,1.793700787401575,0.9694069767286072,0.8268833417099459,0.9983318700614574,0.8002493299880099,0.1668129938542581,1154
2023,3,Ferry-1,Plant 1,Product A,100,635,extended_10.6h,1150,1184,1.9,1.8645669291338585,0.9694069767286072,0.8268790962533198,0.9983952702702704,0.8002960417673617,0.1604729729729729,1155
2023,3,Ferry-4,Plant 1,Product A,125,635,extended_10.6h,1150,1186,1.2,1.867716535433071,0.9694069767286072,0.8142682159939131,0.9989881956155144,0.7885586143464011,0.1011804384485666,1156
2023,3,Ferry-1,Plant 1,Product A,100,635,extended_10.6h,1150,1296,2.1,2.040944881889764,0.9694069767286072,0.9050973891421472,0.9983796296296296,0.875985998175103,0.162037037037037,1157
2023,3,Ferry-9,Plant 2,Product A,100,635,extended_10.6h,1150,1295,1.6,2.0393700787401574,0.9694069767286072,0.915101958409045,0.9987644787644788,0.8860101843231843,0.1235521235521235,1158
2023,3,Ferry-1,Plant 2,Product C,125,635,extended_10.6h,1150,1298,3.8,2.044094488188976,0.9694069767286072,0.9064941443723048,0.9970724191063174,0.8761891018148373,0.2927580893682588,1159
2023,3,Ferry-6,Plant 2,Product C,125,635,extended_10.6h,1150,1278,1.2,2.0125984251968503,0.9694069767286072,0.9277936002680516,0.9990610328638496,0.8985650730179324,0.0938967136150234,1160
2023,3,Ferry-9,Plant 2,Product B,125,635,extended_10.6h,1150,1269,2.1,1.9984251968503937,0.9694069767286072,0.8967292549969715,,,0.1654846335697399,1161
2023,3,Ferry-9,Plant 2,Product B,100,635,extended_10.6h,1150,1178,1.4,1.8551181102362204,0.9694069767286072,0.8324247930547143,0.998811544991511,0.8059993682346209,0.1188455008488964,1162
2023,3,Ferry-3,Plant 2,Product B,125,635,extended_10.6h,1150,1277,1.2,2.011023622047244,0.9694069767286072,0.9023823945083788,0.9990602975724354,0.8739537599810722,0.0939702427564604,1163
2023,3,Ferry-1,Plant 2,Product C,125,635,extended_10.6h,1150,1267,2.3,1.9952755905511808,0.9694069767286072,0.8848444383048614,0.9981846882399368,0.8562172439076069,0.1815311760063141,1164
2023,3,Ferry-1,Plant 1,Product C,150,635,extended_10.6h,1150,1289,2.3,2.02992125984252,0.9694069767286072,0.9002087458365956,0.9982156710628394,0.8711115108214739,0.1784328937160589,1165
2023,3,Ferry-4,Plant 1,Product C,100,635,extended_10.6h,1150,1290,1.9,2.031496062992126,0.9694069767286072,0.8856711624217097,0.9985271317829456,0.8573112349253874,0.1472868217054263,1166
2023,3,Ferry-4,Plant 1,Product A,100,635,extended_10.6h,1150,1209,1.2,1.903937007874016,0.9694069767286072,0.8300592522231375,0.9990074441687344,0.8038665550367854,0.0992555831265508,1167
2023,3,Ferry-9,Plant 1,Product A,100,635,extended_10.6h,1150,1278,2.1,2.0125984251968503,0.9694069767286072,0.9030890369473046,0.998356807511737,0.8740222623921067,0.1643192488262911,1168
2023,3,Ferry-4,Plant 2,Product A,100,635,extended_10.6h,1150,1178,1.6,1.8551181102362204,0.9694069767286072,0.8087756816533133,0.998641765704584,0.7829678881812172,0.1358234295415959,1169
2023,3,Ferry-3,Plant 2,Product A,125,635,extended_10.6h,1150,1188,4.1,1.870866141732284,0.9694069767286072,0.8394912174439734,0.9965488215488216,0.8110000442401563,0.3451178451178451,1170
2023,3,Ferry-4,Plant 1,Product C,125,635,extended_10.6h,1150,1218,3.8,1.9181102362204725,0.9694069767286072,0.836238353356312,0.99688013136289,0.8081261559245443,0.3119868637110016,1171
2023,3,Ferry-6,Plant 2,Product C,125,635,extended_10.6h,1150,1234,3.6,1.9433070866141733,0.9694069767286072,0.8958507846093707,0.9970826580226904,0.8659104525699125,0.2917341977309562,1172
2023,3,Ferry-4,Plant 2,Product B,125,635,extended_10.6h,1150,1263,1.4,1.988976377952756,0.9694069767286072,0.8671338590221856,0.99889152810768,0.83967382499951,0.1108471892319873,1173
2023,3,Ferry-1,Plant 2,Product B,125,635,extended_10.6h,1150,1275,1.2,2.0078740157480315,0.9694069767286072,0.890431459225492,0.9990588235294118,0.8623780543128882,0.0941176470588235,1174
2023,3,Ferry-6,Plant 1,Product B,120,635,extended_10.6h,1150,1287,2.3,2.026771653543307,0.9694069767286072,0.9343273580164182,0.9982128982128982,0.9041248036545564,0.1787101787101787,1175
2023,3,Ferry-9,Plant 1,Product C,120,635,extended_10.6h,1150,1055,2.3,1.6614173228346456,0.9694069767286072,0.7455077730668281,0.99781990521327,0.7211248809625918,0.2180094786729857,1176
2023,3,Ferry-9,Plant 1,Product C,120,635,extended_10.6h,1150,1044,1.9,1.6440944881889763,0.9694069767286072,0.7377347062386432,0.9981800766283524,0.7138636253929106,0.1819923371647509,1177
2023,3,Ferry-3,Plant 1,Product C,120,635,extended_10.6h,1150,1035,1.2,1.6299212598425197,0.9694069767286072,0.7313749242883101,0.998840579710145,0.7081779252770279,0.1159420289855072,1178
2023,3,Ferry-1,Plant 2,Product C,120,635,extended_10.6h,1150,1287,2.1,2.026771653543307,0.9694069767286072,0.8988119906064379,0.9983682983682984,0.8698928889830665,0.1631701631701631,1179
2023,3,Ferry-1,Plant 2,Product C,120,635,extended_10.6h,1150,1293,1.9,2.0362204724409447,0.9694069767286072,0.9030022562969108,0.9985305491105956,0.874090364204247,0.1469450889404485,1180
2023,3,Ferry-9,Plant 2,Product C,150,635,extended_10.6h,1150,1259,1.2,1.9826771653543307,0.9694069767286072,0.8896628306077125,0.9990468625893566,0.8616233259948208,0.0953137410643367,1181
2023,3,Ferry-4,Plant 2,Product C,125,635,extended_10.6h,1150,1299,2.1,2.0456692913385828,0.9694069767286072,0.8918502635548845,0.9983833718244804,0.8631681861460563,0.161662817551963,1182
2023,3,Ferry-4,Plant 1,Product C,100,635,extended_10.6h,1150,1288,1.6,2.028346456692913,0.9694069767286072,0.8842980288365596,0.9987577639751553,0.8561797784395763,0.124223602484472,1183
2023,3,Ferry-3,Plant 1,Product A,125,635,extended_10.6h,1150,1289,2.3,2.02992125984252,0.9694069767286072,0.9108621037754896,0.9982156710628394,0.8814205227838575,0.1784328937160589,1184
2023,4,Ferry-4,Plant 1,Product C,150,635,extended_10.6h,1000,1186,1.9,1.867716535433071,0.9694069767286072,0.8142682159939131,0.9983979763912312,0.7880927204993025,0.1602023608768971,1185
2023,4,Ferry-3,Plant 1,Product C,150,635,extended_10.6h,1000,1296,1.2,2.040944881889764,0.9694069767286072,0.915808600847971,0.999074074074074,0.8869692180776708,0.0925925925925925,1186
2023,4,Ferry-4,Plant 1,Product B,125,635,extended_10.6h,1000,1295,2.1,2.0393700787401574,0.9694069767286072,0.8891039963845846,0.9983783783783784,0.8605059355912068,0.1621621621621621,1187
2023,4,Ferry-1,Plant 1,Product B,125,635,extended_10.6h,1000,1298,1.6,2.044094488188976,0.9694069767286072,0.9064941443723048,0.9987673343605546,0.8776785285062241,0.12326656394453,1188
2023,4,Ferry-4,Plant 1,Product B,150,635,extended_10.6h,1000,1278,4.1,2.0125984251968503,0.9694069767286072,0.8774323609108101,0.99679186228482,0.8478602454556721,0.3208137715179968,1189
2023,4,Ferry-6,Plant 1,Product C,100,635,extended_10.6h,1000,1269,3.8,1.9984251968503937,0.9694069767286072,0.9212598425196852,0.9970055161544524,0.8904014179059274,0.2994483845547675,1190
2023,4,Ferry-9,Plant 2,Product A,100,635,extended_10.6h,1000,1178,1.2,1.8551181102362204,0.9694069767286072,0.8324247930547143,0.998981324278438,0.8061363730566904,0.1018675721561969,1191
2023,4,Ferry-4,Plant 2,Product A,100,635,extended_10.6h,1000,1277,7.0,2.011023622047244,0.9694069767286072,0.8767457941182353,0.9945184025058732,0.8452645511646939,0.548159749412686,1192
2023,4,Ferry-6,Plant 2,Product A,100,635,extended_10.6h,1000,1267,1.4,1.9952755905511808,0.9694069767286072,0.9198078963533812,0.9988950276243094,0.8906829232546171,0.1104972375690607,1193
2023,4,Ferry-9,Plant 2,Product A,125,635,extended_10.6h,1000,1289,1.2,2.02992125984252,0.9694069767286072,0.9108621037754896,0.9990690457719162,0.8821740493052397,0.0930954228083785,1194
2023,4,Ferry-9,Plant 2,Product C,125,635,extended_10.6h,1000,1290,2.3,2.031496062992126,0.9694069767286072,0.9115687462144154,0.998217054263566,0.8821055468942048,0.1782945736434108,1195
2023,4,Ferry-3,Plant 2,Product C,125,635,extended_10.6h,1000,1209,2.3,1.903937007874016,0.9694069767286072,0.8543307086614175,0.9980976013234076,0.8266185939560745,0.1902398676592225,1196
2023,4,Ferry-9,Plant 2,Product B,125,635,extended_10.6h,1000,1278,1.9,2.0125984251968503,0.9694069767286072,0.9030890369473046,0.9985133020344288,0.8741592672141761,0.1486697965571204,1197
2023,4,Ferry-1,Plant 1,Product B,125,635,extended_10.6h,1000,1186,1.2,1.867716535433071,0.9694069767286072,0.8282758514834774,0.9989881956155144,0.8021239745249725,0.1011804384485666,1198
2023,4,Ferry-4,Plant 1,Product B,100,635,extended_10.6h,1000,1296,2.1,2.040944881889764,0.9694069767286072,0.8897905631771597,0.9983796296296296,0.8611714982299192,0.162037037037037,1199
2023,4,Ferry-4,Plant 1,Product C,100,635,extended_10.6h,1000,1295,1.6,2.0393700787401574,0.9694069767286072,0.8891039963845846,0.9987644787644788,0.8608387169105629,0.1235521235521235,1200
2023,4,Ferry-4,Plant 1,Product C,100,635,extended_10.6h,1000,1078,1.9,1.6976377952755906,0.9694069767286072,0.7401190023958164,0.9982374768089054,0.7162119555183678,0.1762523191094619,1201
2023,4,Ferry-3,Plant 1,Product C,150,635,extended_10.6h,1000,1089,1.2,1.71496062992126,0.9694069767286072,0.769533615990309,0.9988980716253444,0.7451692272357818,0.1101928374655647,1202
2023,4,Ferry-9,Plant 1,Product C,150,635,extended_10.6h,1000,1065,2.1,1.6771653543307086,0.9694069767286072,0.7525741974560871,0.9980281690140844,0.7281121268881341,0.1971830985915492,1203
2023,4,Ferry-4,Plant 1,Product B,150,635,extended_10.6h,1000,1023,1.6,1.611023622047244,0.9694069767286072,0.7023578288041931,0.998435972629521,0.6798056791808017,0.1564027370478983,1204
2023,4,Ferry-1,Plant 1,Product B,125,635,extended_10.6h,1000,1036,1.2,1.631496062992126,0.9694069767286072,0.7235192092216548,0.9988416988416988,0.7005721546576988,0.1158301158301158,1205
2023,4,Ferry-4,Plant 2,Product B,125,635,extended_10.6h,1000,1078,2.3,1.6976377952755906,0.9694069767286072,0.7401190023958164,0.9978664192949908,0.7159457304628828,0.2133580705009276,1206
2023,4,Ferry-3,Plant 2,Product C,150,635,extended_10.6h,1000,1267,2.3,1.9952755905511808,0.9694069767286072,0.8953159701191196,0.9981846882399368,0.8663499923562171,0.1815311760063141,1207
2023,4,Ferry-1,Plant 2,Product C,100,635,extended_10.6h,1000,1289,1.9,2.02992125984252,0.9694069767286072,0.9002087458365956,0.9985259891388674,0.8713823156744533,0.147401086113266,1208
2023,4,Ferry-4,Plant 2,Product A,125,635,extended_10.6h,1000,1290,1.2,2.031496062992126,0.9694069767286072,0.8856711624217097,0.9990697674418604,0.8577771287724861,0.0930232558139534,1209
2023,4,Ferry-6,Plant 2,Product C,100,635,extended_10.6h,1000,1209,2.1,1.903937007874016,0.9694069767286072,0.8777014575305748,0.9982630272952854,0.8493720133343851,0.173697270471464,1210
2023,4,Ferry-9,Plant 2,Product C,100,635,extended_10.6h,1000,1278,1.6,2.0125984251968503,0.9694069767286072,0.9030890369473046,0.9987480438184664,0.8743647744472804,0.1251956181533646,1211
2023,4,Ferry-9,Plant 2,Product C,125,635,extended_10.6h,1000,1186,4.1,1.867716535433071,0.9694069767286072,0.8380779325661215,0.9965430016863408,0.8096299960194617,0.3456998313659359,1212
2023,4,Ferry-3,Plant 2,Product C,125,635,extended_10.6h,1000,1296,3.8,2.040944881889764,0.9694069767286072,0.915808600847971,0.997067901234568,0.8851881553907678,0.2932098765432098,1213
2023,4,Ferry-1,Plant 2,Product C,125,635,extended_10.6h,1000,1295,1.9,2.0393700787401574,0.9694069767286072,0.9043990115270684,0.9985328185328184,0.875444388469144,0.1467181467181467,1214
2023,5,Ferry-1,Plant 2,Product C,125,635,extended_10.6h,1050,1099,1.4,1.7307086614173228,0.9694069767286072,0.7675169989716202,0.9987261146496816,0.743088516575464,0.1273885350318471,1215
2023,5,Ferry-3,Plant 1,Product A,100,635,extended_10.6h,1050,1088,1.2,1.7133858267716535,0.9694069767286072,0.768826973551383,0.9988970588235294,0.7444842031254343,0.1102941176470588,1216
2023,5,Ferry-4,Plant 1,Product A,100,635,extended_10.6h,1050,1089,2.3,1.71496062992126,0.9694069767286072,0.7476712371141412,0.9978879706152434,0.7232669194887189,0.2112029384756657,1217
2023,5,Ferry-4,Plant 1,Product A,125,635,extended_10.6h,1050,1006,2.3,1.584251968503937,0.9694069767286072,0.6906861933304186,0.997713717693837,0.668025220475593,0.2286282306163021,1218
2023,5,Ferry-9,Plant 1,Product A,125,635,extended_10.6h,1050,1095,1.9,1.7244094488188977,0.9694069767286072,0.7737734706238644,0.9982648401826484,0.7487998550206223,0.1735159817351598,1219
2023,5,Ferry-9,Plant 1,Product C,125,635,extended_10.6h,1050,1198,1.6,1.8866141732283463,0.9694069767286072,0.8465576418332323,0.9986644407345576,0.8195628456194973,0.1335559265442404,1220
2023,5,Ferry-4,Plant 1,Product C,100,635,extended_10.6h,1050,1078,1.2,1.6976377952755906,0.9694069767286072,0.7401190023958164,0.998886827458256,0.7166778493654664,0.111317254174397,1221
2023,5,Ferry-6,Plant 2,Product B,125,635,extended_10.6h,1050,1069,7.0,1.683464566929134,0.9694069767286072,0.7760652258893171,0.9934518241347052,0.7473967007714947,0.6548175865294669,1222
2023,5,Ferry-4,Plant 2,Product B,125,635,extended_10.6h,1050,1078,1.4,1.6976377952755906,0.9694069767286072,0.7401190023958164,0.9987012987012988,0.716544736837724,0.1298701298701298,1223
2023,5,Ferry-4,Plant 2,Product B,150,635,extended_10.6h,1050,1077,1.2,1.6960629921259842,0.9694069767286072,0.7394324356032415,0.9988857938718664,0.7160122867267541,0.1114206128133704,1224
2023,5,Ferry-4,Plant 2,Product C,100,635,extended_10.6h,1050,1067,2.3,1.6803149606299213,0.9694069767286072,0.7325667676774917,0.9978444236176196,0.7086245414370469,0.2155576382380506,1225
2023,5,Ferry-1,Plant 1,Product C,100,635,extended_10.6h,1050,1089,2.3,1.71496062992126,0.9694069767286072,0.7605332228208321,0.9978879706152434,0.7357090843317756,0.2112029384756657,1226
2023,5,Ferry-4,Plant 2,Product C,100,635,extended_10.6h,1050,1090,1.9,1.7165354330708662,0.9694069767286072,0.748357803906716,0.9982568807339448,0.724198707182916,0.1743119266055046,1227
2023,5,Ferry-1,Plant 2,Product A,100,635,extended_10.6h,1050,1109,1.2,1.7464566929133858,0.9694069767286072,0.7745007751224083,0.9989179440937782,0.7499940403264386,0.1082055906221821,1228
2023,5,Ferry-6,Plant 2,Product A,125,635,extended_10.6h,1050,1078,2.1,1.6976377952755906,0.9694069767286072,0.7825989836376837,0.998051948051948,0.7571790116384661,0.1948051948051948,1229
2023,5,Ferry-9,Plant 2,Product A,125,635,extended_10.6h,1050,978,1.6,1.5401574803149607,0.9694069767286072,0.6910963052695336,0.9983640081799592,0.6688575413430935,0.16359918200409,1230
2023,5,Ferry-9,Plant 2,Product A,125,635,extended_10.6h,1050,958,4.1,1.5086614173228343,0.9694069767286072,0.6769634564910154,0.9957202505219208,0.6534444988602794,0.4279749478079331,1231
2023,5,Ferry-3,Plant 1,Product C,125,635,extended_10.6h,1050,1178,3.8,1.8551181102362204,0.9694069767286072,0.8324247930547143,0.9967741935483873,0.8043553103697875,0.3225806451612903,1232
2023,5,Ferry-1,Plant 1,Product C,125,635,extended_10.6h,1050,1134,1.2,1.7858267716535432,0.9694069767286072,0.7919602154993788,0.9989417989417988,0.7669193436376509,0.1058201058201058,1233
2023,5,Ferry-1,Plant 1,Product B,120,635,extended_10.6h,1050,1163,7.0,1.831496062992126,0.9694069767286072,0.8122131663366645,0.9939810834049873,0.782626025110456,0.6018916595012898,1234
2023,5,Ferry-9,Plant 1,Product B,120,635,extended_10.6h,1050,1175,1.4,1.8503937007874016,0.9694069767286072,0.8303048657379366,0.998808510638298,0.8039442959035792,0.1191489361702127,1235
2023,5,Ferry-6,Plant 1,Product B,120,635,extended_10.6h,1050,1187,1.4,1.8692913385826773,0.9694069767286072,0.8617300497012342,0.9988205560235888,0.8343818535166516,0.117944397641112,1236
2023,5,Ferry-4,Plant 1,Product C,120,635,extended_10.6h,1050,1155,1.2,1.818897637795276,0.9694069767286072,0.7929846454240891,0.9989610389610388,0.767926172546318,0.1038961038961039,1237
2023,5,Ferry-1,Plant 1,Product C,120,635,extended_10.6h,1050,1144,2.3,1.8015748031496064,0.9694069767286072,0.798943991650167,0.9979895104895103,0.7729447516164425,0.201048951048951,1238
2023,5,Ferry-9,Plant 2,Product A,120,635,extended_10.6h,1050,1135,2.3,1.7874015748031495,0.9694069767286072,0.8020391681809004,0.9979735682819384,0.7759268097903749,0.2026431718061674,1239
2023,5,Ferry-3,Plant 2,Product C,150,635,extended_10.6h,1050,1187,1.9,1.8692913385826773,0.9694069767286072,0.8387845750050474,0.9983993260320136,0.811822073172573,0.160067396798652,1240
2023,5,Ferry-9,Plant 1,Product C,150,635,extended_10.6h,1050,1193,1.6,1.8787401574803149,0.9694069767286072,0.8430244296386028,0.9986588432523053,0.8161377250677608,0.1341156747694886,1241
2023,5,Ferry-6,Plant 1,Product C,150,635,extended_10.6h,1050,1009,1.2,1.588976377952756,0.9694069767286072,0.7325068409002067,0.998810703666997,0.7092527260240228,0.1189296333002973,1242
2023,5,Ferry-9,Plant 1,Product C,125,635,extended_10.6h,1050,1199,7.0,1.888188976377953,0.9694069767286072,0.8472642842721583,0.994161801501251,0.8165487395339692,0.5838198498748958,1243
2023,5,Ferry-9,Plant 2,Product C,125,635,extended_10.6h,1050,1188,1.4,1.870866141732284,0.9694069767286072,0.8394912174439734,0.9988215488215488,0.8128496093380939,0.1178451178451178,1244
2023,5,Ferry-3,Plant 2,Product A,125,635,extended_10.6h,1050,1289,1.2,2.02992125984252,0.9694069767286072,0.9108621037754896,0.9990690457719162,0.8821740493052397,0.0930954228083785,1245
2023,6,Ferry-1,Plant 2,Product C,150,635,extended_10.6h,1050,1121,1.2,1.7653543307086614,0.9694069767286072,0.7828813065033542,0.99892952720785,0.7581181859158206,0.1070472792149866,1246
2023,6,Ferry-1,Plant 2,Product C,100,635,extended_10.6h,1050,1013,2.3,1.595275590551181,0.9694069767286072,0.7074565240748419,0.9977295162882528,0.6842561622656902,0.2270483711747285,1247
2023,6,Ferry-4,Plant 2,Product C,100,635,extended_10.6h,1050,916,2.3,1.44251968503937,0.9694069767286072,0.6288951819986714,0.9974890829694324,0.6081245829914809,0.2510917030567685,1248
2023,6,Ferry-4,Plant 2,Product A,100,635,extended_10.6h,1050,1056,1.9,1.662992125984252,0.9694069767286072,0.7250145329591671,0.9982007575757575,0.7015695774666958,0.1799242424242424,1249
2023,6,Ferry-9,Plant 1,Product A,100,635,extended_10.6h,1050,1054,1.2,1.6598425196850393,0.9694069767286072,0.7448011306279022,0.9988614800759014,0.7211933833736266,0.1138519924098671,1250
2023,6,Ferry-9,Plant 1,Product A,125,635,extended_10.6h,1050,1078,2.1,1.6976377952755906,0.9694069767286072,0.761760549162124,0.998051948051948,0.737017440322649,0.1948051948051948,1251
2023,6,Ferry-4,Plant 1,Product A,125,635,extended_10.6h,1050,1099,1.6,1.7307086614173228,0.9694069767286072,0.7545369050398908,0.9985441310282076,0.7303884397229411,0.1455868971792538,1252
2023,6,Ferry-3,Plant 1,Product C,125,635,extended_10.6h,1050,1088,4.1,1.7133858267716535,0.9694069767286072,0.768826973551383,0.9962316176470588,0.7424976332054272,0.3768382352941176,1253
2023,6,Ferry-9,Plant 1,Product C,125,635,extended_10.6h,1050,1076,3.8,1.694488188976378,0.9694069767286072,0.7603472642842722,0.9964684014869888,0.7344828511143641,0.3531598513011152,1254
2023,6,Ferry-3,Plant 1,Product B,125,635,extended_10.6h,1050,1054,3.6,1.6598425196850393,0.9694069767286072,0.7448011306279022,0.996584440227704,0.719549325508793,0.3415559772296015,1255
2023,6,Ferry-1,Plant 1,Product B,100,635,extended_10.6h,1050,1032,1.4,1.6251968503937009,0.9694069767286072,0.7207256987613395,0.9986434108527132,0.6977287037014152,0.1356589147286821,1256
2023,6,Ferry-4,Plant 1,Product B,100,635,extended_10.6h,1050,1023,1.2,1.611023622047244,0.9694069767286072,0.7023578288041931,0.9988269794721408,0.6800719042362867,0.1173020527859237,1257
2023,6,Ferry-4,Plant 2,Product C,100,635,extended_10.6h,1050,1056,2.3,1.662992125984252,0.9694069767286072,0.7250145329591671,0.9978219696969696,0.7013033524112109,0.2178030303030302,1258
2023,6,Ferry-4,Plant 2,Product C,100,635,extended_10.6h,1050,1042,2.3,1.6409448818897638,0.9694069767286072,0.7154025978631176,0.9977927063339732,0.6919854754692379,0.2207293666026871,1259
2023,6,Ferry-3,Plant 2,Product C,100,635,extended_10.6h,1050,1088,1.9,1.7133858267716535,0.9694069767286072,0.768826973551383,0.9982536764705884,0.7440046862481913,0.1746323529411764,1260
2023,6,Ferry-1,Plant 1,Product A,150,635,extended_10.6h,1050,1088,1.2,1.7133858267716535,0.9694069767286072,0.7598348452057533,0.9988970588235294,0.7357767855450204,0.1102941176470588,1261
2023,6,Ferry-6,Plant 1,Product A,150,635,extended_10.6h,1050,1065,2.3,1.6771653543307086,0.9694069767286072,0.7731613335567097,0.9978403755868543,0.7478893351317017,0.2159624413145539,1262
2023,6,Ferry-9,Plant 2,Product A,150,635,extended_10.6h,1050,1089,2.3,1.71496062992126,0.9694069767286072,0.769533615990309,0.9978879706152434,0.7444157007143998,0.2112029384756657,1263
2023,6,Ferry-9,Plant 2,Product A,125,635,extended_10.6h,1050,1053,1.9,1.6582677165354331,0.9694069767286072,0.7440944881889764,0.9981956315289648,0.7200288423860361,0.1804368471035137,1264
2023,6,Ferry-6,Plant 2,Product C,125,635,extended_10.6h,1050,1077,1.2,1.6960629921259842,0.9694069767286072,0.7818730105545317,0.9988857938718664,0.7571086353012936,0.1114206128133704,1265
2023,6,Ferry-1,Plant 2,Product C,150,635,extended_10.6h,1050,1064,2.1,1.6755905511811024,0.9694069767286072,0.7430737824438617,0.9980263157894737,0.718919183447053,0.1973684210526315,1266
2023,6,Ferry-1,Plant 1,Product B,100,635,extended_10.6h,1050,1088,1.6,1.7133858267716535,0.9694069767286072,0.7598348452057533,0.998529411764706,0.735505980692041,0.1470588235294117,1267
2023,6,Ferry-4,Plant 1,Product B,125,635,extended_10.6h,1050,1077,4.1,1.6960629921259842,0.9694069767286072,0.7394324356032415,0.9961931290622098,0.7140821550744882,0.3806870937790158,1268
2023,6,Ferry-6,Plant 1,Product B,100,635,extended_10.6h,1050,999,3.8,1.573228346456693,0.9694069767286072,0.7252471100686882,0.996196196196196,0.7003853075402932,0.3803803803803803,1269
2023,6,Ferry-9,Plant 1,Product C,100,635,extended_10.6h,1050,1098,3.6,1.7291338582677165,0.9694069767286072,0.7758933979406419,0.99672131147541,0.7496903863640737,0.3278688524590163,1270
2023,6,Ferry-9,Plant 1,Product C,125,635,extended_10.6h,1050,1076,1.4,1.694488188976378,0.9694069767286072,0.7603472642842722,0.9986988847583644,0.7361269089791975,0.1301115241635687,1271
2023,6,Ferry-3,Plant 1,Product C,125,635,extended_10.6h,1050,1055,1.2,1.6614173228346456,0.9694069767286072,0.7455077730668281,0.9988625592417062,0.7218784074839738,0.1137440758293838,1272
2023,6,Ferry-9,Plant 1,Product C,125,635,extended_10.6h,1050,1089,2.3,1.71496062992126,0.9694069767286072,0.769533615990309,0.9978879706152434,0.7444157007143998,0.2112029384756657,1273
2023,6,Ferry-9,Plant 1,Product C,100,635,extended_10.6h,1050,1080,2.3,1.7007874015748032,0.9694069767286072,0.7631738340399757,0.9978703703703704,0.7382504837212741,0.2129629629629629,1274
2023,6,Ferry-9,Plant 2,Product C,125,635,extended_10.6h,1050,1087,1.9,1.7118110236220472,0.9694069767286072,0.768120331112457,0.9982520699172032,0.7433196621378438,0.1747930082796688,1275
2023,7,Ferry-9,Plant 2,Product B,100,635,extended_10.6h,1100,1123,1.4,1.768503937007874,0.9694069767286072,0.7935594589137895,0.998753339269813,0.76832304216552,0.1246660730186999,1276
2023,7,Ferry-3,Plant 2,Product B,125,635,extended_10.6h,1100,1234,1.2,1.9433070866141733,0.9694069767286072,0.871996769634565,0.9990275526742302,0.8444977232361387,0.0972447325769854,1277
2023,7,Ferry-3,Plant 2,Product C,125,635,extended_10.6h,1100,1133,2.3,1.784251968503937,0.9694069767286072,0.8006258833030486,0.9979699911738746,0.7745567615696803,0.203000882612533,1278
2023,7,Ferry-4,Plant 2,Product C,125,635,extended_10.6h,1100,1167,2.3,1.8377952755905511,0.9694069767286072,0.8012234469349886,0.9980291345329906,0.7751808053082826,0.1970865467009425,1279
2023,7,Ferry-4,Plant 2,Product A,100,635,extended_10.6h,1100,1134,1.9,1.7858267716535432,0.9694069767286072,0.7785667427800146,0.9983245149911816,0.7534834632862598,0.1675485008818342,1280
2023,7,Ferry-4,Plant 1,Product C,125,635,extended_10.6h,1100,1209,1.2,1.903937007874016,0.9694069767286072,0.8300592522231375,0.9990074441687344,0.8038665550367854,0.0992555831265508,1281
2023,7,Ferry-4,Plant 1,Product C,125,635,extended_10.6h,1100,1099,2.3,1.7307086614173228,0.9694069767286072,0.7545369050398908,0.9979071883530484,0.7299225458758424,0.2092811646951774,1282
2023,7,Ferry-4,Plant 1,Product C,150,635,extended_10.6h,1100,1234,2.3,1.9433070866141733,0.9694069767286072,0.8472234220375116,0.9981361426256078,0.8197735021020106,0.186385737439222,1283
2023,7,Ferry-6,Plant 1,Product C,100,635,extended_10.6h,1100,1123,1.9,1.768503937007874,0.9694069767286072,0.8152677723795164,0.9983081032947462,0.7889891160404167,0.1691896705253784,1284
2023,7,Ferry-9,Plant 1,Product C,100,635,extended_10.6h,1100,1233,1.2,1.941732283464567,0.9694069767286072,0.871290127195639,0.9990267639902676,0.8438126991257915,0.097323600973236,1285
2023,7,Ferry-9,Plant 1,Product A,100,635,extended_10.6h,1100,1145,2.1,1.8031496062992125,0.9694069767286072,0.8091055925701595,0.9981659388646288,0.7829140557159172,0.1834061135371179,1286
2023,7,Ferry-3,Plant 1,Product A,100,635,extended_10.6h,1100,1178,1.6,1.8551181102362204,0.9694069767286072,0.8324247930547143,0.998641765704584,0.8058623634125516,0.1358234295415959,1287
2023,7,Ferry-1,Plant 2,Product A,125,635,extended_10.6h,1100,1189,4.1,1.8724409448818893,0.9694069767286072,0.8303709843287137,0.996551724137931,0.8021916757382173,0.3448275862068965,1288
2023,7,Ferry-1,Plant 1,Product A,125,635,extended_10.6h,1100,1009,3.8,1.588976377952756,0.9694069767286072,0.7046630136145267,0.9962338949454906,0.6805325955372236,0.3766105054509415,1289
2023,7,Ferry-4,Plant 2,Product B,125,635,extended_10.6h,1100,1124,3.6,1.7700787401574802,0.9694069767286072,0.771701074854265,0.996797153024911,0.7456963804133252,0.3202846975088968,1290
2023,7,Ferry-4,Plant 2,Product B,125,635,extended_10.6h,1100,1167,1.4,1.8377952755905511,0.9694069767286072,0.8012234469349886,0.9988003427592116,0.7757798116831238,0.1199657240788346,1291
2023,7,Ferry-3,Plant 2,Product C,125,635,extended_10.6h,1100,1099,1.2,1.7307086614173228,0.9694069767286072,0.7766000403795679,0.9989080982711556,0.7520194683392545,0.1091901728844404,1292
2023,7,Ferry-4,Plant 2,Product C,120,635,extended_10.6h,1100,1089,2.3,1.71496062992126,0.9694069767286072,0.7476712371141412,0.9978879706152434,0.7232669194887189,0.2112029384756657,1293
2023,7,Ferry-4,Plant 2,Product A,120,635,extended_10.6h,1100,1123,2.3,1.768503937007874,0.9694069767286072,0.7710145080616899,0.9979519145146928,0.7458960492049388,0.2048085485307212,1294
2023,7,Ferry-4,Plant 1,Product C,120,635,extended_10.6h,1100,1133,1.9,1.784251968503937,0.9694069767286072,0.7778801759874397,0.9983230361871138,0.7528179006475474,0.1676963812886143,1295
2023,7,Ferry-9,Plant 1,Product C,120,635,extended_10.6h,1100,1287,1.2,2.026771653543307,0.9694069767286072,0.9094488188976376,0.9990675990675992,0.880804001084545,0.0932400932400932,1296
2023,7,Ferry-1,Plant 1,Product C,120,635,extended_10.6h,1100,1134,2.3,1.7858267716535432,0.9694069767286072,0.7919602154993788,0.9979717813051148,0.7661746302919576,0.2028218694885361,1297
2023,7,Ferry-6,Plant 1,Product C,120,635,extended_10.6h,1100,1156,2.3,1.8204724409448816,0.9694069767286072,0.839224884123527,0.9980103806228374,0.8119318019586377,0.1989619377162629,1298
2023,7,Ferry-9,Plant 1,Product C,150,635,extended_10.6h,1100,1123,1.9,1.768503937007874,0.9694069767286072,0.7935594589137895,0.9983081032947462,0.7679805301103463,0.1691896705253784,1299
2023,7,Ferry-9,Plant 1,Product A,150,635,extended_10.6h,1100,1112,1.2,1.7511811023622048,0.9694069767286072,0.7857863920856047,0.9989208633093524,0.7609247817737693,0.1079136690647482,1300
2023,7,Ferry-3,Plant 1,Product A,150,635,extended_10.6h,1100,1123,2.1,1.768503937007874,0.9694069767286072,0.7935594589137895,0.9981300089047196,0.7678435252882768,0.1869991095280498,1301
2023,7,Ferry-1,Plant 1,Product A,125,635,extended_10.6h,1100,1167,1.6,1.8377952755905511,0.9694069767286072,0.8150066767969798,0.9986289631533848,0.7889899391554718,0.1371036846615252,1302
2023,7,Ferry-1,Plant 2,Product A,125,635,extended_10.6h,1100,1187,4.1,1.8692913385826773,0.9694069767286072,0.8289742290985562,0.9965459140690818,0.8008376514733205,0.3454085930918281,1303
2023,7,Ferry-9,Plant 2,Product B,150,635,extended_10.6h,1100,1180,3.8,1.858267716535433,0.9694069767286072,0.8338380779325661,0.9967796610169491,0.8057253585904821,0.3220338983050847,1304
2023,7,Ferry-6,Plant 2,Product B,100,635,extended_10.6h,1100,1134,3.6,1.7858267716535432,0.9694069767286072,0.8232534762941867,0.9968253968253968,0.7955341153974552,0.3174603174603174,1305
2023,7,Ferry-3,Plant 2,Product C,100,635,extended_10.6h,1100,1133,1.4,1.784251968503937,0.9694069767286072,0.8006258833030486,0.9987643424536627,0.7751732832689929,0.1235657546337157,1306
2023,8,Ferry-9,Plant 2,Product C,100,635,extended_10.6h,1100,1209,1.2,1.903937007874016,0.9694069767286072,0.8543307086614175,0.9990074441687344,0.8273721204774566,0.0992555831265508,1307
2023,8,Ferry-3,Plant 1,Product B,100,635,extended_10.6h,1100,1124,2.1,1.7700787401574802,0.9694069767286072,0.7942661013527155,0.9981316725978648,0.7685285493986241,0.1868327402135231,1308
2023,8,Ferry-1,Plant 1,Product B,100,635,extended_10.6h,1100,1234,1.6,1.9433070866141733,0.9694069767286072,0.8617979770072606,0.9987034035656402,0.8343497520295208,0.1296596434359805,1309
2023,8,Ferry-1,Plant 2,Product C,125,635,extended_10.6h,1100,1211,4.1,1.9070866141732283,0.9694069767286072,0.8457352918604478,0.9966143682906689,0.8170859426520842,0.3385631709331131,1310
2023,8,Ferry-4,Plant 1,Product C,125,635,extended_10.6h,1100,1187,3.8,1.8692913385826773,0.9694069767286072,0.814954782786488,0.996798652064027,0.7874937141244612,0.3201347935973041,1311
2023,8,Ferry-4,Plant 1,Product A,125,635,extended_10.6h,1100,1189,1.2,1.8724409448818893,0.9694069767286072,0.8163279163716378,0.9989907485281748,0.790555302262538,0.1009251471825063,1312
2023,8,Ferry-4,Plant 1,Product C,125,635,extended_10.6h,1100,1178,7.0,1.8551181102362204,0.9694069767286072,0.8087756816533133,0.9940577249575552,0.7793738499321704,0.5942275042444821,1313
2023,8,Ferry-4,Plant 1,Product C,125,635,extended_10.6h,1100,988,1.4,1.5559055118110237,0.9694069767286072,0.6783279910640693,0.998582995951417,0.6566440993536118,0.1417004048582995,1314
2023,8,Ferry-4,Plant 1,Product C,125,635,extended_10.6h,1100,1123,1.2,1.768503937007874,0.9694069767286072,0.7710145080616899,0.9989314336598396,0.7466281681075224,0.1068566340160284,1315
2023,8,Ferry-4,Plant 2,Product C,125,635,extended_10.6h,1100,1167,2.3,1.8377952755905511,0.9694069767286072,0.8012234469349886,0.9980291345329906,0.7751808053082826,0.1970865467009425,1316
2023,8,Ferry-4,Plant 2,Product C,125,635,extended_10.6h,1100,1190,2.3,1.874015748031496,0.9694069767286072,0.8170144831642129,0.9980672268907564,0.7904887459986668,0.1932773109243697,1317
2023,8,Ferry-1,Plant 1,Product A,125,635,extended_10.6h,1100,1187,1.9,1.8692913385826773,0.9694069767286072,0.8289742290985562,0.9983993260320136,0.8023270781647072,0.160067396798652,1318
2023,8,Ferry-6,Plant 1,Product A,100,635,extended_10.6h,1100,1165,7.0,1.8346456692913389,0.9694069767286072,0.8457586418718939,0.9939914163090128,0.8149579844570536,0.6008583690987125,1319
2023,8,Ferry-9,Plant 1,Product A,100,635,extended_10.6h,1100,1167,1.4,1.8377952755905511,0.9694069767286072,0.8246517262265293,0.9988003427592116,0.7984641030208007,0.1199657240788346,1320
2023,8,Ferry-9,Plant 1,Product A,100,635,extended_10.6h,1100,1178,1.2,1.8551181102362204,0.9694069767286072,0.8324247930547143,0.998981324278438,0.8061363730566904,0.1018675721561969,1321
2023,8,Ferry-3,Plant 2,Product B,100,635,extended_10.6h,1100,1098,2.3,1.7291338582677165,0.9694069767286072,0.7758933979406419,0.997905282331512,0.7505809177075252,0.209471766848816,1322
2023,8,Ferry-1,Plant 1,Product B,100,635,extended_10.6h,1100,1089,2.3,1.71496062992126,0.9694069767286072,0.7605332228208321,0.9978879706152434,0.7357090843317756,0.2112029384756657,1323
2023,8,Ferry-3,Plant 1,Product C,125,635,extended_10.6h,1100,1123,1.9,1.768503937007874,0.9694069767286072,0.7935594589137895,0.9983081032947462,0.7679805301103463,0.1691896705253784,1324
2023,8,Ferry-9,Plant 1,Product C,125,635,extended_10.6h,1100,1134,1.2,1.7858267716535432,0.9694069767286072,0.8013325257419744,0.9989417989417988,0.7759953122014096,0.1058201058201058,1325
2023,8,Ferry-9,Plant 2,Product A,125,635,extended_10.6h,1100,1232,2.1,1.9401574803149608,0.9694069767286072,0.8705834847567132,0.9982954545454544,0.8425111533161317,0.1704545454545454,1326
2023,8,Ferry-6,Plant 2,Product C,150,635,extended_10.6h,1100,1165,1.6,1.8346456692913389,0.9694069767286072,0.8457586418718939,0.99862660944206,0.8187583066643662,0.1373390557939914,1327
2023,8,Ferry-9,Plant 2,Product C,150,635,extended_10.6h,1100,1123,4.1,1.768503937007874,0.9694069767286072,0.7935594589137895,0.9963490650044524,0.7664734770675823,0.365093499554764,1328
2023,8,Ferry-9,Plant 2,Product C,150,635,extended_10.6h,1100,1122,3.8,1.7669291338582678,0.9694069767286072,0.7928528164748637,0.9966131907308378,0.7659939601903393,0.338680926916221,1329
2023,8,Ferry-3,Plant 1,Product C,125,635,extended_10.6h,1100,1133,1.2,1.784251968503937,0.9694069767286072,0.8006258833030486,0.9989408649602824,0.7753102880910624,0.1059135039717564,1330
2023,8,Ferry-1,Plant 1,Product C,125,635,extended_10.6h,1100,1143,1.2,1.8,0.9694069767286072,0.7982456140350882,0.9989501312335958,0.7730124528296874,0.1049868766404199,1331
2023,8,Ferry-1,Plant 1,Product A,150,635,extended_10.6h,1100,1189,2.1,1.8724409448818893,0.9694069767286072,0.8303709843287137,0.998233809924306,0.8035457000031142,0.176619007569386,1332
2023,8,Ferry-4,Plant 1,Product A,100,635,extended_10.6h,1100,1123,1.6,1.768503937007874,0.9694069767286072,0.7710145080616899,0.9985752448797864,0.7463619430520375,0.1424755120213713,1333
2023,8,Ferry-4,Plant 1,Product A,125,635,extended_10.6h,1100,1134,4.1,1.7858267716535432,0.9694069767286072,0.7785667427800146,0.9963844797178132,0.7520192254810926,0.3615520282186948,1334
2023,8,Ferry-4,Plant 1,Product C,100,635,extended_10.6h,1100,1098,3.8,1.7291338582677165,0.9694069767286072,0.7538503382473157,0.9965391621129326,0.7282586392790614,0.3460837887067395,1335
2023,8,Ferry-4,Plant 2,Product C,100,635,extended_10.6h,1100,1123,1.2,1.768503937007874,0.9694069767286072,0.7710145080616899,0.9989314336598396,0.7466281681075224,0.1068566340160284,1336
2023,8,Ferry-4,Plant 2,Product A,125,635,extended_10.6h,1100,1087,5.2,1.7118110236220472,0.9694069767286072,0.7462981035289911,0.995216191352346,0.7200056625590282,0.4783808647654094,1337
2023,9,Ferry-4,Plant 2,Product B,125,635,extended_10.6h,1100,1111,1.4,1.7496062992125985,0.9694069767286072,0.7627757065507904,0.9987398739873988,0.7385083039152317,0.126012601260126,1338
2023,9,Ferry-9,Plant 1,Product B,125,635,extended_10.6h,1100,1123,1.2,1.768503937007874,0.9694069767286072,0.7935594589137895,0.9989314336598396,0.7684600469875894,0.1068566340160284,1339
2023,9,Ferry-9,Plant 1,Product C,100,635,extended_10.6h,1100,1145,2.3,1.8031496062992125,0.9694069767286072,0.8091055925701595,0.9979912663755458,0.7827770508938477,0.2008733624454148,1340
2023,9,Ferry-6,Plant 1,Product C,125,635,extended_10.6h,1100,1188,2.3,1.870866141732284,0.9694069767286072,0.8624560227843862,0.9980639730639732,0.8344522298538242,0.1936026936026935,1341
2023,9,Ferry-9,Plant 1,Product A,100,635,extended_10.6h,1100,1199,1.9,1.888188976377953,0.9694069767286072,0.8472642842721583,0.9984153461217682,0.8200423624967405,0.1584653878231859,1342
2023,9,Ferry-9,Plant 1,Product C,100,635,extended_10.6h,1100,1134,1.2,1.7858267716535432,0.9694069767286072,0.8013325257419744,0.9989417989417988,0.7759953122014096,0.1058201058201058,1343
2023,9,Ferry-3,Plant 1,Product C,125,635,extended_10.6h,1100,1123,2.1,1.768503937007874,0.9694069767286072,0.7935594589137895,0.9981300089047196,0.7678435252882768,0.1869991095280498,1344
2023,9,Ferry-1,Plant 1,Product C,125,635,extended_10.6h,1100,1167,1.6,1.8377952755905511,0.9694069767286072,0.8150066767969798,0.9986289631533848,0.7889899391554718,0.1371036846615252,1345
2023,9,Ferry-1,Plant 1,Product C,125,635,extended_10.6h,1100,1178,4.1,1.8551181102362204,0.9694069767286072,0.8226888305628468,0.9965195246179966,0.7947445422812841,0.3480475382003395,1346
2023,9,Ferry-4,Plant 2,Product C,100,635,extended_10.6h,1100,1178,3.8,1.8551181102362204,0.9694069767286072,0.8087756816533133,0.9967741935483873,0.78150365037605,0.3225806451612903,1347
2023,9,Ferry-4,Plant 2,Product C,125,635,extended_10.6h,1100,1170,3.6,1.84251968503937,0.9694069767286072,0.8032831473127134,0.9969230769230768,0.7763122617940936,0.3076923076923077,1348
2023,9,Ferry-4,Plant 2,Product C,125,635,extended_10.6h,1100,1156,1.4,1.8204724409448816,0.9694069767286072,0.7936712122166638,0.9987889273356402,0.7684586226572877,0.1211072664359861,1349
2023,9,Ferry-4,Plant 2,Product C,150,635,extended_10.6h,1100,1123,1.2,1.768503937007874,0.9694069767286072,0.7710145080616899,0.9989314336598396,0.7466281681075224,0.1068566340160284,1350
2023,9,Ferry-4,Plant 2,Product A,100,635,extended_10.6h,1100,998,2.3,1.5716535433070866,0.9694069767286072,0.6851936589898189,0.9976953907815632,0.6627007193658943,0.2304609218436873,1351
2023,9,Ferry-3,Plant 2,Product A,100,635,extended_10.6h,1100,1123,2.3,1.768503937007874,0.9694069767286072,0.7935594589137895,0.9979519145146928,0.7677065204662075,0.2048085485307212,1352
2023,9,Ferry-4,Plant 1,Product A,100,635,extended_10.6h,1100,1087,1.9,1.7118110236220472,0.9694069767286072,0.7462981035289911,0.9982520699172032,0.7222020192667788,0.1747930082796688,1353
2023,9,Ferry-4,Plant 1,Product A,100,635,extended_10.6h,1100,1099,1.2,1.7307086614173228,0.9694069767286072,0.7545369050398908,0.9989080982711556,0.730654664778426,0.1091901728844404,1354
2023,9,Ferry-1,Plant 1,Product B,125,635,extended_10.6h,1100,1098,2.1,1.7291338582677165,0.9694069767286072,0.7668186213565414,0.9980874316939892,0.7419375959503017,0.1912568306010929,1355
2023,9,Ferry-4,Plant 1,Product B,125,635,extended_10.6h,1100,1234,1.4,1.9433070866141733,0.9694069767286072,0.8472234220375116,0.9988654781199352,0.8203725084768517,0.1134521880064829,1356
2023,9,Ferry-4,Plant 1,Product C,125,635,extended_10.6h,1100,1267,1.2,1.9952755905511808,0.9694069767286072,0.8698801261924853,0.9990528808208368,0.8424691880821018,0.0947119179163378,1357
2023,9,Ferry-4,Plant 1,Product C,125,635,extended_10.6h,1100,1190,2.3,1.874015748031496,0.9694069767286072,0.8170144831642129,0.9980672268907564,0.7904887459986668,0.1932773109243697,1358
2023,9,Ferry-1,Plant 1,Product A,125,635,extended_10.6h,1100,1187,2.3,1.8692913385826773,0.9694069767286072,0.8289742290985562,0.9980623420387532,0.8020562733117278,0.193765796124684,1359
2023,9,Ferry-4,Plant 2,Product C,120,635,extended_10.6h,1100,1087,1.9,1.7118110236220472,0.9694069767286072,0.7462981035289911,0.9982520699172032,0.7222020192667788,0.1747930082796688,1360
2023,9,Ferry-6,Plant 2,Product C,120,635,extended_10.6h,1100,1167,1.2,1.8377952755905511,0.9694069767286072,0.8472105880381974,0.9989717223650384,0.820447338756505,0.1028277634961439,1361
2023,9,Ferry-3,Plant 2,Product C,120,635,extended_10.6h,1100,1124,2.1,1.7700787401574802,0.9694069767286072,0.7942661013527155,0.9981316725978648,0.7685285493986241,0.1868327402135231,1362
2023,9,Ferry-4,Plant 2,Product C,120,635,extended_10.6h,1100,1124,1.6,1.7700787401574802,0.9694069767286072,0.771701074854265,0.998576512455516,0.7470275056907499,0.1423487544483986,1363
2023,9,Ferry-1,Plant 1,Product C,120,635,extended_10.6h,1100,1189,4.1,1.8724409448818893,0.9694069767286072,0.8303709843287137,0.996551724137931,0.8021916757382173,0.3448275862068965,1364
2023,9,Ferry-4,Plant 1,Product C,120,635,extended_10.6h,1100,1134,3.8,1.7858267716535432,0.9694069767286072,0.7785667427800146,0.9966490299823632,0.7522188942727063,0.3350970017636684,1365
2023,9,Ferry-3,Plant 1,Product C,150,635,extended_10.6h,1100,1109,3.6,1.7464566929133858,0.9694069767286072,0.783666464768827,0.9967538322813344,0.7572256515778939,0.3246167718665464,1366
2023,9,Ferry-1,Plant 1,Product C,150,635,extended_10.6h,1100,1187,1.4,1.8692913385826773,0.9694069767286072,0.8289742290985562,0.9988205560235888,0.8026655842309314,0.117944397641112,1367
2023,10,Ferry-1,Plant 1,Product B,125,635,extended_10.6h,1100,1123,1.2,1.768503937007874,0.9694069767286072,0.7842780617335118,0.9989314336598396,0.7594722101807175,0.1068566340160284,1368
2023,10,Ferry-4,Plant 1,Product B,125,635,extended_10.6h,1100,1145,2.3,1.8031496062992125,0.9694069767286072,0.7861189774983393,0.9979912663755458,0.7605384272566107,0.2008733624454148,1369
2023,10,Ferry-3,Plant 1,Product B,150,635,extended_10.6h,1100,1188,2.3,1.870866141732284,0.9694069767286072,0.8394912174439734,0.9980639730639732,0.8122330876387814,0.1936026936026935,1370
2023,10,Ferry-3,Plant 1,Product B,100,635,extended_10.6h,1100,1199,1.9,1.888188976377953,0.9694069767286072,0.8472642842721583,0.9984153461217682,0.8200423624967405,0.1584653878231859,1371
2023,10,Ferry-4,Plant 2,Product B,100,635,extended_10.6h,1100,1134,1.2,1.7858267716535432,0.9694069767286072,0.7785667427800146,0.9989417989417988,0.7539493571333584,0.1058201058201058,1372
2023,10,Ferry-1,Plant 1,Product C,100,635,extended_10.6h,1100,1123,1.9,1.768503937007874,0.9694069767286072,0.7842780617335118,0.9983081032947462,0.7589983016880035,0.1691896705253784,1373
2023,10,Ferry-4,Plant 1,Product B,100,635,extended_10.6h,1100,1167,1.2,1.8377952755905511,0.9694069767286072,0.8012234469349886,0.9989717223650384,0.7759129242108662,0.1028277634961439,1374
2023,10,Ferry-1,Plant 2,Product B,125,635,extended_10.6h,1100,1178,2.1,1.8551181102362204,0.9694069767286072,0.8226888305628468,0.9982173174872666,0.796098566546181,0.1782682512733446,1375
2023,10,Ferry-4,Plant 2,Product C,125,635,extended_10.6h,1100,1178,1.6,1.8551181102362204,0.9694069767286072,0.8087756816533133,0.998641765704584,0.7829678881812172,0.1358234295415959,1376
2023,10,Ferry-4,Plant 2,Product C,125,635,extended_10.6h,1100,1170,1.2,1.84251968503937,0.9694069767286072,0.8032831473127134,0.9989743589743588,0.7779096121270033,0.1025641025641025,1377
2023,10,Ferry-1,Plant 2,Product A,125,635,extended_10.6h,1100,1156,4.7,1.8204724409448816,0.9694069767286072,0.8073245230311127,0.9959342560553632,0.779444068087948,0.4065743944636678,1378
2023,10,Ferry-4,Plant 1,Product C,125,635,extended_10.6h,1100,1123,1.4,1.768503937007874,0.9694069767286072,0.7710145080616899,0.998753339269813,0.7464950555797799,0.1246660730186999,1379
2023,10,Ferry-3,Plant 1,Product C,100,635,extended_10.6h,1100,998,1.2,1.5716535433070866,0.9694069767286072,0.7052291540480516,0.9987975951903808,0.6828320331941784,0.1202404809619238,1380
2023,10,Ferry-1,Plant 1,Product C,100,635,extended_10.6h,1100,1123,2.3,1.768503937007874,0.9694069767286072,0.7842780617335118,0.9979519145146928,0.7587274968350242,0.2048085485307212,1381
2023,10,Ferry-3,Plant 1,Product C,100,635,extended_10.6h,1100,1087,2.3,1.7118110236220472,0.9694069767286072,0.768120331112457,0.9978840846366144,0.7430456524937049,0.2115915363385464,1382
2023,10,Ferry-4,Plant 1,Product C,100,635,extended_10.6h,1100,1099,1.9,1.7307086614173228,0.9694069767286072,0.7545369050398908,0.9982711555959964,0.7301887709313273,0.1728844404003639,1383
2023,10,Ferry-1,Plant 1,Product A,100,635,extended_10.6h,1100,1098,1.2,1.7291338582677165,0.9694069767286072,0.7668186213565414,0.9989071038251366,0.7425469068695053,0.1092896174863388,1384
2023,10,Ferry-4,Plant 1,Product C,100,635,extended_10.6h,1100,1234,2.1,1.9433070866141733,0.9694069767286072,0.8472234220375116,0.9982982171799027,0.8199066146297531,0.1701782820097244,1385
2023,10,Ferry-4,Plant 1,Product C,150,635,extended_10.6h,1100,1267,1.6,1.9952755905511808,0.9694069767286072,0.8698801261924853,0.9987371744277822,0.8422029630266169,0.1262825572217837,1386
2023,10,Ferry-1,Plant 2,Product B,150,635,extended_10.6h,1100,1190,4.1,1.874015748031496,0.9694069767286072,0.8310693619437927,0.9965546218487394,0.8028686878706659,0.3445378151260504,1387
2023,10,Ferry-4,Plant 2,Product B,150,635,extended_10.6h,1100,1187,3.8,1.8692913385826773,0.9694069767286072,0.814954782786488,0.996798652064027,0.7874937141244612,0.3201347935973041,1388
2023,10,Ferry-1,Plant 2,Product B,125,635,extended_10.6h,1100,1087,3.6,1.7118110236220472,0.9694069767286072,0.7591364675906744,0.996688132474701,0.7334749442946956,0.3311867525298988,1389
2023,10,Ferry-1,Plant 2,Product C,125,635,extended_10.6h,1100,1167,1.4,1.8377952755905511,0.9694069767286072,0.8150066767969798,0.9988003427592116,0.7891253415819615,0.1199657240788346,1390
2023,10,Ferry-1,Plant 2,Product C,150,635,extended_10.6h,1100,1124,1.2,1.7700787401574802,0.9694069767286072,0.7849764393485906,0.998932384341637,0.7601492223131661,0.1067615658362989,1391
2023,10,Ferry-6,Plant 2,Product A,100,635,extended_10.6h,1100,1124,2.3,1.7700787401574802,0.9694069767286072,0.8159937454626682,0.9979537366548042,0.7894113740634514,0.2046263345195729,1392
2023,10,Ferry-9,Plant 1,Product C,125,635,extended_10.6h,1100,1189,2.3,1.8724409448818893,0.9694069767286072,0.8401978598828991,0.9980656013456686,0.8129181117491284,0.193439865433137,1393
2023,10,Ferry-9,Plant 1,Product C,100,635,extended_10.6h,1100,1134,1.9,1.7858267716535432,0.9694069767286072,0.8013325257419744,0.9983245149911816,0.7755157953241666,0.1675485008818342,1394
2023,10,Ferry-3,Plant 1,Product C,100,635,extended_10.6h,1100,1109,1.2,1.7464566929133858,0.9694069767286072,0.783666464768827,0.9989179440937782,0.7588697094427275,0.1082055906221821,1395
2023,10,Ferry-1,Plant 2,Product C,125,635,extended_10.6h,1100,1187,1.2,1.8692913385826773,0.9694069767286072,0.8289742290985562,0.998989048020219,0.8028009866574211,0.101095197978096,1396
2023,10,Ferry-1,Plant 2,Product C,125,635,extended_10.6h,1100,1178,2.3,1.8551181102362204,0.9694069767286072,0.8226888305628468,0.9980475382003396,0.7959631641196913,0.1952461799660441,1397
2023,10,Ferry-4,Plant 2,Product A,125,635,extended_10.6h,1100,1170,2.3,1.84251968503937,0.9694069767286072,0.8032831473127134,0.998034188034188,0.7771774932244198,0.1965811965811965,1398
2023,11,Ferry-3,Plant 2,Product C,125,635,extended_10.6h,1100,1124,2.1,1.7700787401574802,0.9694069767286072,0.7942661013527155,0.9981316725978648,0.7685285493986241,0.1868327402135231,1399
2023,11,Ferry-3,Plant 1,Product C,100,635,extended_10.6h,1100,1234,1.6,1.9433070866141733,0.9694069767286072,0.871996769634565,0.9987034035656402,0.8442237135919999,0.1296596434359805,1400
2023,11,Ferry-3,Plant 1,Product B,125,635,extended_10.6h,1100,1211,4.1,1.9070866141732283,0.9694069767286072,0.8557439935392691,0.9966143682906689,0.8267555987781439,0.3385631709331131,1401
2023,11,Ferry-4,Plant 1,Product B,100,635,extended_10.6h,1100,1187,3.8,1.8692913385826773,0.9694069767286072,0.814954782786488,0.996798652064027,0.7874937141244612,0.3201347935973041,1402
2023,11,Ferry-4,Plant 1,Product B,100,635,extended_10.6h,1100,1189,1.9,1.8724409448818893,0.9694069767286072,0.8163279163716378,0.9984020185029436,0.7900894084154393,0.1597981497056349,1403
2023,11,Ferry-4,Plant 1,Product B,125,635,extended_10.6h,1100,1178,1.2,1.8551181102362204,0.9694069767286072,0.8087756816533133,0.998981324278438,0.7832341132367021,0.1018675721561969,1404
2023,11,Ferry-4,Plant 1,Product B,125,635,extended_10.6h,1100,1188,2.1,1.870866141732284,0.9694069767286072,0.815641349579063,0.9982323232323232,0.7892907332489847,0.1767676767676767,1405
2023,11,Ferry-1,Plant 1,Product C,125,635,extended_10.6h,1100,1123,1.6,1.768503937007874,0.9694069767286072,0.7842780617335118,0.9985752448797864,0.7592014053277382,0.1424755120213713,1406
2023,11,Ferry-6,Plant 1,Product C,100,635,extended_10.6h,1100,1167,4.1,1.8377952755905511,0.9694069767286072,0.8472105880381974,0.9964867180805485,0.8184064249785038,0.3513281919451584,1407
2023,11,Ferry-9,Plant 2,Product A,125,635,extended_10.6h,1100,1190,3.8,1.874015748031496,0.9694069767286072,0.8409045023218251,0.9968067226890756,0.812575599693955,0.3193277310924369,1408
2023,11,Ferry-9,Plant 2,Product C,125,635,extended_10.6h,1100,1287,3.6,2.026771653543307,0.9694069767286072,0.9094488188976376,0.9972027972027973,0.8791599432197115,0.2797202797202797,1409
2023,11,Ferry-3,Plant 2,Product C,150,635,extended_10.6h,1100,1165,2.1,1.8346456692913389,0.9694069767286072,0.8232384413486776,0.998197424892704,0.7966145379228632,0.1802575107296137,1410
2023,11,Ferry-1,Plant 2,Product C,100,635,extended_10.6h,1100,1167,1.6,1.8377952755905511,0.9694069767286072,0.8150066767969798,0.9986289631533848,0.7889899391554718,0.1371036846615252,1411
2023,11,Ferry-1,Plant 2,Product C,100,635,extended_10.6h,1100,1178,4.1,1.8551181102362204,0.9694069767286072,0.8226888305628468,0.9965195246179966,0.7947445422812841,0.3480475382003395,1412
2023,11,Ferry-6,Plant 2,Product C,100,635,extended_10.6h,1100,1098,3.8,1.7291338582677165,0.9694069767286072,0.7971184453007204,0.9965391621129326,0.7700578813410257,0.3460837887067395,1413
2023,11,Ferry-3,Plant 2,Product A,100,635,extended_10.6h,1100,1089,1.2,1.71496062992126,0.9694069767286072,0.769533615990309,0.9988980716253444,0.7451692272357818,0.1101928374655647,1414
2023,11,Ferry-3,Plant 2,Product A,125,635,extended_10.6h,1100,1123,2.1,1.768503937007874,0.9694069767286072,0.7935594589137895,0.9981300089047196,0.7678435252882768,0.1869991095280498,1415
2023,11,Ferry-3,Plant 2,Product A,125,635,extended_10.6h,1100,1124,1.6,1.7700787401574802,0.9694069767286072,0.7942661013527155,0.998576512455516,0.7688710614537979,0.1423487544483986,1416
2023,11,Ferry-3,Plant 2,Product A,125,635,extended_10.6h,1100,1234,4.1,1.9433070866141733,0.9694069767286072,0.871996769634565,0.996677471636953,0.8425111533161316,0.3322528363047001,1417
2023,11,Ferry-4,Plant 1,Product B,125,635,extended_10.6h,1100,1111,3.8,1.7496062992125985,0.9694069767286072,0.7627757065507904,0.9965796579657966,0.7369109535823221,0.342034203420342,1418
2023,11,Ferry-4,Plant 1,Product B,125,635,extended_10.6h,1100,1187,1.2,1.8692913385826773,0.9694069767286072,0.814954782786488,0.998989048020219,0.7892241769851134,0.101095197978096,1419
2023,11,Ferry-4,Plant 1,Product C,120,635,extended_10.6h,1100,1189,2.1,1.8724409448818893,0.9694069767286072,0.8163279163716378,0.998233809924306,0.7899562958876969,0.176619007569386,1420
2023,11,Ferry-4,Plant 1,Product C,120,635,extended_10.6h,1100,1178,1.6,1.8551181102362204,0.9694069767286072,0.8087756816533133,0.998641765704584,0.7829678881812172,0.1358234295415959,1421
2023,11,Ferry-4,Plant 1,Product A,120,635,extended_10.6h,1100,1188,2.1,1.870866141732284,0.9694069767286072,0.815641349579063,0.9982323232323232,0.7892907332489847,0.1767676767676767,1422
2023,11,Ferry-4,Plant 1,Product C,120,635,extended_10.6h,1100,1123,1.6,1.768503937007874,0.9694069767286072,0.7710145080616899,0.9985752448797864,0.7463619430520375,0.1424755120213713,1423
2023,11,Ferry-4,Plant 1,Product C,120,635,extended_10.6h,1100,1167,4.1,1.8377952755905511,0.9694069767286072,0.8012234469349886,0.9964867180805485,0.7739827925586004,0.3513281919451584,1424
2023,11,Ferry-4,Plant 1,Product C,120,635,extended_10.6h,1100,1190,3.8,1.874015748031496,0.9694069767286072,0.8170144831642129,0.9968067226890756,0.7894904020405983,0.3193277310924369,1425
2023,11,Ferry-9,Plant 2,Product C,150,635,extended_10.6h,1100,1187,3.6,1.8692913385826773,0.9694069767286072,0.8387845750050474,0.9969671440606572,0.8106575321849826,0.3032855939342881,1426
2023,11,Ferry-9,Plant 2,Product C,150,635,extended_10.6h,1100,1065,1.4,1.6771653543307086,0.9694069767286072,0.7525741974560871,0.9986854460093896,0.7285916437653772,0.1314553990610328,1427
2023,11,Ferry-3,Plant 2,Product C,150,635,extended_10.6h,1100,1167,1.2,1.8377952755905511,0.9694069767286072,0.8246517262265293,0.9989717223650384,0.7986011078428701,0.1028277634961439,1428
2023,12,Ferry-1,Plant 2,Product C,150,635,extended_10.6h,1100,1134,5.0,1.7858267716535432,0.9694069767286072,0.7919602154993788,0.9955908289241624,0.7643466975343467,0.4409171075837742,1429
2023,12,Ferry-1,Plant 2,Product C,150,635,extended_10.6h,1100,1087,4.0,1.7118110236220472,0.9694069767286072,0.7591364675906744,0.9963201471941122,0.7332041394417161,0.3679852805887764,1430
2023,12,Ferry-4,Plant 2,Product B,150,635,extended_10.6h,1100,1145,1.2,1.8031496062992125,0.9694069767286072,0.7861189774983393,0.9989519650655022,0.7612705461591943,0.1048034934497816,1431
2023,12,Ferry-6,Plant 2,Product B,125,635,extended_10.6h,1100,1178,2.3,1.8551181102362204,0.9694069767286072,0.8551962919528676,0.9980475382003396,0.8274145961365782,0.1952461799660441,1432
2023,12,Ferry-4,Plant 2,Product B,125,635,extended_10.6h,1100,1123,2.3,1.768503937007874,0.9694069767286072,0.7710145080616899,0.9979519145146928,0.7458960492049388,0.2048085485307212,1433
2023,12,Ferry-6,Plant 1,Product C,150,635,extended_10.6h,1100,1188,1.9,1.870866141732284,0.9694069767286072,0.8624560227843862,0.9984006734006734,0.8347337352025139,0.1599326599326599,1434
2023,12,Ferry-4,Plant 1,Product C,100,635,extended_10.6h,1100,1176,1.2,1.851968503937008,0.9694069767286072,0.8074025480681634,0.9989795918367348,0.7819029879592775,0.1020408163265306,1435
2023,12,Ferry-4,Plant 1,Product A,125,635,extended_10.6h,1100,1134,2.1,1.7858267716535432,0.9694069767286072,0.7785667427800146,0.998148148148148,0.7533503507585173,0.1851851851851852,1436
2023,12,Ferry-3,Plant 1,Product C,100,635,extended_10.6h,1100,1124,1.6,1.7700787401574802,0.9694069767286072,0.7942661013527155,0.998576512455516,0.7688710614537979,0.1423487544483986,1437
2023,12,Ferry-3,Plant 1,Product C,100,635,extended_10.6h,1100,1180,4.1,1.858267716535433,0.9694069767286072,0.8338380779325661,0.9965254237288136,0.8055198513573779,0.347457627118644,1438
2023,12,Ferry-3,Plant 1,Product C,125,635,extended_10.6h,1100,1190,3.8,1.874015748031496,0.9694069767286072,0.8409045023218251,0.9968067226890756,0.812575599693955,0.3193277310924369,1439
2023,12,Ferry-3,Plant 1,Product C,125,635,extended_10.6h,1100,1198,1.2,1.8866141732283463,0.9694069767286072,0.8465576418332323,0.9989983305509182,0.8198368552636363,0.1001669449081802,1440
2023,12,Ferry-3,Plant 1,Product C,125,635,extended_10.6h,1100,1189,7.1,1.8724409448818893,0.9694069767286072,0.8401978598828991,0.9940285954583684,0.8096299960194615,0.5971404541631623,1441
2023,12,Ferry-6,Plant 2,Product A,100,635,extended_10.6h,1100,1180,1.4,1.858267716535433,0.9694069767286072,0.8566482381191713,0.998813559322034,0.8294555099145796,0.1186440677966101,1442
2023,12,Ferry-9,Plant 2,Product A,125,635,extended_10.6h,1100,1187,1.2,1.8692913385826773,0.9694069767286072,0.8387845750050474,0.998989048020219,0.8123015900498161,0.101095197978096,1443
2023,12,Ferry-9,Plant 2,Product A,100,635,extended_10.6h,1100,1165,2.3,1.8346456692913389,0.9694069767286072,0.8232384413486776,0.9980257510729612,0.7964775331007936,0.1974248927038626,1444
2023,12,Ferry-3,Plant 2,Product A,100,635,extended_10.6h,1100,990,2.3,1.559055118110236,0.9694069767286072,0.6995760145366443,0.9976767676767676,0.6765983137900179,0.2323232323232323,1445
2023,12,Ferry-1,Plant 2,Product B,125,635,extended_10.6h,1100,1145,1.9,1.8031496062992125,0.9694069767286072,0.7996423692652458,0.9983406113537118,0.7738925686018704,0.1659388646288209,1446
2023,12,Ferry-1,Plant 2,Product B,125,635,extended_10.6h,1100,1123,1.2,1.768503937007874,0.9694069767286072,0.7842780617335118,0.9989314336598396,0.7594722101807175,0.1068566340160284,1447
2023,12,Ferry-4,Plant 2,Product C,125,635,extended_10.6h,1100,1167,2.1,1.8377952755905511,0.9694069767286072,0.8012234469349886,0.9982005141388176,0.7753139178360251,0.1799485861182519,1448
2023,12,Ferry-4,Plant 2,Product C,100,635,extended_10.6h,1100,1128,1.6,1.7763779527559056,0.9694069767286072,0.7744473420245649,0.998581560283688,0.7496897562455994,0.1418439716312056,1449
2023,12,Ferry-4,Plant 2,Product A,150,635,extended_10.6h,1100,1114,4.1,1.7543307086614173,0.9694069767286072,0.7648354069285153,0.9963195691202872,0.7387079727068454,0.3680430879712746,1450
2023,12,Ferry-4,Plant 2,Product C,150,635,extended_10.6h,1100,1114,1.2,1.7543307086614173,0.9694069767286072,0.7648354069285153,0.9989228007181328,0.7406381043591113,0.1077199281867145,1451
2023,12,Ferry-4,Plant 2,Product C,150,635,extended_10.6h,1100,1118,5.0,1.7606299212598424,0.9694069767286072,0.7675816740988151,0.9955277280858676,0.7407712168868537,0.4472271914132379,1452
2023,12,Ferry-4,Plant 2,Product C,125,635,extended_10.6h,1100,1113,4.0,1.752755905511811,0.9694069767286072,0.7641488401359403,0.9964061096136568,0.7381089663320044,0.3593890386343217,1453
2023,12,Ferry-3,Plant 1,Product C,125,635,extended_10.6h,1100,1114,1.2,1.7543307086614173,0.9694069767286072,0.7871996769634565,0.9989228007181328,0.762294829994464,0.1077199281867145,1454
2023,12,Ferry-4,Plant 1,Product C,150,635,extended_10.6h,1100,1289,2.3,2.02992125984252,0.9694069767286072,0.8849845956291349,0.9982156710628394,0.8563794472311903,0.1784328937160589,1455
2023,12,Ferry-6,Plant 1,Product A,100,635,extended_10.6h,1100,1098,5.0,1.7291338582677165,0.9694069767286072,0.7971184453007204,0.9954462659380692,0.7692133652949562,0.4553734061930783,1456
2023,12,Ferry-4,Plant 1,Product A,125,635,extended_10.6h,1100,1212,4.0,1.908661417322835,0.9694069767286072,0.8321189526008623,0.9966996699669968,0.8039996675645278,0.33003300330033,1457
2023,12,Ferry-1,Plant 2,Product A,100,635,extended_10.6h,1100,1098,1.2,1.7291338582677165,0.9694069767286072,0.7668186213565414,0.9989071038251366,0.7425469068695053,0.1092896174863388,1458
2023,12,Ferry-4,Plant 1,Product A,100,635,extended_10.6h,1100,1127,2.3,1.7748031496062993,0.9694069767286072,0.7737607752319899,0.9979591836734694,0.7485582997597884,0.2040816326530612,1459
2024,1,Ferry-3,Plant 1,Product C,125,1355,continuous_22.6h,1350,1323,3.8,0.9763837638376384,0.9690127843589276,0.4381209196707351,0.9971277399848828,0.423325369282055,0.2872260015117158,1460
2024,1,Ferry-6,Plant 1,Product C,100,1355,continuous_22.6h,1350,1323,3.6,0.9763837638376384,0.9690127843589276,0.4501059904216064,0.997278911564626,0.4349716332962026,0.272108843537415,1461
2024,1,Ferry-3,Plant 2,Product B,120,1355,continuous_22.6h,1350,1334,1.4,0.9845018450184502,0.9690127843589276,0.4417636484057148,0.9989505247376312,0.4276253692429249,0.1049475262368815,1462
2024,1,Ferry-1,Plant 2,Product B,125,1355,continuous_22.6h,1350,1336,1.2,0.9859778597785978,0.9690127843589276,0.4372513900577605,0.9991017964071855,0.423321616118085,0.0898203592814371,1463
2024,1,Ferry-9,Plant 2,Product C,150,1355,continuous_22.6h,1350,1357,2.3,1.0014760147601476,0.9690127843589276,0.4493802630333995,0.9983050847457628,0.4347171602231656,0.1694915254237288,1464
2024,1,Ferry-6,Plant 2,Product C,150,1355,continuous_22.6h,1350,1389,2.3,1.025092250922509,0.9690127843589276,0.4725602575174688,0.9983441324694023,0.4571586811367623,0.1655867530597552,1465
2024,1,Ferry-6,Plant 2,Product A,150,1355,continuous_22.6h,1350,1365,1.9,1.007380073800738,0.9690127843589276,0.4643950694826097,0.9986080586080586,0.4493783790708304,0.1391941391941392,1466
2024,1,Ferry-9,Plant 2,Product C,125,1355,continuous_22.6h,1350,1343,1.2,0.9911439114391144,0.9690127843589276,0.4447440628252436,0.9991064780342516,0.4305776080220297,0.0893521965748324,1467
2024,1,Ferry-1,Plant 2,Product C,125,1355,continuous_22.6h,1350,1348,2.1,0.9948339483394834,0.9690127843589276,0.44117879775289,0.9984421364985164,0.4268418962641073,0.1557863501483679,1468
2024,1,Ferry-9,Plant 1,Product C,150,1355,continuous_22.6h,1350,1380,1.6,1.018450184501845,0.9690127843589276,0.4569968776610842,0.998840579710145,0.4423223840345548,0.1159420289855072,1469
2024,1,Ferry-3,Plant 1,Product C,100,1355,continuous_22.6h,1350,1309,4.1,0.9660516605166052,0.9690127843589276,0.4334847194625792,0.9968678380443088,0.4187365633536641,0.3132161955691367,1470
2024,1,Ferry-1,Plant 1,Product C,125,1355,continuous_22.6h,1350,1366,3.8,1.0081180811808117,0.9690127843589276,0.4470699092955844,0.9972181551976574,0.4320113166587169,0.2781844802342605,1471
2024,1,Ferry-1,Plant 1,Product A,100,1355,continuous_22.6h,1350,1355,1.2,1.0,0.9690127843589276,0.443469785575049,0.9991143911439114,0.4293473208725378,0.0885608856088561,1472
2024,1,Ferry-9,Plant 1,Product A,100,1355,continuous_22.6h,1350,1345,7.0,0.992619926199262,0.9690127843589276,0.4454063771406945,0.9947955390334572,0.4293582050480516,0.5204460966542751,1473
2024,1,Ferry-6,Plant 1,Product A,125,1355,continuous_22.6h,1350,1343,1.4,0.9911439114391144,0.9690127843589276,0.4569103137839889,0.998957557706627,0.4422903920192402,0.1042442293373045,1474
2024,1,Ferry-4,Plant 1,Product A,125,1355,continuous_22.6h,1350,1322,1.2,0.9756457564575646,0.9690127843589276,0.4253521958397853,0.9990922844175492,0.4117975809349769,0.0907715582450832,1475
2024,1,Ferry-3,Plant 1,Product B,125,1355,continuous_22.6h,1350,1388,2.3,1.024354243542435,0.9690127843589276,0.4596461349228875,0.998342939481268,0.4446649213266704,0.1657060518731988,1476
2024,1,Ferry-1,Plant 2,Product B,125,1355,continuous_22.6h,1350,1300,2.3,0.959409594095941,0.9690127843589276,0.4254691669723717,0.9982307692307693,0.4115556347291271,0.1769230769230769,1477
2024,1,Ferry-9,Plant 2,Product C,100,1355,continuous_22.6h,1350,1376,1.9,1.0154981549815498,0.9690127843589276,0.4556722490301826,0.9986191860465116,0.4409425333008429,0.1380813953488372,1478
2024,1,Ferry-1,Plant 2,Product C,150,1355,continuous_22.6h,1350,1344,7.0,0.9918819188191882,0.9690127843589276,0.4398696618545135,0.9947916666666666,0.4240193293001795,0.5208333333333333,1479
2024,1,Ferry-4,Plant 2,Product A,125,1355,continuous_22.6h,1350,1333,1.4,0.9837638376383764,0.9690127843589276,0.4288914349882253,0.9989497374343586,0.4151647931352326,0.105026256564141,1480
2024,1,Ferry-3,Plant 2,Product C,125,1355,continuous_22.6h,1350,1367,1.2,1.0088560885608857,0.9690127843589276,0.4526918346106538,0.9991221653255304,0.4382791004892593,0.0877834674469641,1481
2024,1,Ferry-1,Plant 1,Product C,125,1355,continuous_22.6h,1350,1390,2.3,1.0258302583025831,0.9690127843589276,0.4549247246858436,0.9983453237410072,0.4400984467239036,0.1654676258992805,1482
2024,1,Ferry-4,Plant 1,Product C,100,1355,continuous_22.6h,1350,1354,2.3,0.9992619926199262,0.9690127843589276,0.4356481642716107,0.998301329394387,0.4214315491745974,0.1698670605612998,1483
2024,1,Ferry-9,Plant 1,Product C,125,1355,continuous_22.6h,1350,1324,1.9,0.9771217712177122,0.9690127843589276,0.4384520768284605,0.9985649546827796,0.424255966288512,0.1435045317220543,1484
2024,1,Ferry-1,Plant 1,Product C,125,1355,continuous_22.6h,1350,1388,1.2,1.024354243542435,0.9690127843589276,0.4542701567366552,0.999135446685879,0.4398130186039556,0.0864553314121037,1485
2024,1,Ferry-4,Plant 1,Product A,150,1355,continuous_22.6h,1350,1308,2.1,0.9653136531365314,0.9690127843589276,0.4208477096508617,0.998394495412844,0.4071520752142538,0.1605504587155963,1486
2024,1,Ferry-3,Plant 1,Product A,100,1355,continuous_22.6h,1350,1366,1.6,1.0081180811808117,0.9690127843589276,0.4523606774529283,0.9988286969253294,0.4378298467620041,0.1171303074670571,1487
2024,1,Ferry-1,Plant 1,Product A,120,1355,continuous_22.6h,1350,1354,4.1,0.9992619926199262,0.9690127843589276,0.4431425016004549,0.9969719350073856,0.4281104656860975,0.3028064992614475,1488
2024,1,Ferry-9,Plant 2,Product A,100,1355,continuous_22.6h,1350,1343,3.8,0.9911439114391144,0.9690127843589276,0.4447440628252436,0.9971705137751304,0.4297432796714132,0.2829486224869694,1489
2024,1,Ferry-1,Plant 2,Product B,100,1355,continuous_22.6h,1350,1334,3.8,0.9845018450184502,0.9690127843589276,0.4365968221085722,0.997151424287856,0.4218627612827964,0.2848575712143928,1490
2024,2,Ferry-3,Plant 2,Product C,125,1355,continuous_22.6h,1350,1388,3.8,1.024354243542435,0.9690127843589276,0.4596461349228875,0.9972622478386168,0.4441835780474685,0.2737752161383285,1491
2024,2,Ferry-3,Plant 2,Product C,100,1355,continuous_22.6h,1350,1398,3.6,1.0317343173431734,0.9690127843589276,0.4629577065001419,0.9974248927038628,0.4474567123460412,0.2575107296137339,1492
2024,2,Ferry-1,Plant 2,Product B,120,1355,continuous_22.6h,1350,1397,2.3,1.0309963099630997,0.9690127843589276,0.4572157125080026,0.998353614889048,0.4423184432123862,0.164638511095204,1493
2024,2,Ferry-3,Plant 1,Product C,125,1355,continuous_22.6h,1350,1395,2.3,1.029520295202952,0.9690127843589276,0.4619642350269656,0.9983512544802868,0.4469111899629458,0.1648745519713261,1494
2024,2,Ferry-6,Plant 1,Product C,125,1355,continuous_22.6h,1350,1387,4.1,1.0236162361623615,0.9690127843589276,0.4718798251812305,0.9970439798125452,0.4559059206346207,0.2956020187454938,1495
2024,2,Ferry-3,Plant 1,Product B,125,1355,continuous_22.6h,1350,1385,3.8,1.022140221402214,0.9690127843589276,0.4586526634497114,0.9972563176895308,0.4432208914890649,0.2743682310469313,1496
2024,2,Ferry-1,Plant 1,Product B,150,1355,continuous_22.6h,1350,1389,2.3,1.025092250922509,0.9690127843589276,0.4545974407112494,0.9983441324694023,0.439781304368406,0.1655867530597552,1497
2024,2,Ferry-9,Plant 1,Product B,150,1355,continuous_22.6h,1350,1367,2.3,1.0088560885608857,0.9690127843589276,0.4526918346106538,0.9983174835406,0.4379261154178446,0.1682516459400146,1498
2024,2,Ferry-6,Plant 1,Product C,150,1355,continuous_22.6h,1350,1360,2.1,1.003690036900369,0.9690127843589276,0.4626939886420141,0.9984558823529412,0.4476640752257947,0.1544117647058823,1499
2024,2,Ferry-6,Plant 1,Product C,125,1355,continuous_22.6h,1350,1390,3.8,1.0258302583025831,0.9690127843589276,0.472900473685588,0.9972661870503596,0.4569938442285858,0.2733812949640288,1500
2024,2,Ferry-9,Plant 1,Product A,125,1355,continuous_22.6h,1350,1390,3.6,1.0258302583025831,0.9690127843589276,0.4603084492383386,0.997410071942446,0.4448895481902981,0.2589928057553957,1501
2024,2,Ferry-1,Plant 2,Product C,150,1355,continuous_22.6h,1350,1377,1.4,1.0162361623616236,0.9690127843589276,0.4506700330161199,0.9989832970225128,0.4362610242223836,0.1016702977487291,1502
2024,2,Ferry-9,Plant 2,Product C,100,1355,continuous_22.6h,1350,1380,1.2,1.018450184501845,0.9690127843589276,0.4569968776610842,0.9991304347826088,0.4424507422423419,0.0869565217391304,1503
2024,2,Ferry-3,Plant 2,Product C,125,1355,continuous_22.6h,1350,1389,2.3,1.025092250922509,0.9690127843589276,0.459977292080613,0.9983441324694023,0.4449858168461383,0.1655867530597552,1504
2024,2,Ferry-1,Plant 1,Product C,125,1355,continuous_22.6h,1350,1385,3.0,1.022140221402214,0.9690127843589276,0.4532883048128729,0.9978339350180504,0.4382907352975677,0.2166064981949458,1505
2024,2,Ferry-1,Plant 1,Product C,125,1355,continuous_22.6h,1350,1365,1.9,1.007380073800738,0.9690127843589276,0.4467426253209903,0.9986080586080586,0.4322967447786646,0.1391941391941392,1506
2024,2,Ferry-9,Plant 1,Product A,125,1355,continuous_22.6h,1350,1356,1.2,1.0007380073800738,0.9690127843589276,0.4490491058756741,0.9991150442477876,0.4347492497751124,0.0884955752212389,1507
2024,2,Ferry-6,Plant 1,Product A,125,1355,continuous_22.6h,1350,1358,1.4,1.0022140221402214,0.9690127843589276,0.4620135563057758,0.9989690721649483,0.4472354992645357,0.1030927835051546,1508
2024,2,Ferry-4,Plant 1,Product C,100,1355,continuous_22.6h,1350,1313,1.2,0.9690036900369003,0.9690127843589276,0.4224564547183344,0.9990860624523992,0.4089915707680971,0.0913937547600913,1509
2024,2,Ferry-3,Plant 1,Product C,150,1355,continuous_22.6h,1350,1387,2.3,1.0236162361623615,0.9690127843589276,0.4593149777651622,0.9983417447728912,0.4443440258072026,0.1658255227108868,1510
2024,2,Ferry-1,Plant 1,Product B,125,1355,continuous_22.6h,1350,1383,2.3,1.0206642066420664,0.9690127843589276,0.4526337368636847,0.9983369486623282,0.4378784502354209,0.1663051337671728,1511
2024,2,Ferry-9,Plant 1,Product B,125,1355,continuous_22.6h,1350,1382,1.9,1.0199261992619926,0.9690127843589276,0.4576591919765351,0.9986251808972504,0.4428679064176502,0.1374819102749638,1512
2024,2,Ferry-1,Plant 2,Product B,125,1355,continuous_22.6h,1350,1382,1.2,1.0199261992619926,0.9690127843589276,0.4523064528890905,0.9991316931982632,0.4379101644709707,0.0868306801736613,1513
2024,2,Ferry-4,Plant 2,Product C,100,1355,continuous_22.6h,1350,1313,2.1,0.9690036900369003,0.9690127843589276,0.4224564547183344,0.9984006092916984,0.4087109697514092,0.1599390708301599,1514
2024,2,Ferry-3,Plant 2,Product C,125,1355,continuous_22.6h,1350,1382,1.6,1.0199261992619926,0.9690127843589276,0.4576591919765351,0.9988422575976844,0.4429641750734906,0.1157742402315484,1515
2024,2,Ferry-1,Plant 2,Product A,125,1355,continuous_22.6h,1350,1390,4.1,1.0258302583025831,0.9690127843589276,0.4549247246858436,0.9970503597122302,0.4395275904840081,0.2949640287769784,1516
2024,2,Ferry-4,Plant 1,Product C,150,1355,continuous_22.6h,1350,1390,3.8,1.0258302583025831,0.9690127843589276,0.4472311287574142,0.9972661870503596,0.4321879214809698,0.2733812949640288,1517
2024,2,Ferry-9,Plant 1,Product C,100,1355,continuous_22.6h,1350,1370,3.6,1.011070110701107,0.9690127843589276,0.45368530608383,0.9973722627737226,0.43847163780094,0.2627737226277372,1518
2024,3,Ferry-4,Plant 1,Product C,150,1355,continuous_22.6h,1350,1388,3.8,1.024354243542435,0.9690127843589276,0.4465876307304249,0.9972622478386168,0.4315643636661075,0.2737752161383285,1519
2024,3,Ferry-3,Plant 1,Product C,150,1355,continuous_22.6h,1350,1378,3.6,1.0169741697416974,0.9690127843589276,0.4563345633456334,0.9973875181422353,0.4410388019566832,0.2612481857764877,1520
2024,3,Ferry-1,Plant 1,Product B,150,1355,continuous_22.6h,1350,1376,2.3,1.0154981549815498,0.9690127843589276,0.4503427490415257,0.998328488372093,0.4356584537469383,0.1671511627906976,1521
2024,3,Ferry-9,Plant 1,Product B,125,1355,continuous_22.6h,1350,1389,2.3,1.025092250922509,0.9690127843589276,0.459977292080613,0.9983441324694023,0.4449858168461383,0.1655867530597552,1522
2024,3,Ferry-6,Plant 1,Product C,125,1355,continuous_22.6h,1350,1367,4.1,1.0088560885608857,0.9690127843589276,0.465075501818848,0.9970007315288952,0.4493124443075599,0.2999268471104608,1523
2024,3,Ferry-1,Plant 1,Product C,150,1355,continuous_22.6h,1350,1358,3.8,1.0022140221402214,0.9690127843589276,0.4444516374988314,0.99720176730486,0.4294741778147367,0.2798232695139911,1524
2024,3,Ferry-4,Plant 2,Product B,100,1355,continuous_22.6h,1350,1359,2.3,1.0029520295202952,0.9690127843589276,0.4372569093390833,0.9983075791022812,0.4229904437117528,0.169242089771891,1525
2024,3,Ferry-1,Plant 2,Product B,125,1355,continuous_22.6h,1350,1558,2.3,1.1498154981549815,0.9690127843589276,0.5099084324176578,0.9985237483953788,0.4933783624474864,0.1476251604621309,1526
2024,3,Ferry-9,Plant 2,Product B,100,1355,continuous_22.6h,1350,1350,2.1,0.996309963099631,0.9690127843589276,0.4470621629293216,0.9984444444444444,0.4325350706907839,0.1555555555555555,1527
2024,3,Ferry-1,Plant 2,Product C,100,1355,continuous_22.6h,1350,1398,1.6,1.0317343173431734,0.9690127843589276,0.4575429964825966,0.9988555078683834,0.4428575852167319,0.1144492131616595,1528
2024,3,Ferry-6,Plant 2,Product C,125,1355,continuous_22.6h,1350,1398,4.1,1.0317343173431734,0.9690127843589276,0.475622203030541,0.9970672389127324,0.4595323326145042,0.2932761087267524,1529
2024,3,Ferry-9,Plant 2,Product A,125,1355,continuous_22.6h,1350,1396,3.8,1.030258302583026,0.9690127843589276,0.4622953921846912,0.9972779369627508,0.446750742203212,0.2722063037249283,1530
2024,3,Ferry-9,Plant 1,Product C,125,1355,continuous_22.6h,1350,1380,3.8,1.018450184501845,0.9690127843589276,0.4569968776610842,0.9972463768115942,0.4416164138917254,0.2753623188405796,1531
2024,3,Ferry-3,Plant 1,Product C,100,1355,continuous_22.6h,1350,1324,3.8,0.9771217712177122,0.9690127843589276,0.4384520768284605,0.9971299093655588,0.4236462648015229,0.2870090634441087,1532
2024,3,Ferry-1,Plant 1,Product C,125,1355,continuous_22.6h,1350,1303,3.6,0.9616236162361624,0.9690127843589276,0.4264510188961541,0.9972371450498848,0.4120947767334729,0.2762854950115119,1533
2024,3,Ferry-1,Plant 1,Product C,100,1355,continuous_22.6h,1350,1307,2.3,0.9645756457564576,0.9690127843589276,0.4277601547945306,0.9982402448355012,0.4137756312176097,0.1759755164498852,1534
2024,3,Ferry-4,Plant 2,Product C,100,1355,continuous_22.6h,1350,1367,2.3,1.0088560885608857,0.9690127843589276,0.4398309014470397,0.9983174835406,0.4254846749712015,0.1682516459400146,1535
2024,3,Ferry-4,Plant 2,Product C,125,1355,continuous_22.6h,1350,1368,4.1,1.0095940959409595,0.9690127843589276,0.4401526504605343,0.9970029239766082,0.4252352518452567,0.2997076023391812,1536
2024,3,Ferry-9,Plant 2,Product B,125,1355,continuous_22.6h,1350,1369,3.8,1.0103321033210333,0.9690127843589276,0.4533541489261046,0.9972242512783054,0.4380865631775786,0.2775748721694667,1537
2024,3,Ferry-4,Plant 1,Product B,125,1355,continuous_22.6h,1350,1373,2.3,1.0132841328413285,0.9690127843589276,0.441761395528007,0.9983248361252732,0.427355348415788,0.1675163874726875,1538
2024,3,Ferry-3,Plant 1,Product B,100,1355,continuous_22.6h,1350,1371,2.3,1.0118081180811809,0.9690127843589276,0.4540164632415555,0.998322392414296,0.4392096974957161,0.1677607585703865,1539
2024,3,Ferry-4,Plant 1,Product C,150,1355,continuous_22.6h,1350,1372,2.1,1.0125461254612549,0.9690127843589276,0.4414396465145125,0.998469387755102,0.4271059252898433,0.1530612244897959,1540
2024,3,Ferry-6,Plant 2,Product C,150,1355,continuous_22.6h,1350,1373,1.6,1.0132841328413285,0.9690127843589276,0.4671167988275628,0.9988346686088856,0.4521146717465608,0.1165331391114348,1541
2024,3,Ferry-4,Plant 2,Product A,150,1355,continuous_22.6h,1350,1383,4.1,1.0206642066420664,0.9690127843589276,0.4449788856629523,0.9970354302241504,0.4299119354567229,0.2964569775849602,1542
2024,3,Ferry-1,Plant 2,Product C,125,1355,continuous_22.6h,1350,1394,3.8,1.0287822878228785,0.9690127843589276,0.4562338605842203,0.9972740315638452,0.4408913026126475,0.2725968436154949,1543
2024,3,Ferry-6,Plant 2,Product C,125,1355,continuous_22.6h,1350,1376,3.8,1.0154981549815498,0.9690127843589276,0.4681374473319201,0.9972383720930232,0.4523784107996432,0.2761627906976744,1544
2024,3,Ferry-9,Plant 2,Product C,150,1355,continuous_22.6h,1350,789,3.8,0.5822878228782288,0.9690127843589276,0.261282997445359,0.9951837769328264,0.2519671618861959,0.4816223067173637,1545
2024,3,Ferry-9,Plant 2,Product C,100,1355,continuous_22.6h,1350,1377,3.6,1.0162361623616236,0.9690127843589276,0.456003406187908,0.9973856209150328,0.4407179064372153,0.261437908496732,1546
2024,3,Ferry-3,Plant 2,Product C,120,1355,continuous_22.6h,1350,1366,2.3,1.0081180811808117,0.9690127843589276,0.4523606774529283,0.998316251830161,0.4376052198983766,0.1683748169838946,1547
2024,3,Ferry-1,Plant 1,Product C,100,1355,continuous_22.6h,1350,1380,2.3,1.018450184501845,0.9690127843589276,0.4516518849399022,0.9983333333333332,0.4369270231689284,0.1666666666666666,1548
2024,3,Ferry-1,Plant 1,Product A,100,1355,continuous_22.6h,1350,1376,2.3,1.0154981549815498,0.9690127843589276,0.4503427490415257,0.998328488372093,0.4356584537469383,0.1671511627906976,1549
2024,4,Ferry-9,Plant 1,Product C,125,1355,continuous_22.6h,1150,1134,2.3,0.83690036900369,0.9690127843589276,0.3755322168606301,0.9979717813051148,0.3631574593818237,0.2028218694885361,1550
2024,4,Ferry-4,Plant 2,Product C,150,1355,continuous_22.6h,1150,1123,5.0,0.8287822878228782,0.9690127843589276,0.3613241421543713,0.9955476402493322,0.3485688185079529,0.4452359750667853,1551
2024,4,Ferry-4,Plant 2,Product B,150,1355,continuous_22.6h,1150,1109,4.0,0.818450184501845,0.9690127843589276,0.3568196559654477,0.9963931469792606,0.3445156927113488,0.3606853020739404,1552
2024,4,Ferry-3,Plant 2,Product B,150,1355,continuous_22.6h,1150,1009,2.3,0.744649446494465,0.9690127843589276,0.3341375721449522,0.9977205153617444,0.323045519448336,0.2279484638255698,1553
2024,4,Ferry-4,Plant 2,Product B,125,1355,continuous_22.6h,1150,1123,2.3,0.8287822878228782,0.9690127843589276,0.3613241421543713,0.9979519145146928,0.3494106215580168,0.2048085485307212,1554
2024,4,Ferry-3,Plant 2,Product C,125,1355,continuous_22.6h,1150,1467,1.9,1.0826568265682657,0.9690127843589276,0.4858075503831961,0.9987048398091344,0.4701440255724218,0.1295160190865712,1555
2024,4,Ferry-4,Plant 2,Product C,150,1355,continuous_22.6h,1150,1133,2.1,0.8361623616236162,0.9690127843589276,0.3645416322893167,0.9981465136804942,0.3525907664138138,0.1853486319505737,1556
2024,4,Ferry-1,Plant 1,Product A,100,1355,continuous_22.6h,1150,1187,1.6,0.8760147601476015,0.9690127843589276,0.3884860778432348,0.9986520640269588,0.375940548206756,0.134793597304128,1557
2024,4,Ferry-4,Plant 1,Product C,125,1355,continuous_22.6h,1150,1176,4.1,0.8678966789667897,0.9690127843589276,0.3783768398695821,0.9965136054421768,0.3653737016184883,0.3486394557823129,1558
2024,4,Ferry-6,Plant 1,Product C,100,1355,continuous_22.6h,1150,1167,3.8,0.8612546125461255,0.9690127843589276,0.3970322681950224,0.9967437874892888,0.3834765831818576,0.3256212510711225,1559
2024,4,Ferry-9,Plant 1,Product C,100,1355,continuous_22.6h,1150,1167,2.3,0.8612546125461255,0.9690127843589276,0.3864604030655691,0.9980291345329906,0.3737470115242643,0.1970865467009425,1560
2024,4,Ferry-4,Plant 2,Product C,125,1355,continuous_22.6h,1150,1189,5.0,0.8774907749077491,0.9690127843589276,0.3825595770450111,0.9957947855340622,0.3691462263984044,0.4205214465937762,1561
2024,4,Ferry-6,Plant 2,Product C,125,1355,continuous_22.6h,1150,1178,4.0,0.8693726937269373,0.9690127843589276,0.4007746460443328,0.99660441426146,0.3870370603984704,0.3395585738539898,1562
2024,4,Ferry-9,Plant 2,Product C,125,1355,continuous_22.6h,1150,1198,2.3,0.8841328413284133,0.9690127843589276,0.3967262749550572,0.9980801335559264,0.3836947726277693,0.1919866444073455,1563
2024,4,Ferry-9,Plant 2,Product B,100,1355,continuous_22.6h,1150,1099,2.3,0.811070110701107,0.9690127843589276,0.3639417163402403,0.9979071883530484,0.3519261162004471,0.2092811646951774,1564
2024,4,Ferry-3,Plant 1,Product B,125,1355,continuous_22.6h,1150,1222,1.9,0.9018450184501844,0.9690127843589276,0.4046740467404673,0.9984451718494272,0.391524623302786,0.1554828150572831,1565
2024,4,Ferry-9,Plant 1,Product B,100,1355,continuous_22.6h,1150,1124,2.1,0.829520295202952,0.9690127843589276,0.3722206452833759,0.9981316725978648,0.3600126832910382,0.1868327402135231,1566
2024,4,Ferry-1,Plant 1,Product C,100,1355,continuous_22.6h,1150,1124,1.6,0.829520295202952,0.9690127843589276,0.3678671874438045,0.998576512455516,0.3559605798104124,0.1423487544483986,1567
2024,4,Ferry-4,Plant 1,Product C,125,1355,continuous_22.6h,1150,1134,2.3,0.83690036900369,0.9690127843589276,0.3648633813028112,0.9979717813051148,0.3528401895397587,0.2028218694885361,1568
2024,4,Ferry-4,Plant 1,Product A,125,1355,continuous_22.6h,1150,1300,5.0,0.959409594095941,0.9690127843589276,0.4182737175429054,0.9961538461538462,0.4037536851232549,0.3846153846153846,1569
2024,4,Ferry-4,Plant 1,Product C,125,1355,continuous_22.6h,1150,1123,4.0,0.8287822878228782,0.9690127843589276,0.3613241421543713,0.9964381121994658,0.3488805974153839,0.3561887800534283,1570
2024,4,Ferry-3,Plant 1,Product C,100,1355,continuous_22.6h,1150,1167,2.3,0.8612546125461255,0.9690127843589276,0.3864604030655691,0.9980291345329906,0.3737470115242643,0.1970865467009425,1571
2024,4,Ferry-9,Plant 1,Product C,150,1355,continuous_22.6h,1150,1189,2.3,0.8774907749077491,0.9690127843589276,0.3937458605355284,0.9980656013456686,0.3808067129525581,0.193439865433137,1572
2024,4,Ferry-4,Plant 2,Product C,100,1355,continuous_22.6h,1150,1187,1.9,0.8760147601476015,0.9690127843589276,0.381916079018022,0.9983993260320136,0.3694891831965787,0.160067396798652,1573
2024,4,Ferry-1,Plant 2,Product C,125,1355,continuous_22.6h,1150,1167,2.1,0.8612546125461255,0.9690127843589276,0.3819403983513522,0.9982005141388176,0.3694391299190569,0.1799485861182519,1574
2024,4,Ferry-4,Plant 2,Product C,125,1355,continuous_22.6h,1150,1198,1.6,0.8841328413284133,0.9690127843589276,0.385455318166462,0.9986644407345576,0.3730122848505499,0.1335559265442404,1575
2024,4,Ferry-3,Plant 2,Product B,150,1355,continuous_22.6h,1150,1165,4.1,0.8597785977859779,0.9690127843589276,0.3857980887501183,0.996480686695279,0.3725276085502864,0.3519313304721029,1576
2024,4,Ferry-1,Plant 2,Product B,100,1355,continuous_22.6h,1150,1133,3.8,0.8361623616236162,0.9690127843589276,0.3708127432151517,0.9966460723742278,0.3581171478277956,0.3353927625772286,1577
2024,4,Ferry-4,Plant 2,Product B,120,1355,continuous_22.6h,1150,1234,2.3,0.91070110701107,0.9690127843589276,0.3970382826522655,0.9981361426256078,0.3840180802828671,0.186385737439222,1578
2024,4,Ferry-6,Plant 2,Product C,100,1355,continuous_22.6h,1150,1167,1.6,0.8612546125461255,0.9690127843589276,0.3970322681950224,0.9986289631533848,0.3842018655778343,0.1371036846615252,1579
2024,5,Ferry-9,Plant 1,Product C,125,1355,continuous_22.6h,1000,1006,2.3,0.7424354243542436,0.9690127843589276,0.3331441006717759,0.997713717693837,0.3220828328899323,0.2286282306163021,1580
2024,5,Ferry-9,Plant 1,Product C,100,1355,continuous_22.6h,1000,1067,2.3,0.7874538745387454,0.9690127843589276,0.3533446872930267,0.9978444236176196,0.3416574595774742,0.2155576382380506,1581
2024,5,Ferry-3,Plant 1,Product C,120,1355,continuous_22.6h,1000,1067,1.9,0.7874538745387454,0.9690127843589276,0.3533446872930267,0.9982193064667292,0.3417858177852614,0.1780693533270852,1582
2024,5,Ferry-1,Plant 1,Product C,125,1355,continuous_22.6h,1000,1065,2.1,0.7859778597785978,0.9690127843589276,0.3485574329427507,0.9980281690140844,0.3370906096583103,0.1971830985915492,1583
2024,5,Ferry-1,Plant 1,Product C,150,1355,continuous_22.6h,1000,1064,1.6,0.785239852398524,0.9690127843589276,0.3482301489681565,0.9984962406015038,0.3369320384805615,0.150375939849624,1584
2024,5,Ferry-3,Plant 1,Product B,150,1355,continuous_22.6h,1000,1068,4.1,0.7881918819188192,0.9690127843589276,0.3536758444507522,0.9961610486891386,0.3414007431618999,0.3838951310861422,1585
2024,5,Ferry-4,Plant 1,Product B,150,1355,continuous_22.6h,1000,1080,3.8,0.7970479704797048,0.9690127843589276,0.3474889345741059,0.9964814814814816,0.3355364601773335,0.3518518518518518,1586
2024,5,Ferry-4,Plant 1,Product B,125,1355,continuous_22.6h,1000,1054,3.6,0.777859778597786,0.9690127843589276,0.3391234602232479,0.996584440227704,0.3274925643656116,0.3415559772296015,1587
2024,5,Ferry-9,Plant 2,Product C,125,1355,continuous_22.6h,1000,1053,2.3,0.7771217712177122,0.9690127843589276,0.3487084870848708,0.9978157644824311,0.3371649223049236,0.218423551756885,1588
2024,5,Ferry-9,Plant 2,Product C,150,1355,continuous_22.6h,1000,1026,3.0,0.7571955719557195,0.9690127843589276,0.3397672438262843,0.9970760233918128,0.3282761164156627,0.2923976608187134,1589
2024,5,Ferry-4,Plant 2,Product C,100,1355,continuous_22.6h,1000,1087,1.9,0.8022140221402214,0.9690127843589276,0.3497411776685678,0.9982520699172032,0.3383112924534702,0.1747930082796688,1590
2024,5,Ferry-6,Plant 2,Product C,125,1355,continuous_22.6h,1000,998,2.3,0.7365313653136532,0.9690127843589276,0.3395357357828897,0.9976953907815632,0.3282562189427231,0.2304609218436873,1591
2024,5,Ferry-4,Plant 2,Product C,100,1355,continuous_22.6h,1000,1065,2.3,0.7859778597785978,0.9690127843589276,0.3426626993716878,0.9978403755868543,0.3313274449270139,0.2159624413145539,1592
2024,5,Ferry-4,Plant 2,Product A,100,1355,continuous_22.6h,1000,1234,1.9,0.91070110701107,0.9690127843589276,0.3970382826522655,0.9984602917341976,0.3841427918458395,0.1539708265802269,1593
2024,5,Ferry-4,Plant 2,Product A,125,1355,continuous_22.6h,1000,1007,1.2,0.7431734317343174,0.9690127843589276,0.3240012565890044,0.9988083416087388,0.3135872250941852,0.1191658391261171,1594
2024,5,Ferry-1,Plant 2,Product A,125,1355,continuous_22.6h,1000,1009,2.1,0.744649446494465,0.9690127843589276,0.3302295303654793,0.9979187314172449,0.3193306377504493,0.2081268582755203,1595
2024,5,Ferry-4,Plant 2,Product C,125,1355,continuous_22.6h,1000,1006,1.6,0.7424354243542436,0.9690127843589276,0.3236795075755098,0.9984095427435388,0.3131507346237816,0.1590457256461232,1596
2024,5,Ferry-1,Plant 2,Product C,100,1355,continuous_22.6h,1000,1087,4.1,0.8022140221402214,0.9690127843589276,0.3557576803838216,0.996228150873965,0.3434334567682606,0.3771849126034958,1597
2024,5,Ferry-6,Plant 1,Product C,125,1355,continuous_22.6h,1000,1076,3.8,0.7940959409594096,0.9690127843589276,0.3660725968961817,0.9964684014869888,0.3534762658937309,0.3531598513011152,1598
2024,5,Ferry-9,Plant 1,Product C,100,1355,continuous_22.6h,1000,1080,3.6,0.7970479704797048,0.9690127843589276,0.3576497303434572,0.9966666666666668,0.3454119371552487,0.3333333333333333,1599
2024,5,Ferry-9,Plant 1,Product C,100,1355,continuous_22.6h,1000,1076,2.3,0.7940959409594096,0.9690127843589276,0.3563251017125556,0.9978624535315984,0.3445455192526854,0.2137546468401487,1600
2024,5,Ferry-3,Plant 1,Product B,125,1355,continuous_22.6h,1000,1044,2.3,0.770479704797048,0.9690127843589276,0.345728072665342,0.9977969348659004,0.3342768626297125,0.2203065134099616,1601
2024,5,Ferry-1,Plant 1,Product B,125,1355,continuous_22.6h,1000,1033,1.9,0.7623616236162362,0.9690127843589276,0.3380843457557385,0.998160696999032,0.3270054827534893,0.1839303000968054,1602
2024,5,Ferry-1,Plant 1,Product B,125,1355,continuous_22.6h,1000,1022,2.1,0.7542435424354244,0.9690127843589276,0.334484222035203,0.997945205479452,0.323453488371917,0.2054794520547945,1603
2024,5,Ferry-9,Plant 2,Product C,100,1355,continuous_22.6h,1000,1056,1.6,0.7793357933579336,0.9690127843589276,0.3497019585580471,0.9984848484848484,0.3383522357269549,0.1515151515151515,1604
2024,5,Ferry-6,Plant 2,Product C,150,1355,continuous_22.6h,1000,1089,4.1,0.803690036900369,0.9690127843589276,0.3704954070817304,0.9962350780532598,0.3576631233614144,0.3764921946740128,1605
2024,5,Ferry-4,Plant 1,Product A,150,1355,continuous_22.6h,1000,1087,3.8,0.8022140221402214,0.9690127843589276,0.3497411776685678,0.9965041398344068,0.3377189125293511,0.3495860165593376,1606
2024,5,Ferry-1,Plant 1,Product C,150,1355,continuous_22.6h,1000,1278,3.6,0.9431734317343172,0.9690127843589276,0.4182689195313008,0.9971830985915492,0.4041662178460349,0.2816901408450704,1607
2024,5,Ferry-9,Plant 2,Product C,125,1355,continuous_22.6h,1000,1056,2.3,0.7793357933579336,0.9690127843589276,0.3497019585580471,0.9978219696969696,0.3381276088633273,0.2178030303030302,1608
2024,5,Ferry-3,Plant 2,Product C,100,1355,continuous_22.6h,1000,1034,3.0,0.76309963099631,0.9690127843589276,0.3424165010880878,0.9970986460348162,0.330843280571406,0.2901353965183753,1609
2024,5,Ferry-9,Plant 2,Product A,100,1355,continuous_22.6h,1000,1067,1.9,0.7874538745387454,0.9690127843589276,0.3533446872930267,0.9982193064667292,0.3417858177852614,0.1780693533270852,1610
2024,6,Ferry-6,Plant 2,Product C,150,1355,continuous_22.6h,1000,1022,1.4,0.7542435424354244,0.9690127843589276,0.3477009238177488,0.9986301369863012,0.3364650969699139,0.136986301369863,1611
2024,6,Ferry-9,Plant 2,Product C,150,1355,continuous_22.6h,1000,1033,2.3,0.7623616236162362,0.9690127843589276,0.3420853439303624,0.9977734753146176,0.3307470119155656,0.2226524685382381,1612
2024,6,Ferry-9,Plant 2,Product B,150,1355,continuous_22.6h,1000,1044,2.3,0.770479704797048,0.9690127843589276,0.345728072665342,0.9977969348659004,0.3342768626297125,0.2203065134099616,1613
2024,6,Ferry-3,Plant 1,Product C,125,1355,continuous_22.6h,1000,1056,1.9,0.7793357933579336,0.9690127843589276,0.3497019585580471,0.9982007575757575,0.3382559670711145,0.1799242424242424,1614
2024,6,Ferry-1,Plant 1,Product C,125,1355,continuous_22.6h,1000,1068,2.1,0.7881918819188192,0.9690127843589276,0.3495392848665331,0.9980337078651684,0.3380420367248027,0.196629213483146,1615
2024,6,Ferry-1,Plant 1,Product C,150,1355,continuous_22.6h,1000,1078,1.6,0.7955719557195572,0.9690127843589276,0.3528121246124744,0.9985157699443412,0.3413720314575267,0.1484230055658627,1616
2024,6,Ferry-4,Plant 1,Product C,100,1355,continuous_22.6h,1000,1099,4.1,0.811070110701107,0.9690127843589276,0.3536021658305023,0.9962693357597816,0.3413667257462948,0.373066424021838,1617
2024,6,Ferry-4,Plant 1,Product C,125,1355,continuous_22.6h,1000,1087,3.8,0.8022140221402214,0.9690127843589276,0.3497411776685678,0.9965041398344068,0.3377189125293511,0.3495860165593376,1618
2024,6,Ferry-9,Plant 1,Product B,100,1355,continuous_22.6h,1000,1066,3.6,0.7867158671586716,0.9690127843589276,0.3530135301353013,0.996622889305816,0.3409193998826981,0.3377110694183864,1619
2024,6,Ferry-9,Plant 1,Product B,100,1355,continuous_22.6h,1000,1054,2.3,0.777859778597786,0.9690127843589276,0.3490396442425962,0.9978178368121442,0.3374858178243915,0.2182163187855787,1620
2024,6,Ferry-4,Plant 2,Product B,125,1355,continuous_22.6h,1000,1043,3.0,0.7697416974169742,0.9690127843589276,0.3355842210748079,0.99712368168744,0.3242500637283282,0.2876318312559923,1621
2024,6,Ferry-3,Plant 2,Product C,125,1355,continuous_22.6h,1000,1032,1.9,0.7616236162361624,0.9690127843589276,0.3417541867726369,0.998158914728682,0.3305544746038849,0.1841085271317829,1622
2024,6,Ferry-9,Plant 2,Product C,125,1355,continuous_22.6h,1000,1021,2.3,0.7535055350553506,0.9690127843589276,0.3381114580376573,0.997747306562194,0.3268962656819508,0.2252693437806072,1623
2024,6,Ferry-3,Plant 2,Product C,100,1355,continuous_22.6h,1000,1034,2.3,0.76309963099631,0.9690127843589276,0.3424165010880878,0.9977756286266924,0.3310679074350335,0.2224371373307543,1624
2024,6,Ferry-1,Plant 2,Product C,125,1355,continuous_22.6h,1000,1057,3.0,0.7800738007380074,0.9690127843589276,0.3459391611459976,0.9971617786187322,0.3342680426943823,0.2838221381267738,1625
2024,6,Ferry-4,Plant 2,Product C,100,1355,continuous_22.6h,1000,1043,1.9,0.7697416974169742,0.9690127843589276,0.3355842210748079,0.9981783317353788,0.3245930205265024,0.1821668264621284,1626
2024,6,Ferry-4,Plant 2,Product A,100,1355,continuous_22.6h,1000,1024,1.2,0.7557195571955719,0.9690127843589276,0.3294709898184116,0.998828125,0.3188874665205136,0.1171875,1627
2024,6,Ferry-4,Plant 2,Product A,125,1355,continuous_22.6h,1000,1088,1.4,0.8029520295202952,0.9690127843589276,0.3500629266820623,0.9987132352941176,0.3387789608146168,0.1286764705882352,1628
2024,6,Ferry-3,Plant 2,Product A,125,1355,continuous_22.6h,1000,1065,1.2,0.7859778597785978,0.9690127843589276,0.3526823729775759,0.9988732394366198,0.3413686536099531,0.1126760563380281,1629
2024,6,Ferry-1,Plant 2,Product C,150,1355,continuous_22.6h,1000,1044,2.3,0.770479704797048,0.9690127843589276,0.3416844694762739,0.9977969348659004,0.3303671917217629,0.2203065134099616,1630
2024,6,Ferry-6,Plant 2,Product C,125,1355,continuous_22.6h,1000,1033,2.3,0.7623616236162362,0.9690127843589276,0.3514433016670592,0.9977734753146176,0.3397948025150796,0.2226524685382381,1631
2024,6,Ferry-9,Plant 1,Product C,125,1355,continuous_22.6h,1000,1022,1.9,0.7542435424354244,0.9690127843589276,0.3384426151953827,0.9981409001956948,0.3273455194092058,0.1859099804305283,1632
2024,6,Ferry-9,Plant 1,Product C,125,1355,continuous_22.6h,1000,1023,1.2,0.7549815498154981,0.9690127843589276,0.3387737723531081,0.9988269794721408,0.3278910417923013,0.1173020527859237,1633
2024,6,Ferry-6,Plant 1,Product C,150,1355,continuous_22.6h,1000,1067,2.1,0.7874538745387454,0.9690127843589276,0.3630106513831096,0.9980318650421744,0.3510696470343536,0.1968134957825679,1634
2024,6,Ferry-1,Plant 1,Product B,150,1355,continuous_22.6h,1000,1099,1.6,0.811070110701107,0.9690127843589276,0.3596850880789511,0.9985441310282076,0.3480320209229745,0.1455868971792538,1635
2024,6,Ferry-1,Plant 1,Product B,150,1355,continuous_22.6h,1000,1066,4.1,0.7867158671586716,0.9690127843589276,0.3488847169173448,0.9961538461538462,0.3367734673028127,0.3846153846153846,1636
2024,6,Ferry-4,Plant 1,Product C,125,1355,continuous_22.6h,1000,1047,3.8,0.7726937269372693,0.9690127843589276,0.3368712171287861,0.996370582617001,0.3252477562321077,0.3629417382999044,1637
2024,6,Ferry-6,Plant 1,Product C,125,1355,continuous_22.6h,1000,1044,2.3,0.770479704797048,0.9690127843589276,0.3551856795163696,0.9977969348659004,0.343421214494963,0.2203065134099616,1638
2024,6,Ferry-9,Plant 1,Product C,120,1355,continuous_22.6h,1000,1033,2.3,0.7623616236162362,0.9690127843589276,0.3420853439303624,0.9977734753146176,0.3307470119155656,0.2226524685382381,1639
2024,6,Ferry-9,Plant 2,Product C,100,1355,continuous_22.6h,1000,1038,1.9,0.7660516605166051,0.9690127843589276,0.3437411297189894,0.998169556840077,0.3324798477206923,0.1830443159922928,1640
2024,7,Ferry-3,Plant 2,Product C,125,1355,continuous_22.6h,1350,1309,1.4,0.9660516605166052,0.9690127843589276,0.4334847194625792,0.9989304812834224,0.4196029812562274,0.106951871657754,1641
2024,7,Ferry-9,Plant 2,Product C,100,1355,continuous_22.6h,1350,1388,2.3,1.024354243542435,0.9690127843589276,0.4596461349228875,0.998342939481268,0.4446649213266704,0.1657060518731988,1642
2024,7,Ferry-9,Plant 2,Product C,120,1355,continuous_22.6h,1350,1376,2.3,1.0154981549815498,0.9690127843589276,0.4556722490301826,0.998328488372093,0.4408141750930557,0.1671511627906976,1643
2024,7,Ferry-9,Plant 2,Product C,150,1355,continuous_22.6h,1350,1355,1.9,1.0,0.9690127843589276,0.4487179487179487,0.9985977859778598,0.4342037273920169,0.1402214022140221,1644
2024,7,Ferry-9,Plant 2,Product C,150,1355,continuous_22.6h,1350,1378,2.1,1.0169741697416974,0.9690127843589276,0.4563345633456334,0.9984760522496372,0.441520145235885,0.1523947750362844,1645
2024,7,Ferry-3,Plant 2,Product B,150,1355,continuous_22.6h,1350,1376,1.6,1.0154981549815498,0.9690127843589276,0.4556722490301826,0.9988372093023256,0.4410388019566832,0.1162790697674418,1646
2024,7,Ferry-3,Plant 2,Product B,125,1355,continuous_22.6h,1350,1344,4.1,0.9918819188191882,0.9690127843589276,0.445075219982969,0.9969494047619047,0.4299679065350407,0.3050595238095238,1647
2024,7,Ferry-4,Plant 2,Product B,125,1355,continuous_22.6h,1350,1333,3.8,0.9837638376383764,0.9690127843589276,0.4288914349882253,0.9971492873218304,0.414416523757398,0.2850712678169542,1648
2024,7,Ferry-4,Plant 1,Product C,150,1355,continuous_22.6h,1350,1323,3.6,0.9763837638376384,0.9690127843589276,0.4256739448532798,0.997278911564626,0.4113610904645734,0.272108843537415,1649
2024,7,Ferry-4,Plant 1,Product C,100,1355,continuous_22.6h,1350,1326,2.3,0.9785977859778596,0.9690127843589276,0.4266391918937634,0.998265460030166,0.412701739766527,0.1734539969834087,1650
2024,7,Ferry-4,Plant 1,Product C,125,1355,continuous_22.6h,1350,1328,3.0,0.9800738007380074,0.9690127843589276,0.4272826899207526,0.9977409638554215,0.4131070523461874,0.2259036144578313,1651
2024,7,Ferry-4,Plant 1,Product C,100,1355,continuous_22.6h,1350,1329,1.9,0.9808118081180812,0.9690127843589276,0.4276044389342471,0.9985703536493604,0.4137617880517927,0.1429646350639578,1652
2024,7,Ferry-6,Plant 1,Product C,100,1355,continuous_22.6h,1350,1334,2.3,0.9845018450184502,0.9690127843589276,0.4538483682709168,0.9982758620689656,0.4390266212373451,0.1724137931034482,1653
2024,7,Ferry-9,Plant 1,Product A,125,1355,continuous_22.6h,1350,1335,2.3,0.985239852398524,0.9690127843589276,0.4420948055634402,0.9982771535580524,0.4276574587948717,0.1722846441947565,1654
2024,7,Ferry-9,Plant 1,Product A,125,1355,continuous_22.6h,1350,1338,1.9,0.9874538745387452,0.9690127843589276,0.4430882770366164,0.9985799701046336,0.4287485035610625,0.1420029895366218,1655
2024,7,Ferry-3,Plant 1,Product A,125,1355,continuous_22.6h,1350,1339,1.2,0.9881918819188192,0.9690127843589276,0.4434194341943419,0.9991038088125468,0.429294025944158,0.0896191187453323,1656
2024,7,Ferry-1,Plant 2,Product A,100,1355,continuous_22.6h,1350,1398,2.1,1.0317343173431734,0.9690127843589276,0.4575429964825966,0.9984978540772532,0.4426990140389832,0.1502145922746781,1657
2024,7,Ferry-1,Plant 2,Product C,125,1355,continuous_22.6h,1350,1387,1.6,1.0236162361623615,0.9690127843589276,0.4539428727620612,0.9988464311463592,0.4393690193062592,0.1153568853640951,1658
2024,7,Ferry-4,Plant 2,Product C,100,1355,continuous_22.6h,1350,1365,4.1,1.007380073800738,0.9690127843589276,0.4391874034200506,0.996996336996337,0.4242999151229634,0.3003663003663003,1659
2024,7,Ferry-4,Plant 2,Product B,100,1355,continuous_22.6h,1350,1343,3.8,0.9911439114391144,0.9690127843589276,0.4321089251231707,0.9971705137751304,0.4175343128317088,0.2829486224869694,1660
2024,7,Ferry-3,Plant 2,Product B,125,1355,continuous_22.6h,1350,1332,3.6,0.9830258302583026,0.9690127843589276,0.441101334090264,0.9972972972972972,0.4262776080611598,0.2702702702702703,1661
2024,7,Ferry-4,Plant 2,Product B,125,1355,continuous_22.6h,1350,1321,2.3,0.9749077490774908,0.9690127843589276,0.4250304468262907,0.9982588947766844,0.4111428452293716,0.1741105223315669,1662
2024,7,Ferry-4,Plant 1,Product C,125,1355,continuous_22.6h,1350,1318,2.3,0.9726937269372694,0.9690127843589276,0.4240651997858071,0.9982549317147192,0.4102075085070784,0.1745068285280728,1663
2024,7,Ferry-4,Plant 1,Product C,100,1355,continuous_22.6h,1350,1390,1.9,1.0258302583025831,0.9690127843589276,0.4472311287574142,0.9986330935251798,0.4327803014050889,0.1366906474820144,1664
2024,7,Ferry-9,Plant 1,Product C,150,1355,continuous_22.6h,1350,1398,2.1,1.0317343173431734,0.9690127843589276,0.4629577065001419,0.9984978540772532,0.4479380556252431,0.1502145922746781,1665
2024,7,Ferry-1,Plant 1,Product C,150,1355,continuous_22.6h,1350,1375,4.1,1.014760147601476,0.9690127843589276,0.4500154650669316,0.9970181818181818,0.4347704551515453,0.2981818181818181,1666
2024,7,Ferry-6,Plant 1,Product C,150,1355,continuous_22.6h,1350,1354,3.8,0.9992619926199262,0.9690127843589276,0.4606526916332993,0.9971935007385524,0.4451255868398763,0.2806499261447562,1667
2024,7,Ferry-9,Plant 1,Product C,125,1355,continuous_22.6h,1350,1343,3.6,0.9911439114391144,0.9690127843589276,0.4447440628252436,0.997319434102755,0.4298074587753067,0.2680565897244973,1668
2024,7,Ferry-9,Plant 1,Product C,125,1355,continuous_22.6h,1350,1332,1.4,0.9830258302583026,0.9690127843589276,0.441101334090264,0.9989489489489488,0.4269835782039891,0.1051051051051051,1669
2024,7,Ferry-3,Plant 2,Product C,150,1355,continuous_22.6h,1350,1321,1.2,0.9749077490774908,0.9690127843589276,0.4374586053552843,0.9990915972747918,0.4235179065937358,0.0908402725208175,1670
2024,7,Ferry-1,Plant 2,Product A,100,1355,continuous_22.6h,1350,1367,2.3,1.0088560885608857,0.9690127843589276,0.4473971932701786,0.9983174835406,0.4328041725474608,0.1682516459400146,1671
2024,8,Ferry-1,Plant 2,Product C,125,1355,continuous_22.6h,1350,1389,1.4,1.025092250922509,0.9690127843589276,0.4545974407112494,0.9989920806335492,0.4400667324883537,0.1007919366450684,1672
2024,8,Ferry-9,Plant 2,Product C,100,1355,continuous_22.6h,1350,1323,1.2,0.9763837638376384,0.9690127843589276,0.4381209196707351,0.999092970521542,0.4241596976326716,0.0907029478458049,1673
2024,8,Ferry-6,Plant 2,Product C,120,1355,continuous_22.6h,1350,1325,2.3,0.977859778597786,0.9690127843589276,0.4507864227578446,0.9982641509433964,0.4360595568901677,0.1735849056603773,1674
2024,8,Ferry-3,Plant 2,Product C,150,1355,continuous_22.6h,1350,1326,2.3,0.9785977859778596,0.9690127843589276,0.4391143911439114,0.998265460030166,0.4247693991196605,0.1734539969834087,1675
2024,8,Ferry-9,Plant 2,Product C,150,1355,continuous_22.6h,1350,1326,2.3,0.9785977859778596,0.9690127843589276,0.4391143911439114,0.998265460030166,0.4247693991196605,0.1734539969834087,1676
2024,8,Ferry-3,Plant 1,Product B,150,1355,continuous_22.6h,1350,1317,1.9,0.9719557195571956,0.9690127843589276,0.4361339767243826,0.9985573272589218,0.4220096976522367,0.1442672741078208,1677
2024,8,Ferry-1,Plant 1,Product B,125,1355,continuous_22.6h,1350,1318,2.1,0.9726937269372694,0.9690127843589276,0.4313602785150661,0.9984066767830044,0.4173276255991819,0.1593323216995447,1678
2024,8,Ferry-1,Plant 1,Product B,125,1355,continuous_22.6h,1350,1312,1.6,0.9682656826568266,0.9690127843589276,0.4293965746675013,0.998780487804878,0.4155833426439455,0.1219512195121951,1679
2024,8,Ferry-4,Plant 1,Product C,150,1355,continuous_22.6h,1350,1314,4.1,0.969741697416974,0.9690127843589276,0.4227782037318289,0.9968797564687976,0.408399190843978,0.3120243531202435,1680
2024,8,Ferry-4,Plant 1,Product C,100,1355,continuous_22.6h,1350,1318,3.8,0.9726937269372694,0.9690127843589276,0.4240651997858071,0.9971168437025796,0.4097398401459317,0.2883156297420333,1681
2024,8,Ferry-4,Plant 1,Product C,125,1355,continuous_22.6h,1350,1367,3.6,1.0088560885608857,0.9690127843589276,0.4398309014470397,0.9973664959765912,0.4250793623915411,0.2633504023408924,1682
2024,8,Ferry-4,Plant 1,Product C,100,1355,continuous_22.6h,1350,1354,2.3,0.9992619926199262,0.9690127843589276,0.4356481642716107,0.998301329394387,0.4214315491745974,0.1698670605612998,1683
2024,8,Ferry-4,Plant 1,Product C,100,1355,continuous_22.6h,1350,1353,3.0,0.9985239852398524,0.9690127843589276,0.4353264152581161,0.9977827050997784,0.4209015250319646,0.2217294900221729,1684
2024,8,Ferry-4,Plant 2,Product A,125,1355,continuous_22.6h,1350,1360,1.9,1.003690036900369,0.9690127843589276,0.4375786583525779,0.9986029411764706,0.4234269341821564,0.1397058823529411,1685
2024,8,Ferry-4,Plant 2,Product A,125,1355,continuous_22.6h,1350,1309,2.3,0.9660516605166052,0.9690127843589276,0.4211694586643562,0.9982429335370512,0.4074014983401986,0.1757066462948815,1686
2024,8,Ferry-1,Plant 2,Product A,125,1355,continuous_22.6h,1350,1388,2.3,1.024354243542435,0.9690127843589276,0.4542701567366552,0.998342939481268,0.4394641620129084,0.1657060518731988,1687
2024,8,Ferry-6,Plant 2,Product C,100,1355,continuous_22.6h,1350,1387,1.9,1.0236162361623615,0.9690127843589276,0.4718798251812305,0.9986301369863012,0.4566312030305973,0.136986301369863,1688
2024,8,Ferry-9,Plant 2,Product C,125,1355,continuous_22.6h,1350,1348,1.2,0.9948339483394834,0.9690127843589276,0.4463998486138707,0.9991097922848664,0.4321820856193691,0.0890207715133531,1689
2024,8,Ferry-9,Plant 1,Product C,100,1355,continuous_22.6h,1350,1345,2.1,0.992619926199262,0.9690127843589276,0.4454063771406945,0.9984386617100371,0.4309305930934443,0.1561338289962825,1690
2024,8,Ferry-3,Plant 1,Product C,100,1355,continuous_22.6h,1350,1344,1.6,0.9918819188191882,0.9690127843589276,0.445075219982969,0.9988095238095238,0.4307701453337104,0.119047619047619,1691
2024,8,Ferry-1,Plant 2,Product C,125,1355,continuous_22.6h,1350,1367,4.1,1.0088560885608857,0.9690127843589276,0.4473971932701786,0.9970007315288952,0.4322333163075652,0.2999268471104608,1692
2024,8,Ferry-3,Plant 1,Product C,125,1355,continuous_22.6h,1350,1377,3.8,1.0162361623616236,0.9690127843589276,0.456003406187908,0.9972403776325344,0.4406537273333217,0.2759622367465504,1693
2024,8,Ferry-9,Plant 1,Product C,125,1355,continuous_22.6h,1350,1389,3.6,1.025092250922509,0.9690127843589276,0.459977292080613,0.9974082073434124,0.4445686526708301,0.2591792656587473,1694
2024,8,Ferry-9,Plant 1,Product B,100,1355,continuous_22.6h,1350,1390,2.3,1.0258302583025831,0.9690127843589276,0.4603084492383386,0.9983453237410072,0.4453067123656063,0.1654676258992805,1695
2024,8,Ferry-6,Plant 1,Product C,125,1355,continuous_22.6h,1350,1387,2.3,1.0236162361623615,0.9690127843589276,0.4718798251812305,0.9983417447728912,0.4564993335040562,0.1658255227108868,1696
2024,8,Ferry-9,Plant 1,Product C,125,1355,continuous_22.6h,1350,1366,1.9,1.0081180811808117,0.9690127843589276,0.4523606774529283,0.9986090775988288,0.4377335781061637,0.1390922401171302,1697
2024,8,Ferry-9,Plant 2,Product C,150,1355,continuous_22.6h,1350,1345,2.1,0.992619926199262,0.9690127843589276,0.4454063771406945,0.9984386617100371,0.4309305930934443,0.1561338289962825,1698
2024,8,Ferry-3,Plant 2,Product C,100,1355,continuous_22.6h,1350,1344,1.6,0.9918819188191882,0.9690127843589276,0.445075219982969,0.9988095238095238,0.4307701453337104,0.119047619047619,1699
2024,8,Ferry-1,Plant 1,Product C,120,1355,continuous_22.6h,1350,1333,4.1,0.9837638376383764,0.9690127843589276,0.4362695381339781,0.9969242310577644,0.4214504762206496,0.3075768942235559,1700
2024,8,Ferry-1,Plant 1,Product C,100,1355,continuous_22.6h,1350,1338,1.2,0.9874538745387452,0.9690127843589276,0.4379059580069487,0.9991031390134528,0.4239559008290799,0.0896860986547085,1701
2024,8,Ferry-4,Plant 1,Product B,100,1355,continuous_22.6h,1350,1344,2.3,0.9918819188191882,0.9690127843589276,0.4324306741366652,0.9982886904761904,0.4183137601002866,0.1711309523809523,1702
2024,9,Ferry-4,Plant 1,Product C,100,1355,continuous_22.6h,1350,1318,5.0,0.9726937269372694,0.9690127843589276,0.4240651997858071,0.996206373292868,0.4093657054570144,0.3793626707132018,1703
2024,9,Ferry-4,Plant 2,Product C,100,1355,continuous_22.6h,1350,1312,4.0,0.9682656826568266,0.9690127843589276,0.4221347057048398,0.9969512195121952,0.407806810919859,0.3048780487804878,1704
2024,9,Ferry-4,Plant 1,Product B,100,1355,continuous_22.6h,1350,1314,1.4,0.969741697416974,0.9690127843589276,0.4227782037318289,0.9989345509893456,0.4092409938940419,0.106544901065449,1705
2024,9,Ferry-4,Plant 1,Product B,100,1355,continuous_22.6h,1350,1318,1.2,0.9726937269372694,0.9690127843589276,0.4240651997858071,0.9990895295902884,0.4105504653052525,0.0910470409711684,1706
2024,9,Ferry-4,Plant 1,Product B,125,1355,continuous_22.6h,1350,1367,2.3,1.0088560885608857,0.9690127843589276,0.4398309014470397,0.9983174835406,0.4254846749712015,0.1682516459400146,1707
2024,9,Ferry-9,Plant 2,Product C,125,1355,continuous_22.6h,1350,1354,2.3,0.9992619926199262,0.9690127843589276,0.4483867915602232,0.998301329394387,0.4337544736647618,0.1698670605612998,1708
2024,9,Ferry-9,Plant 1,Product C,125,1355,continuous_22.6h,1350,1344,1.9,0.9918819188191882,0.9690127843589276,0.445075219982969,0.9985863095238096,0.43067387667787,0.1413690476190476,1709
2024,9,Ferry-6,Plant 2,Product C,125,1355,continuous_22.6h,1350,1333,1.2,0.9837638376383764,0.9690127843589276,0.4535081521027976,0.999099774943736,0.4390595886189803,0.0900225056264066,1710
2024,9,Ferry-9,Plant 2,Product C,125,1355,continuous_22.6h,1350,1323,2.1,0.9763837638376384,0.9690127843589276,0.4381209196707351,0.9984126984126984,0.4238708916651505,0.1587301587301587,1711
2024,9,Ferry-9,Plant 1,Product C,120,1355,continuous_22.6h,1350,1326,1.6,0.9785977859778596,0.9690127843589276,0.4391143911439114,0.998793363499246,0.4249940259832881,0.1206636500754147,1712
2024,9,Ferry-3,Plant 1,Product B,120,1355,continuous_22.6h,1350,1328,4.1,0.9800738007380074,0.9690127843589276,0.4397767054593623,0.9969126506024096,0.4248335782235543,0.3087349397590361,1713
2024,9,Ferry-1,Plant 1,Product B,120,1355,continuous_22.6h,1350,1329,3.8,0.9808118081180812,0.9690127843589276,0.4349604022356015,0.9971407072987208,0.4202770495053088,0.2859292701279157,1714
2024,9,Ferry-1,Plant 1,Product B,120,1355,continuous_22.6h,1350,1334,1.2,0.9845018450184502,0.9690127843589276,0.4365968221085722,0.9991004497751124,0.42268733140709,0.0899550224887556,1715
2024,9,Ferry-4,Plant 1,Product C,120,1355,continuous_22.6h,1350,1335,7.0,0.985239852398524,0.9690127843589276,0.4295349330152143,0.994756554307116,0.4140423890684807,0.5243445692883896,1716
2024,9,Ferry-4,Plant 1,Product C,120,1355,continuous_22.6h,1350,1338,5.0,0.9874538745387452,0.9690127843589276,0.4305001800556979,0.9962630792227204,0.4156012836056361,0.3736920777279521,1717
2024,9,Ferry-4,Plant 2,Product A,150,1355,continuous_22.6h,1350,1339,4.0,0.9881918819188192,0.9690127843589276,0.4308219290691925,0.9970126960418224,0.4162248414204983,0.2987303958177745,1718
2024,9,Ferry-4,Plant 2,Product A,150,1355,continuous_22.6h,1350,1398,1.4,1.0317343173431734,0.9690127843589276,0.4498051208653705,0.9989985693848354,0.4354304221182531,0.100143061516452,1719
2024,9,Ferry-4,Plant 2,Product C,100,1355,continuous_22.6h,1350,1387,1.2,1.0236162361623615,0.9690127843589276,0.4462658817169305,0.9991348233597692,0.4320632099179974,0.0865176640230713,1720
2024,9,Ferry-3,Plant 1,Product C,100,1355,continuous_22.6h,1350,1365,2.3,1.007380073800738,0.9690127843589276,0.4520295202952029,0.9983150183150185,0.4372843243789087,0.1684981684981684,1721
2024,9,Ferry-4,Plant 1,Product B,100,1355,continuous_22.6h,1350,1343,2.3,0.9911439114391144,0.9690127843589276,0.4321089251231707,0.9982874162323158,0.4180019811928555,0.1712583767684288,1722
2024,9,Ferry-4,Plant 1,Product B,100,1355,continuous_22.6h,1350,1332,1.9,0.9830258302583026,0.9690127843589276,0.4285696859747307,0.9985735735735736,0.414697124774086,0.1426426426426426,1723
2024,9,Ferry-1,Plant 1,Product B,125,1355,continuous_22.6h,1350,1321,1.2,0.9749077490774908,0.9690127843589276,0.4323421304388485,0.9990915972747918,0.4185644807856222,0.0908402725208175,1724
2024,9,Ferry-4,Plant 1,Product C,125,1355,continuous_22.6h,1350,1318,2.1,0.9726937269372694,0.9690127843589276,0.4240651997858071,0.9984066767830044,0.4102698642885646,0.1593323216995447,1725
2024,9,Ferry-4,Plant 1,Product C,125,1355,continuous_22.6h,1350,1390,1.6,1.0258302583025831,0.9690127843589276,0.4472311287574142,0.9988489208633092,0.4328738350773182,0.1151079136690647,1726
2024,9,Ferry-4,Plant 1,Product C,125,1355,continuous_22.6h,1350,1398,4.1,1.0317343173431734,0.9690127843589276,0.4498051208653705,0.9970672389127324,0.4345886190681892,0.2932761087267524,1727
2024,9,Ferry-1,Plant 1,Product C,125,1355,continuous_22.6h,1350,1375,3.8,1.014760147601476,0.9690127843589276,0.4500154650669316,0.9972363636363636,0.4348655978581945,0.2763636363636363,1728
2024,9,Ferry-4,Plant 2,Product C,120,1355,continuous_22.6h,1350,1354,1.2,0.9992619926199262,0.9690127843589276,0.4356481642716107,0.9991137370753324,0.4217745059727716,0.0886262924667651,1729
2024,9,Ferry-6,Plant 2,Product C,120,1355,continuous_22.6h,1350,1344,7.0,0.9918819188191882,0.9690127843589276,0.4572505299521081,0.9947916666666666,0.4407738924640161,0.5208333333333333,1730
2024,9,Ferry-3,Plant 2,Product C,120,1355,continuous_22.6h,1350,1333,5.0,0.9837638376383764,0.9690127843589276,0.4414324912479894,0.9962490622655664,0.4261492498533726,0.3750937734433608,1731
2024,9,Ferry-4,Plant 2,Product B,120,1355,continuous_22.6h,1350,1323,4.0,0.9763837638376384,0.9690127843589276,0.4256739448532798,0.9969765684051398,0.411236378901601,0.3023431594860166,1732
2024,10,Ferry-1,Plant 2,Product C,125,1355,continuous_22.6h,1350,1323,1.4,0.9763837638376384,0.9690127843589276,0.4329966983880368,0.9989417989417988,0.4191353370255177,0.1058201058201058,1733
2024,10,Ferry-4,Plant 2,Product C,100,1355,continuous_22.6h,1350,1324,5.0,0.9771217712177122,0.9690127843589276,0.4259956938667744,0.9962235649546828,0.411236378901601,0.3776435045317221,1734
2024,10,Ferry-3,Plant 1,Product A,120,1355,continuous_22.6h,1350,1325,4.0,0.977859778597786,0.9690127843589276,0.4387832339861859,0.9969811320754716,0.4239029812170973,0.3018867924528302,1735
2024,10,Ferry-1,Plant 1,Product A,100,1355,continuous_22.6h,1350,1326,1.4,0.9785977859778596,0.9690127843589276,0.4339785503118191,0.99894419306184,0.4200867640920102,0.1055806938159879,1736
2024,10,Ferry-1,Plant 1,Product A,100,1355,continuous_22.6h,1350,1328,1.2,0.9800738007380074,0.9690127843589276,0.4346331182610075,0.9990963855421688,0.4207844772741049,0.0903614457831325,1737
2024,10,Ferry-4,Plant 1,Product A,100,1355,continuous_22.6h,1350,1322,2.3,0.9756457564575646,0.9690127843589276,0.4253521958397853,0.9982602118003026,0.4114546241368027,0.1739788199697428,1738
2024,10,Ferry-3,Plant 1,Product C,100,1355,continuous_22.6h,1350,1329,2.3,0.9808118081180812,0.9690127843589276,0.4401078626170877,0.9982693754702784,0.4257320856780643,0.1730624529721595,1739
2024,10,Ferry-3,Plant 1,Product C,125,1355,continuous_22.6h,1350,1320,1.9,0.974169741697417,0.9690127843589276,0.4371274481975589,0.998560606060606,0.4229723842106404,0.1439393939393939,1740
2024,10,Ferry-4,Plant 1,Product B,125,1355,continuous_22.6h,1350,1323,1.2,0.9763837638376384,0.9690127843589276,0.4256739448532798,0.999092970521542,0.412109359842408,0.0907029478458049,1741
2024,10,Ferry-1,Plant 2,Product B,125,1355,continuous_22.6h,1350,1332,3.8,0.9830258302583026,0.9690127843589276,0.435942254159384,0.9971471471471473,0.4212284765718013,0.2852852852852853,1742
2024,10,Ferry-4,Plant 2,Product B,125,1355,continuous_22.6h,1350,1332,3.6,0.9830258302583026,0.9690127843589276,0.4285696859747307,0.9972972972972972,0.4141671006314531,0.2702702702702703,1743
2024,10,Ferry-1,Plant 2,Product C,125,1355,continuous_22.6h,1350,1354,1.4,0.9992619926199262,0.9690127843589276,0.4431425016004549,0.9989660265878876,0.4289667500459407,0.103397341211226,1744
2024,10,Ferry-4,Plant 2,Product C,120,1355,continuous_22.6h,1350,1365,5.0,1.007380073800738,0.9690127843589276,0.4391874034200506,0.9963369963369964,0.4240193141062754,0.3663003663003663,1745
2024,10,Ferry-4,Plant 1,Product A,120,1355,continuous_22.6h,1350,1376,4.0,1.0154981549815498,0.9690127843589276,0.4427266425684906,0.997093023255814,0.4277606609954484,0.2906976744186046,1746
2024,10,Ferry-1,Plant 1,Product A,120,1355,continuous_22.6h,1350,1387,1.4,1.0236162361623615,0.9690127843589276,0.4539428727620612,0.9989906272530642,0.4394324477773588,0.1009372746935832,1747
2024,10,Ferry-4,Plant 1,Product A,120,1355,continuous_22.6h,1350,1347,1.2,0.9940959409594096,0.9690127843589276,0.4333959211771488,0.999109131403118,0.419592053620754,0.0890868596881959,1748
2024,10,Ferry-3,Plant 1,Product A,120,1355,continuous_22.6h,1350,1338,2.3,0.9874538745387452,0.9690127843589276,0.4430882770366164,0.9982810164424514,0.4286201453532753,0.1718983557548579,1749
2024,10,Ferry-1,Plant 1,Product A,120,1355,continuous_22.6h,1350,1358,2.3,1.0022140221402214,0.9690127843589276,0.4444516374988314,0.9983063328424152,0.429949891347983,0.1693667157584683,1750
2024,10,Ferry-3,Plant 1,Product C,150,1355,continuous_22.6h,1350,1359,1.9,1.0029520295202952,0.9690127843589276,0.4500425773488504,0.9986019131714496,0.4354873094698885,0.1398086828550404,1751
2024,10,Ferry-4,Plant 1,Product C,150,1355,continuous_22.6h,1350,1350,1.2,0.996309963099631,0.9690127843589276,0.4343611682176325,0.9991111111111112,0.4205273903430472,0.0888888888888888,1752
2024,10,Ferry-1,Plant 1,Product B,100,1355,continuous_22.6h,1350,1376,2.1,1.0154981549815498,0.9690127843589276,0.4503427490415257,0.9984738372093024,0.4357218822180378,0.1526162790697674,1753
2024,10,Ferry-4,Plant 2,Product B,100,1355,continuous_22.6h,1350,1355,1.6,1.0,0.9690127843589276,0.4359699132851052,0.998819188191882,0.4219615733172302,0.1180811808118081,1754
2024,10,Ferry-4,Plant 2,Product C,100,1355,continuous_22.6h,1350,1345,4.1,0.992619926199262,0.9690127843589276,0.4327524231501597,0.9969516728624536,0.4180643369743417,0.3048327137546468,1755
2024,10,Ferry-1,Plant 2,Product C,100,1355,continuous_22.6h,1350,1367,2.1,1.0088560885608857,0.9690127843589276,0.4473971932701786,0.9984637893196782,0.4328676010185602,0.1536210680321872,1756
2024,10,Ferry-4,Plant 2,Product A,125,1355,continuous_22.6h,1350,1355,1.6,1.0,0.9690127843589276,0.4359699132851052,0.998819188191882,0.4219615733172302,0.1180811808118081,1757
2024,10,Ferry-1,Plant 2,Product C,125,1355,continuous_22.6h,1350,1344,4.1,0.9918819188191882,0.9690127843589276,0.4398696618545135,0.9969494047619047,0.4249390421311223,0.3050595238095238,1758
2024,10,Ferry-1,Plant 2,Product C,150,1355,continuous_22.6h,1350,1333,3.8,0.9837638376383764,0.9690127843589276,0.4362695381339781,0.9971492873218304,0.4215456189272989,0.2850712678169542,1759
2024,10,Ferry-1,Plant 2,Product C,100,1355,continuous_22.6h,1350,1333,3.6,0.9837638376383764,0.9690127843589276,0.4362695381339781,0.9972993248312078,0.4216090473983984,0.2700675168792198,1760
2024,10,Ferry-6,Plant 1,Product C,120,1355,continuous_22.6h,1350,1389,1.4,1.025092250922509,0.9690127843589276,0.4725602575174688,0.9989920806335492,0.4574553875714799,0.1007919366450684,1761
2024,10,Ferry-9,Plant 1,Product C,100,1355,continuous_22.6h,1350,1300,1.2,0.959409594095941,0.9690127843589276,0.4305043050430504,0.9990769230769232,0.4167791006849099,0.0923076923076923,1762
2024,10,Ferry-9,Plant 1,Product A,100,1355,continuous_22.6h,1350,1376,2.3,1.0154981549815498,0.9690127843589276,0.4556722490301826,0.998328488372093,0.4408141750930557,0.1671511627906976,1763
2024,11,Ferry-3,Plant 1,Product C,125,1355,continuous_22.6h,1350,1234,5.0,0.91070110701107,0.9690127843589276,0.4086479326331724,0.9959481361426256,0.3943805934260503,0.4051863857374392,1764
2024,11,Ferry-1,Plant 1,Product C,100,1355,continuous_22.6h,1350,1345,4.0,0.992619926199262,0.9690127843589276,0.4401969458291077,0.9970260223048328,0.4252878987221696,0.2973977695167286,1765
2024,11,Ferry-1,Plant 1,Product A,100,1355,continuous_22.6h,1350,1334,2.3,0.9845018450184502,0.9690127843589276,0.4365968221085722,0.9982758620689656,0.4223384748160427,0.1724137931034482,1766
2024,11,Ferry-4,Plant 1,Product A,100,1355,continuous_22.6h,1350,1356,5.0,1.0007380073800738,0.9690127843589276,0.4362916622985997,0.9963126843657816,0.4212133039393956,0.3687315634218289,1767
2024,11,Ferry-3,Plant 1,Product A,100,1355,continuous_22.6h,1350,1378,4.0,1.0169741697416974,0.9690127843589276,0.4563345633456334,0.9970972423802612,0.440910443748896,0.2902757619738751,1768
2024,11,Ferry-3,Plant 2,Product A,125,1355,continuous_22.6h,1350,1390,1.4,1.0258302583025831,0.9690127843589276,0.4603084492383386,0.9989928057553956,0.4455955183331275,0.1007194244604316,1769
2024,11,Ferry-3,Plant 2,Product C,125,1355,continuous_22.6h,1350,1309,1.2,0.9660516605166052,0.9690127843589276,0.4334847194625792,0.999083269671505,0.419667160360121,0.0916730328495034,1770
2024,11,Ferry-4,Plant 2,Product C,125,1355,continuous_22.6h,1350,1307,2.3,0.9645756457564576,0.9690127843589276,0.4205259606373672,0.9982402448355012,0.4067779405253364,0.1759755164498852,1771
2024,11,Ferry-4,Plant 2,Product B,125,1355,continuous_22.6h,1350,1365,2.3,1.007380073800738,0.9690127843589276,0.4391874034200506,0.9983150183150185,0.4248611171563393,0.1684981684981684,1772
2024,11,Ferry-4,Plant 2,Product B,125,1355,continuous_22.6h,1350,1334,1.9,0.9845018450184502,0.9690127843589276,0.4292131840017198,0.998575712143928,0.4153206825889481,0.1424287856071964,1773
2024,11,Ferry-4,Plant 1,Product B,120,1355,continuous_22.6h,1350,1347,1.2,0.9940959409594096,0.9690127843589276,0.4333959211771488,0.999109131403118,0.419592053620754,0.0890868596881959,1774
2024,11,Ferry-1,Plant 1,Product C,120,1355,continuous_22.6h,1350,1370,2.1,1.011070110701107,0.9690127843589276,0.448379045193961,0.9984671532846716,0.4338190280850528,0.1532846715328467,1775
2024,11,Ferry-6,Plant 1,Product C,120,1355,continuous_22.6h,1350,1398,1.6,1.0317343173431734,0.9690127843589276,0.475622203030541,0.9988555078683834,0.4603565171553868,0.1144492131616595,1776
2024,11,Ferry-9,Plant 2,Product A,120,1355,continuous_22.6h,1350,1376,4.1,1.0154981549815498,0.9690127843589276,0.4556722490301826,0.9970203488372094,0.4402365631580135,0.2979651162790697,1777
2024,11,Ferry-9,Plant 2,Product A,120,1355,continuous_22.6h,1350,1355,3.8,1.0,0.9690127843589276,0.4487179487179487,0.9971955719557196,0.4335940259050279,0.2804428044280442,1778
2024,11,Ferry-3,Plant 2,Product A,120,1355,continuous_22.6h,1350,1344,1.2,0.9918819188191882,0.9690127843589276,0.445075219982969,0.9991071428571427,0.4308985035414976,0.0892857142857142,1779
2024,11,Ferry-1,Plant 2,Product A,150,1355,continuous_22.6h,1350,1333,7.0,0.9837638376383764,0.9690127843589276,0.4362695381339781,0.994748687171793,0.4205307633897068,0.5251312828207052,1780
2024,11,Ferry-1,Plant 2,Product A,150,1355,continuous_22.6h,1350,1325,5.0,0.977859778597786,0.9690127843589276,0.433651266337225,0.9962264150943396,0.4186279092567217,0.3773584905660377,1781
2024,11,Ferry-6,Plant 1,Product C,100,1355,continuous_22.6h,1350,1337,4.0,0.9867158671586715,0.9690127843589276,0.4548690167752741,0.9970082273747196,0.4394551971986039,0.2991772625280479,1782
2024,11,Ferry-3,Plant 1,Product C,100,1355,continuous_22.6h,1350,1336,1.4,0.9859778597785978,0.9690127843589276,0.4424259627211656,0.9989520958083832,0.4282671602818608,0.1047904191616766,1783
2024,11,Ferry-3,Plant 1,Product B,100,1355,continuous_22.6h,1350,1379,1.2,1.0177121771217712,0.9690127843589276,0.4566657205033588,0.9991298042059464,0.442129846722874,0.0870195794053662,1784
2024,11,Ferry-3,Plant 1,Product B,100,1355,continuous_22.6h,1350,1376,2.3,1.0154981549815498,0.9690127843589276,0.4556722490301826,0.998328488372093,0.4408141750930557,0.1671511627906976,1785
2024,11,Ferry-3,Plant 1,Product B,125,1355,continuous_22.6h,1350,1344,2.3,0.9918819188191882,0.9690127843589276,0.445075219982969,0.9982886904761904,0.4305455184700829,0.1711309523809523,1786
2024,11,Ferry-4,Plant 1,Product C,125,1355,continuous_22.6h,1350,1337,1.9,0.9867158671586715,0.9690127843589276,0.4301784310422034,0.9985789080029918,0.4162560193112414,0.1421091997008227,1787
2024,11,Ferry-4,Plant 1,Product C,125,1355,continuous_22.6h,1350,1347,1.2,0.9940959409594096,0.9690127843589276,0.4333959211771488,0.999109131403118,0.419592053620754,0.0890868596881959,1788
2024,11,Ferry-4,Plant 1,Product A,125,1355,continuous_22.6h,1350,1343,2.1,0.9911439114391144,0.9690127843589276,0.4321089251231707,0.9984363365599404,0.4180643369743417,0.1563663440059568,1789
2024,11,Ferry-4,Plant 2,Product A,125,1355,continuous_22.6h,1350,1379,1.6,1.0177121771217712,0.9690127843589276,0.4436918896089742,0.9988397389412618,0.4294442670955763,0.1160261058738216,1790
2024,11,Ferry-4,Plant 2,Product A,120,1355,continuous_22.6h,1350,1365,4.1,1.007380073800738,0.9690127843589276,0.4391874034200506,0.996996336996337,0.4242999151229634,0.3003663003663003,1791
2024,11,Ferry-4,Plant 2,Product C,120,1355,continuous_22.6h,1350,1343,3.8,0.9911439114391144,0.9690127843589276,0.4321089251231707,0.9971705137751304,0.4175343128317088,0.2829486224869694,1792
2024,11,Ferry-4,Plant 2,Product C,100,1355,continuous_22.6h,1350,1333,1.2,0.9837638376383764,0.9690127843589276,0.4288914349882253,0.999099774943736,0.4152271489167188,0.0900225056264066,1793
2024,12,Ferry-4,Plant 2,Product C,125,1355,continuous_22.6h,1350,1334,5.0,0.9845018450184502,0.9690127843589276,0.4292131840017198,0.9962518740629686,0.4143541679759118,0.3748125937031484,1794
2024,12,Ferry-9,Plant 2,Product C,100,1355,continuous_22.6h,1350,1336,4.0,0.9859778597785978,0.9690127843589276,0.4424259627211656,0.997005988023952,0.4274328319312442,0.2994011976047904,1795
2024,12,Ferry-9,Plant 2,Product B,120,1355,continuous_22.6h,1350,1365,1.4,1.007380073800738,0.9690127843589276,0.4520295202952029,0.9989743589743588,0.4375731303464298,0.1025641025641025,1796
2024,12,Ferry-3,Plant 2,Product A,100,1355,continuous_22.6h,1350,894,1.2,0.6597785977859778,0.9690127843589276,0.2960544990065284,0.9986577181208054,0.286495519780942,0.1342281879194631,1797
2024,12,Ferry-1,Plant 2,Product A,100,1355,continuous_22.6h,1350,1365,2.3,1.007380073800738,0.9690127843589276,0.4467426253209903,0.9983150183150185,0.4321698878364657,0.1684981684981684,1798
2024,12,Ferry-1,Plant 2,Product A,100,1355,continuous_22.6h,1350,1313,2.3,0.9690036900369003,0.9690127843589276,0.4297238586420954,0.9982482863670984,0.4156784853505949,0.1751713632901751,1799
2024,12,Ferry-4,Plant 1,Product A,100,1355,continuous_22.6h,1350,1213,1.9,0.8952029520295203,0.9690127843589276,0.3902815533688801,0.9984336356141796,0.3775954347897869,0.156636438582028,1800
2024,12,Ferry-6,Plant 1,Product C,125,1355,continuous_22.6h,1350,1343,1.2,0.9911439114391144,0.9690127843589276,0.4569103137839889,0.9991064780342516,0.4423563267825107,0.0893521965748324,1801
2024,12,Ferry-4,Plant 1,Product C,125,1355,continuous_22.6h,1350,1336,2.1,0.9859778597785978,0.9690127843589276,0.4298566820287088,0.9984281437125748,0.415881884622324,0.157185628742515,1802
2024,12,Ferry-6,Plant 1,Product B,125,1355,continuous_22.6h,1350,1348,1.6,0.9948339483394834,0.9690127843589276,0.4586113946245845,0.998813056379822,0.4438728263377347,0.1186943620178041,1803
2024,12,Ferry-4,Plant 1,Product B,125,1355,continuous_22.6h,1350,1384,4.1,1.0214022140221402,0.9690127843589276,0.4453006346764469,0.9970375722543352,0.430223714364154,0.2962427745664739,1804
2024,12,Ferry-4,Plant 1,Product B,125,1355,continuous_22.6h,1350,1343,3.8,0.9911439114391144,0.9690127843589276,0.4321089251231707,0.9971705137751304,0.4175343128317088,0.2829486224869694,1805
2024,12,Ferry-3,Plant 1,Product C,120,1355,continuous_22.6h,1350,1332,1.2,0.9830258302583026,0.9690127843589276,0.441101334090264,0.9990990990990992,0.4270477573078827,0.09009009009009,1806
2024,12,Ferry-3,Plant 1,Product C,120,1355,continuous_22.6h,1350,1324,7.0,0.9771217712177122,0.9690127843589276,0.4384520768284605,0.994712990936556,0.4226193991392257,0.5287009063444109,1807
2024,12,Ferry-3,Plant 2,Product A,120,1355,continuous_22.6h,1350,1366,5.0,1.0081180811808117,0.9690127843589276,0.4523606774529283,0.9963396778916545,0.4367388019958133,0.3660322108345534,1808
2024,12,Ferry-3,Plant 2,Product A,120,1355,continuous_22.6h,1350,1389,1.9,1.025092250922509,0.9690127843589276,0.459977292080613,0.9986321094312456,0.4451141750539255,0.1367890568754499,1809
2024,12,Ferry-3,Plant 2,Product A,120,1355,continuous_22.6h,1350,1376,1.2,1.0154981549815498,0.9690127843589276,0.4556722490301826,0.999127906976744,0.4411671601644704,0.0872093023255814,1810
2024,12,Ferry-6,Plant 2,Product A,120,1355,continuous_22.6h,1350,1357,1.4,1.0014760147601476,0.9690127843589276,0.4616733401376567,0.9989683124539426,0.4469058254481827,0.1031687546057479,1811
2024,12,Ferry-9,Plant 2,Product A,150,1355,continuous_22.6h,1350,1390,1.2,1.0258302583025831,0.9690127843589276,0.4603084492383386,0.999136690647482,0.4456596974370211,0.0863309352517985,1812
2024,12,Ferry-9,Plant 2,Product C,150,1355,continuous_22.6h,1350,1376,2.3,1.0154981549815498,0.9690127843589276,0.4556722490301826,0.998328488372093,0.4408141750930557,0.1671511627906976,1813
2024,12,Ferry-3,Plant 2,Product C,100,1355,continuous_22.6h,1350,1355,2.3,1.0,0.9690127843589276,0.4487179487179487,0.9983025830258304,0.4340753691842298,0.1697416974169741,1814
2024,12,Ferry-1,Plant 2,Product B,100,1355,continuous_22.6h,1350,1378,1.9,1.0169741697416974,0.9690127843589276,0.450997316990714,0.998621190130624,0.4364195954001324,0.1378809869375907,1815
2024,12,Ferry-1,Plant 1,Product C,100,1355,continuous_22.6h,1350,1354,1.2,0.9992619926199262,0.9690127843589276,0.4431425016004549,0.9991137370753324,0.4290301785170403,0.0886262924667651,1816
2024,12,Ferry-4,Plant 1,Product C,100,1355,continuous_22.6h,1350,1356,2.1,1.0007380073800738,0.9690127843589276,0.4362916622985997,0.9984513274336284,0.4221174627709457,0.1548672566371681,1817
2024,12,Ferry-4,Plant 1,Product A,125,1355,continuous_22.6h,1350,1389,1.6,1.025092250922509,0.9690127843589276,0.4469093797439196,0.9988480921526278,0.4325620561698871,0.115190784737221,1818
2024,12,Ferry-4,Plant 1,Product C,125,1355,continuous_22.6h,1350,1376,4.1,1.0154981549815498,0.9690127843589276,0.4427266425684906,0.9970203488372094,0.4277294831047053,0.2979651162790697,1819
2024,12,Ferry-4,Plant 1,Product A,125,1355,continuous_22.6h,1350,1354,3.8,0.9992619926199262,0.9690127843589276,0.4356481642716107,0.9971935007385524,0.4209638808134508,0.2806499261447562,1820
2024,12,Ferry-4,Plant 1,Product A,100,1355,continuous_22.6h,1350,1344,3.6,0.9918819188191882,0.9690127843589276,0.4324306741366652,0.9973214285714286,0.4179084475206261,0.2678571428571428,1821
2024,12,Ferry-4,Plant 1,Product A,120,1355,continuous_22.6h,1350,1344,1.4,0.9918819188191882,0.9690127843589276,0.4324306741366652,0.9989583333333332,0.4185943611169745,0.1041666666666666,1822
2024,12,Ferry-4,Plant 1,Product A,100,1355,continuous_22.6h,1350,1347,1.2,0.9940959409594096,0.9690127843589276,0.4333959211771488,0.999109131403118,0.419592053620754,0.0890868596881959,1823
2024,12,Ferry-4,Plant 2,Product A,100,1355,continuous_22.6h,1350,1380,2.3,1.018450184501845,0.9690127843589276,0.4440136386224687,0.9983333333333332,0.4295378007678055,0.1666666666666666,1824
2025,1,Ferry-4,Plant 2,Product A,125,1355,continuous_22.6h,1450,1443,1.9,1.0649446494464945,0.9723629603065757,0.4642838264726249,0.9986832986832986,0.4508579679672352,0.1316701316701316,1825
2025,1,Ferry-4,Plant 2,Product A,125,1355,continuous_22.6h,1450,1465,7.0,1.081180811808118,0.9723629603065757,0.4713623047695049,0.995221843003413,0.4561452482799451,0.477815699658703,1826
2025,1,Ferry-1,Plant 2,Product A,150,1355,continuous_22.6h,1450,1498,1.4,1.1055350553505534,0.9723629603065757,0.4902713939420098,0.9990654205607477,0.4762762096269278,0.0934579439252336,1827
2025,1,Ferry-4,Plant 2,Product A,100,1355,continuous_22.6h,1450,1476,1.2,1.0892988929889298,0.9723629603065757,0.4749015439179448,0.9991869918699188,0.4614012429103313,0.08130081300813,1828
2025,1,Ferry-1,Plant 2,Product C,125,1355,continuous_22.6h,1450,1409,2.3,1.0398523985239851,0.9723629603065757,0.4611431202031321,0.9983676366217176,0.4476665402126148,0.1632363378282469,1829
2025,1,Ferry-6,Plant 1,Product C,100,1355,continuous_22.6h,1450,1414,2.3,1.0435424354243543,0.9723629603065757,0.481065661720447,0.9983734087694484,0.4670095596514697,0.1626591230551626,1830
2025,1,Ferry-9,Plant 1,Product B,100,1355,continuous_22.6h,1450,1454,1.9,1.0730627306273062,0.9723629603065757,0.4815025073327655,0.9986932599724896,0.4675833940121225,0.1306740027510316,1831
2025,1,Ferry-9,Plant 1,Product B,125,1355,continuous_22.6h,1450,1487,1.2,1.0974169741697417,0.9723629603065757,0.4924306935377046,0.9991930060524546,0.4784349609690874,0.0806993947545393,1832
2025,1,Ferry-3,Plant 2,Product C,125,1355,continuous_22.6h,1450,1409,2.1,1.0398523985239851,0.9723629603065757,0.4666004352351215,0.9985095812633074,0.4530287700817129,0.149041873669269,1833
2025,1,Ferry-1,Plant 2,Product C,125,1355,continuous_22.6h,1450,1476,1.6,1.0892988929889298,0.9723629603065757,0.4830711465009389,0.9989159891598915,0.4692113079473088,0.1084010840108401,1834
2025,1,Ferry-1,Plant 2,Product C,100,1355,continuous_22.6h,1450,1465,4.1,1.081180811808118,0.9723629603065757,0.4794710227804035,0.9972013651877132,0.4649150839529459,0.2798634812286689,1835
2025,1,Ferry-4,Plant 1,Product C,125,1355,continuous_22.6h,1450,1454,3.8,1.0730627306273062,0.9723629603065757,0.4678230656210649,0.9973865199449794,0.4537049650586944,0.2613480055020633,1836
2025,1,Ferry-4,Plant 1,Product C,100,1355,continuous_22.6h,1450,1443,1.2,1.0649446494464945,0.9723629603065757,0.4642838264726249,0.9991683991683992,0.4510769677435013,0.0831600831600831,1837
2025,1,Ferry-4,Plant 1,Product A,100,1355,continuous_22.6h,1450,1498,7.0,1.1055350553505534,0.9723629603065757,0.4819800222148248,0.9953271028037384,0.4664695234467751,0.4672897196261681,1838
2025,1,Ferry-1,Plant 1,Product A,125,1355,continuous_22.6h,1450,1476,1.4,1.0892988929889298,0.9723629603065757,0.4830711465009389,0.9990514905149052,0.4692749557101883,0.094850948509485,1839
2025,1,Ferry-3,Plant 1,Product A,125,1355,continuous_22.6h,1450,1464,1.2,1.0804428044280443,0.9723629603065757,0.4848140789100199,0.9991803278688524,0.4710288470221975,0.081967213114754,1840
2025,1,Ferry-3,Plant 1,Product A,125,1355,continuous_22.6h,1450,1442,2.3,1.064206642066421,0.9723629603065757,0.4775286214400606,0.9984049930651872,0.4635905325798864,0.159500693481276,1841
2025,1,Ferry-3,Plant 1,Product C,100,1355,continuous_22.6h,1450,1414,1.9,1.0435424354243543,0.9723629603065757,0.4682562210237487,0.9986562942008488,0.4547031958436185,0.1343705799151343,1842
2025,1,Ferry-6,Plant 1,Product C,125,1355,continuous_22.6h,1450,1487,7.0,1.0974169741697417,0.9723629603065757,0.5059014419931434,0.9952925353059852,0.4896041285571828,0.4707464694014795,1843
2025,1,Ferry-4,Plant 2,Product B,125,1355,continuous_22.6h,1450,1464,1.4,1.0804428044280443,0.9723629603065757,0.4710405557560103,0.9990437158469946,0.4575843896668366,0.0956284153005464,1844
2025,1,Ferry-9,Plant 2,Product A,150,1355,continuous_22.6h,1450,1478,1.2,1.0907749077490776,0.9723629603065757,0.4894502791181758,0.999188092016238,0.475536916381174,0.081190798376184,1845
2025,1,Ferry-3,Plant 2,Product A,100,1355,continuous_22.6h,1450,1489,2.3,1.0988929889298893,0.9723629603065757,0.4930930078531554,0.9984553391537944,0.4787247654278787,0.1544660846205507,1846
2025,1,Ferry-1,Plant 2,Product A,100,1355,continuous_22.6h,1450,1454,2.3,1.0730627306273062,0.9723629603065757,0.475870899059868,0.9984181568088032,0.4619872868604912,0.1581843191196698,1847
2025,1,Ferry-1,Plant 1,Product A,100,1355,continuous_22.6h,1450,1487,1.9,1.0974169741697417,0.9723629603065757,0.4866712702214744,0.9987222595830532,0.4726164632613595,0.1277740416946872,1848
2025,1,Ferry-4,Plant 2,Product C,100,1355,continuous_22.6h,1450,1464,1.2,1.0804428044280443,0.9723629603065757,0.4710405557560103,0.9991803278688524,0.457646961031484,0.081967213114754,1849
2025,1,Ferry-3,Plant 2,Product C,125,1355,continuous_22.6h,1450,1368,2.1,1.0095940959409595,0.9723629603065757,0.4530229917683792,0.9984649122807018,0.4398265669589962,0.1535087719298245,1850
2025,1,Ferry-3,Plant 1,Product B,125,1355,continuous_22.6h,1450,1465,1.6,1.081180811808118,0.9723629603065757,0.4851452360677453,0.9989078498293515,0.4712220499947251,0.1092150170648464,1851
2025,1,Ferry-3,Plant 1,Product C,125,1355,continuous_22.6h,1450,1465,4.1,1.081180811808118,0.9723629603065757,0.4851452360677453,0.9972013651877132,0.4704170376091935,0.2798634812286689,1852
2025,1,Ferry-3,Plant 1,Product C,150,1355,continuous_22.6h,1450,1443,3.8,1.0649446494464945,0.9723629603065757,0.4778597785977859,0.9973665973665974,0.46342953010278,0.2633402633402633,1853
2025,1,Ferry-3,Plant 1,Product C,100,1355,continuous_22.6h,1450,1447,1.2,1.0678966789667896,0.9723629603065757,0.4791844072286876,0.9991706979958536,0.4655547628005832,0.082930200414651,1854
2025,1,Ferry-9,Plant 1,Product A,125,1355,continuous_22.6h,1450,1443,7.0,1.0649446494464945,0.9723629603065757,0.4778597785977859,0.9951489951489952,0.4623991142492996,0.4851004851004851,1855
2025,2,Ferry-4,Plant 1,Product C,125,1355,continuous_22.6h,1450,1412,1.9,1.0420664206642067,0.9723629603065757,0.4543096070542942,0.9986543909348442,0.4411594064468798,0.1345609065155807,1856
2025,2,Ferry-1,Plant 1,Product C,125,1355,continuous_22.6h,1450,1474,7.0,1.0878228782287822,0.9723629603065757,0.4824165785517507,0.9952510176390772,0.4668563407207691,0.4748982360922659,1857
2025,2,Ferry-1,Plant 1,Product B,125,1355,continuous_22.6h,1450,1414,1.4,1.0435424354243543,0.9723629603065757,0.4627795400761028,0.999009900990099,0.4495441492175587,0.099009900990099,1858
2025,2,Ferry-3,Plant 2,Product A,150,1355,continuous_22.6h,1450,1423,1.2,1.0501845018450184,0.9723629603065757,0.4712366354432775,0.999156711173577,0.4578266438994807,0.0843288826423049,1859
2025,2,Ferry-3,Plant 2,Product A,100,1355,continuous_22.6h,1450,1424,2.3,1.0509225092250922,0.9723629603065757,0.4715677926010029,0.998384831460674,0.4577944434040594,0.1615168539325842,1860
2025,2,Ferry-3,Plant 2,Product A,125,1355,continuous_22.6h,1450,1426,2.3,1.0523985239852398,0.9723629603065757,0.4722301069164537,0.9983870967741936,0.4584384533124846,0.1612903225806451,1861
2025,2,Ferry-1,Plant 2,Product A,100,1355,continuous_22.6h,1450,1427,1.9,1.0531365313653136,0.9723629603065757,0.4670342317458265,0.998668535388928,0.4535221343975243,0.1331464611072179,1862
2025,2,Ferry-1,Plant 2,Product C,100,1355,continuous_22.6h,1450,1428,1.6,1.0538745387453874,0.9723629603065757,0.4673615157204206,0.9988795518207284,0.4539358448562408,0.1120448179271708,1863
2025,2,Ferry-4,Plant 1,Product C,125,1355,continuous_22.6h,1450,1487,4.1,1.0974169741697417,0.9723629603065757,0.4784407830663848,0.99724277067922,0.4639353831785533,0.2757229320780094,1864
2025,2,Ferry-4,Plant 1,Product B,125,1355,continuous_22.6h,1450,1480,3.8,1.0922509225092252,0.9723629603065757,0.476188539971923,0.9974324324324324,0.4618392424628635,0.2567567567567567,1865
2025,2,Ferry-4,Plant 1,Product B,125,1355,continuous_22.6h,1450,1498,3.6,1.1055350553505534,0.9723629603065757,0.4819800222148248,0.9975967957276368,0.4675332366457818,0.2403204272363151,1866
2025,2,Ferry-4,Plant 1,Product B,100,1355,continuous_22.6h,1450,1409,1.4,1.0398523985239851,0.9723629603065757,0.4533443600138104,0.9990063875088716,0.4403772643887864,0.0993612491128459,1867
2025,2,Ferry-4,Plant 1,Product C,125,1355,continuous_22.6h,1450,1487,1.2,1.0974169741697417,0.9723629603065757,0.4784407830663848,0.9991930060524546,0.4648426679659413,0.0806993947545393,1868
2025,2,Ferry-4,Plant 1,Product C,100,1355,continuous_22.6h,1450,1468,2.3,1.0833948339483397,0.9723629603065757,0.4723275518099886,0.998433242506812,0.4585542458188721,0.156675749318801,1869
2025,2,Ferry-1,Plant 1,Product A,100,1355,continuous_22.6h,1450,1490,3.0,1.099630996309963,0.9723629603065757,0.4876531221452568,0.997986577181208,0.4732211170087142,0.2013422818791946,1870
2025,2,Ferry-3,Plant 2,Product A,125,1355,continuous_22.6h,1450,1498,1.9,1.1055350553505534,0.9723629603065757,0.4960734222726842,0.998731642189586,0.4817516119974771,0.1268357810413885,1871
2025,2,Ferry-6,Plant 2,Product A,125,1355,continuous_22.6h,1450,1465,1.2,1.081180811808118,0.9723629603065757,0.4984166862945225,0.9991808873720136,0.484244948231084,0.0819112627986348,1872
2025,2,Ferry-3,Plant 1,Product A,125,1355,continuous_22.6h,1450,1445,1.9,1.066420664206642,0.9723629603065757,0.4785220929132368,0.9986851211072664,0.4646853494242092,0.1314878892733564,1873
2025,2,Ferry-1,Plant 2,Product A,100,1355,continuous_22.6h,1450,1448,7.0,1.0686346863468634,0.9723629603065757,0.4739071952123033,0.9951657458563536,0.4585821315464407,0.4834254143646408,1874
2025,2,Ferry-9,Plant 2,Product C,125,1355,continuous_22.6h,1450,1476,1.4,1.0892988929889298,0.9723629603065757,0.4887879648027249,0.9990514905149052,0.4748285054819062,0.094850948509485,1875
2025,2,Ferry-6,Plant 1,Product C,125,1355,continuous_22.6h,1450,1434,1.2,1.0583025830258304,0.9723629603065757,0.4878699850828296,0.999163179916318,0.4739897266194133,0.0836820083682008,1876
2025,2,Ferry-6,Plant 1,Product B,150,1355,continuous_22.6h,1450,1445,2.3,1.066420664206642,0.9723629603065757,0.49161236293214,0.99840830449827,0.4772647812631403,0.1591695501730103,1877
2025,2,Ferry-9,Plant 1,Product B,100,1355,continuous_22.6h,1450,1454,2.3,1.0730627306273062,0.9723629603065757,0.4815025073327655,0.9984181568088032,0.4674545920304375,0.1581843191196698,1878
2025,2,Ferry-1,Plant 1,Product B,100,1355,continuous_22.6h,1450,1467,1.9,1.0826568265682657,0.9723629603065757,0.4801255907295917,0.9987048398091344,0.4662516869734143,0.1295160190865712,1879
2025,2,Ferry-9,Plant 1,Product C,100,1355,continuous_22.6h,1450,1488,1.2,1.0981549815498155,0.9723629603065757,0.49276185069543,0.9991935483870968,0.4787569659232999,0.0806451612903225,1880
2025,2,Ferry-3,Plant 1,Product C,125,1355,continuous_22.6h,1450,1487,2.1,1.0974169741697417,0.9723629603065757,0.4924306935377046,0.9985877605917955,0.478145156510296,0.1412239408204438,1881
2025,2,Ferry-1,Plant 1,Product A,150,1355,continuous_22.6h,1450,1454,1.6,1.0730627306273062,0.9723629603065757,0.475870899059868,0.9988995873452544,0.4622100540305693,0.1100412654745529,1882
2025,2,Ferry-1,Plant 1,Product A,100,1355,continuous_22.6h,1450,1432,4.1,1.0568265682656826,0.9723629603065757,0.4686706516187971,0.99713687150838,0.4544132030778366,0.2863128491620111,1883
2025,3,Ferry-9,Plant 1,Product C,125,1355,continuous_22.6h,1450,1423,2.1,1.0501845018450184,0.9723629603065757,0.4712366354432775,0.9985242445537597,0.4575368394406893,0.1475755446240337,1884
2025,3,Ferry-6,Plant 1,Product C,100,1355,continuous_22.6h,1450,1414,1.6,1.0435424354243543,0.9723629603065757,0.481065661720447,0.9988684582743989,0.4672411291717332,0.1131541725601131,1885
2025,3,Ferry-4,Plant 1,Product B,125,1355,continuous_22.6h,1450,1478,4.1,1.0907749077490776,0.9723629603065757,0.4755450419449339,0.9972259810554804,0.4611196717694178,0.2774018944519621,1886
2025,3,Ferry-3,Plant 2,Product A,125,1355,continuous_22.6h,1450,1490,3.8,1.099630996309963,0.9723629603065757,0.4934241650108809,0.9974496644295302,0.4785637629507724,0.2550335570469798,1887
2025,3,Ferry-1,Plant 2,Product A,150,1355,continuous_22.6h,1450,1488,3.6,1.0981549815498155,0.9723629603065757,0.4869985541960686,0.9975806451612904,0.4723936960912814,0.2419354838709677,1888
2025,3,Ferry-9,Plant 1,Product A,100,1355,continuous_22.6h,1450,1477,1.4,1.0900369003690036,0.9723629603065757,0.4891191219604503,0.9990521327014218,0.4751505104361188,0.0947867298578199,1889
2025,3,Ferry-1,Plant 1,Product A,125,1355,continuous_22.6h,1450,1487,1.2,1.0974169741697417,0.9723629603065757,0.4866712702214744,0.9991930060524546,0.4728392304314376,0.0806993947545393,1890
2025,3,Ferry-4,Plant 1,Product C,100,1355,continuous_22.6h,1450,1465,2.3,1.081180811808118,0.9723629603065757,0.4713623047695049,0.9984300341296928,0.4576156753491603,0.1569965870307167,1891
2025,3,Ferry-3,Plant 2,Product C,100,1355,continuous_22.6h,1450,1454,2.3,1.0730627306273062,0.9723629603065757,0.4815025073327655,0.9984181568088032,0.4674545920304375,0.1581843191196698,1892
2025,3,Ferry-1,Plant 2,Product B,125,1355,continuous_22.6h,1450,1433,1.9,1.0575645756457566,0.9723629603065757,0.4689979355933913,0.9986741102581996,0.4554315672839079,0.1325889741800418,1893
2025,3,Ferry-4,Plant 1,Product B,125,1355,continuous_22.6h,1450,1478,1.2,1.0907749077490776,0.9723629603065757,0.4755450419449339,0.999188092016238,0.4620269565568059,0.081190798376184,1894
2025,3,Ferry-9,Plant 1,Product B,125,1355,continuous_22.6h,1450,1465,2.1,1.081180811808118,0.9723629603065757,0.4851452360677453,0.998566552901024,0.4710610475176188,0.1433447098976109,1895
2025,3,Ferry-1,Plant 1,Product C,100,1355,continuous_22.6h,1450,1443,7.0,1.0649446494464945,0.9723629603065757,0.4722707753393326,0.9951489951489952,0.4569909374744544,0.4851004851004851,1896
2025,3,Ferry-4,Plant 2,Product C,125,1355,continuous_22.6h,1450,1422,1.4,1.0494464944649446,0.9723629603065757,0.4575270971892395,0.99901547116737,0.4444444030908711,0.0984528832630098,1897
2025,3,Ferry-3,Plant 2,Product A,100,1355,continuous_22.6h,1450,1411,1.2,1.041328413284133,0.9723629603065757,0.4672627495505724,0.9991495393338058,0.4539625844489295,0.0850460666194188,1898
2025,3,Ferry-1,Plant 1,Product A,100,1355,continuous_22.6h,1450,1466,2.3,1.081918819188192,0.9723629603065757,0.4797983067549977,0.998431105047749,0.4658061526332583,0.1568894952251023,1899
2025,3,Ferry-9,Plant 1,Product A,125,1355,continuous_22.6h,1450,1499,2.3,1.1062730627306272,0.9723629603065757,0.4964045794304096,0.9984656437625083,0.4819448149700047,0.1534356237491661,1900
2025,3,Ferry-6,Plant 1,Product C,125,1355,continuous_22.6h,1450,1498,2.1,1.1055350553505534,0.9723629603065757,0.5096438198424538,0.9985981308411216,0.4948640648031688,0.1401869158878504,1901
2025,3,Ferry-1,Plant 2,Product C,125,1355,continuous_22.6h,1450,1466,1.6,1.081918819188192,0.9723629603065757,0.4797983067549977,0.9989085948158254,0.4660289198033364,0.1091405184174624,1902
2025,3,Ferry-4,Plant 2,Product B,100,1355,continuous_22.6h,1450,1443,4.1,1.0649446494464945,0.9723629603065757,0.4642838264726249,0.9971586971586972,0.4501696829561132,0.2841302841302841,1903
2025,3,Ferry-1,Plant 1,Product B,125,1355,continuous_22.6h,1450,1424,3.8,1.0509225092250922,0.9723629603065757,0.4660523798220441,0.9973314606741572,0.4519627642069778,0.2668539325842696,1904
2025,3,Ferry-9,Plant 1,Product B,125,1355,continuous_22.6h,1450,1478,3.6,1.0907749077490776,0.9723629603065757,0.4894502791181758,0.9975642760487144,0.4747641044910637,0.2435723951285521,1905
2025,3,Ferry-1,Plant 1,Product C,150,1355,continuous_22.6h,1450,1488,1.4,1.0981549815498155,0.9723629603065757,0.4869985541960686,0.9990591397849462,0.4730938214829553,0.0940860215053763,1906
2025,3,Ferry-6,Plant 2,Product C,100,1355,continuous_22.6h,1450,1476,1.2,1.0892988929889298,0.9723629603065757,0.5021590641438329,0.9991869918699188,0.4878838978352252,0.08130081300813,1907
2025,3,Ferry-9,Plant 2,Product A,100,1355,continuous_22.6h,1450,1254,2.3,0.925461254612546,0.9723629603065757,0.4152710757876809,0.9981658692185008,0.4030536011879166,0.1834130781499202,1908
2025,3,Ferry-9,Plant 1,Product C,100,1355,continuous_22.6h,1450,1445,2.3,1.066420664206642,0.9723629603065757,0.4785220929132368,0.99840830449827,0.4645565474425241,0.1591695501730103,1909
2025,3,Ferry-3,Plant 1,Product C,150,1355,continuous_22.6h,1450,1445,1.9,1.066420664206642,0.9723629603065757,0.4785220929132368,0.9986851211072664,0.4646853494242092,0.1314878892733564,1910
2025,3,Ferry-1,Plant 1,Product C,100,1355,continuous_22.6h,1450,1467,1.2,1.0826568265682657,0.9723629603065757,0.4801255907295917,0.9991820040899796,0.4664744541434925,0.081799591002045,1911
2025,3,Ferry-1,Plant 2,Product C,120,1355,continuous_22.6h,1450,1480,2.1,1.0922509225092252,0.9723629603065757,0.4843802823993155,0.9985810810810812,0.4703251437976992,0.1418918918918918,1912
2025,3,Ferry-4,Plant 2,Product C,100,1355,continuous_22.6h,1450,1487,7.0,1.0974169741697417,0.9723629603065757,0.4784407830663848,0.9952925353059852,0.4630280983911651,0.4707464694014795,1913
2025,3,Ferry-4,Plant 1,Product A,100,1355,continuous_22.6h,1450,1414,1.4,1.0435424354243543,0.9723629603065757,0.4549531050812832,0.999009900990099,0.4419415485049728,0.099009900990099,1914
2025,4,Ferry-9,Plant 2,Product C,125,1355,continuous_22.6h,1450,1423,1.4,1.0501845018450184,0.9723629603065757,0.4712366354432775,0.9990161630358396,0.4577622429086381,0.0983836964160224,1915
2025,4,Ferry-4,Plant 2,Product C,100,1355,continuous_22.6h,1450,1434,2.1,1.0583025830258304,0.9723629603065757,0.4613880853511741,0.9985355648535564,0.4479796851934522,0.1464435146443514,1916
2025,4,Ferry-3,Plant 2,Product B,125,1355,continuous_22.6h,1450,1435,1.6,1.059040590405904,0.9723629603065757,0.4752105213359825,0.9988850174216028,0.4615619013683468,0.1114982578397212,1917
2025,4,Ferry-4,Plant 1,Product B,125,1355,continuous_22.6h,1450,1436,4.1,1.059778597785978,0.9723629603065757,0.4620315833781632,0.9971448467966574,0.4479796851934523,0.2855153203342618,1918
2025,4,Ferry-6,Plant 1,Product A,150,1355,continuous_22.6h,1450,1437,3.8,1.0605166051660515,0.9723629603065757,0.4888906335871869,0.9973556019485038,0.4741220520595637,0.2644398051496172,1919
2025,4,Ferry-4,Plant 1,Product A,100,1355,continuous_22.6h,1450,1438,3.6,1.0612546125461255,0.9723629603065757,0.4626750814051523,0.9974965229485396,0.4487618272515455,0.2503477051460361,1920
2025,4,Ferry-1,Plant 1,Product A,125,1355,continuous_22.6h,1450,1439,1.4,1.0619926199261993,0.9723629603065757,0.4709616394409561,0.9990271021542738,0.45750011957749,0.0972897845726198,1921
2025,4,Ferry-6,Plant 2,Product A,100,1355,continuous_22.6h,1450,1498,1.2,1.1055350553505534,0.9723629603065757,0.5096438198424538,0.9991989319092124,0.4951617970435076,0.0801068090787716,1922
2025,4,Ferry-9,Plant 2,Product C,100,1355,continuous_22.6h,1450,1490,2.3,1.099630996309963,0.9723629603065757,0.4934241650108809,0.9984563758389262,0.4790467703820913,0.1543624161073825,1923
2025,4,Ferry-9,Plant 2,Product C,125,1355,continuous_22.6h,1450,1409,2.3,1.0398523985239851,0.9723629603065757,0.4666004352351215,0.9983676366217176,0.4529643690908704,0.1632363378282469,1924
2025,4,Ferry-3,Plant 1,Product B,125,1355,continuous_22.6h,1450,1498,1.9,1.1055350553505534,0.9723629603065757,0.4960734222726842,0.998731642189586,0.4817516119974771,0.1268357810413885,1925
2025,4,Ferry-1,Plant 1,Product B,125,1355,continuous_22.6h,1450,1497,1.2,1.1047970479704796,0.9723629603065757,0.4899441099674157,0.9991983967935872,0.47602161857541,0.0801603206412825,1926
2025,4,Ferry-1,Plant 1,Product B,100,1355,continuous_22.6h,1450,1496,2.1,1.1040590405904058,0.9723629603065757,0.4896168259928216,0.998596256684492,0.4754169648280552,0.1403743315508021,1927
2025,4,Ferry-9,Plant 2,Product C,125,1355,continuous_22.6h,1450,1495,2.3,1.103321033210332,0.9723629603065757,0.4950799507995079,0.9984615384615384,0.4806567951531543,0.1538461538461538,1928
2025,4,Ferry-4,Plant 1,Product C,100,1355,continuous_22.6h,1450,1478,3.0,1.0907749077490776,0.9723629603065757,0.4755450419449339,0.9979702300405954,0.4614638142749788,0.20297699594046,1929
2025,4,Ferry-4,Plant 1,Product A,100,1355,continuous_22.6h,1450,1490,1.9,1.099630996309963,0.9723629603065757,0.4794060301068684,0.998724832214765,0.465562238659387,0.1275167785234899,1930
2025,4,Ferry-3,Plant 1,Product A,125,1355,continuous_22.6h,1450,1465,1.2,1.081180811808118,0.9723629603065757,0.4851452360677453,0.9991808873720136,0.4713508519764101,0.0819112627986348,1931
2025,4,Ferry-4,Plant 2,Product C,125,1355,continuous_22.6h,1450,1443,1.4,1.0649446494464945,0.9723629603065757,0.4642838264726249,0.999029799029799,0.4510143963788539,0.097020097020097,1932
2025,4,Ferry-3,Plant 2,Product C,125,1355,continuous_22.6h,1450,1467,1.2,1.0826568265682657,0.9723629603065757,0.4858075503831961,0.9991820040899796,0.4719948618848353,0.081799591002045,1933
2025,4,Ferry-4,Plant 2,Product B,100,1355,continuous_22.6h,1450,1489,2.3,1.0988929889298893,0.9723629603065757,0.4790842810933739,0.9984553391537944,0.4651242391068548,0.1544660846205507,1934
2025,4,Ferry-1,Plant 1,Product B,125,1355,continuous_22.6h,1450,1423,2.3,1.0501845018450184,0.9723629603065757,0.46572509584745,0.9983836964160224,0.4521218836141764,0.1616303583977512,1935
2025,4,Ferry-4,Plant 1,Product B,125,1355,continuous_22.6h,1450,1423,2.1,1.0501845018450184,0.9723629603065757,0.4578488462027341,0.9985242445537597,0.4445382601378422,0.1475755446240337,1936
2025,4,Ferry-6,Plant 1,Product C,150,1355,continuous_22.6h,1450,1421,1.6,1.0487084870848709,0.9723629603065757,0.4834471748972809,0.9988740323715694,0.4695568243743685,0.1125967628430682,1937
2025,4,Ferry-9,Plant 1,Product C,100,1355,continuous_22.6h,1450,1448,4.1,1.0686346863468634,0.9723629603065757,0.4795155643864131,0.9971685082872928,0.4649429533875793,0.2831491712707182,1938
2025,4,Ferry-4,Plant 2,Product A,100,1355,continuous_22.6h,1450,1429,3.8,1.0546125461254612,0.9723629603065757,0.4597793402837013,0.9973407977606716,0.4458835444777625,0.2659202239328201,1939
2025,4,Ferry-6,Plant 2,Product C,100,1355,continuous_22.6h,1450,1403,3.6,1.0354243542435424,0.9723629603065757,0.4773232838711366,0.9974340698503208,0.4629405523668389,0.2565930149679258,1940
2025,4,Ferry-9,Plant 2,Product A,100,1355,continuous_22.6h,1450,1445,1.4,1.066420664206642,0.9723629603065757,0.4785220929132368,0.9990311418685122,0.4648463519013155,0.0968858131487889,1941
2025,4,Ferry-9,Plant 2,Product A,125,1355,continuous_22.6h,1450,1456,1.2,1.074538745387454,0.9723629603065757,0.4821648216482165,0.9991758241758242,0.4684528073884967,0.0824175824175824,1942
2025,4,Ferry-3,Plant 2,Product A,125,1355,continuous_22.6h,1450,1466,2.3,1.081918819188192,0.9723629603065757,0.4854763932254708,0.998431105047749,0.471318651480989,0.1568894952251023,1943
2025,4,Ferry-9,Plant 2,Product A,100,1355,continuous_22.6h,1450,1470,2.3,1.084870848708487,0.9723629603065757,0.4868010218563723,0.99843537414966,0.4726066712978392,0.1564625850340136,1944
2025,5,Ferry-1,Plant 2,Product A,125,1355,continuous_22.6h,1450,1425,1.4,1.051660516605166,0.9723629603065757,0.4663796637966382,0.9990175438596492,0.4530447761759285,0.0982456140350877,1945
2025,5,Ferry-4,Plant 2,Product A,125,1355,continuous_22.6h,1450,1414,1.2,1.0435424354243543,0.9723629603065757,0.4549531050812832,0.9991513437057992,0.4420041198696203,0.0848656294200848,1946
2025,5,Ferry-4,Plant 2,Product A,150,1355,continuous_22.6h,1450,1428,2.1,1.0538745387453874,0.9723629603065757,0.4594575912702068,0.998529411764706,0.4461025442540286,0.1470588235294117,1947
2025,5,Ferry-4,Plant 1,Product A,100,1355,continuous_22.6h,1450,1338,1.6,0.9874538745387452,0.9723629603065757,0.4305001800556979,0.9988041853512706,0.4181018585742925,0.1195814648729447,1948
2025,5,Ferry-3,Plant 1,Product C,125,1355,continuous_22.6h,1450,1340,4.1,0.988929889298893,0.9723629603065757,0.4437505913520673,0.9969402985074628,0.430166418332618,0.3059701492537313,1949
2025,5,Ferry-9,Plant 1,Product C,100,1355,continuous_22.6h,1450,1459,3.8,1.0767527675276751,0.9723629603065757,0.4831582931213927,0.9973954763536668,0.4685816093701816,0.2604523646333104,1950
2025,5,Ferry-4,Plant 1,Product B,100,1355,continuous_22.6h,1450,1468,3.6,1.0833948339483397,0.9723629603065757,0.4723275518099886,0.9975476839237056,0.4581475319486637,0.2452316076294278,1951
2025,5,Ferry-1,Plant 2,Product B,125,1355,continuous_22.6h,1450,1487,1.4,1.0974169741697417,0.9723629603065757,0.4866712702214744,0.999058507061197,0.4727755826685581,0.0941492938802958,1952
2025,5,Ferry-4,Plant 2,Product B,125,1355,continuous_22.6h,1450,1485,1.2,1.095940959409594,0.9723629603065757,0.4777972850393956,0.9991919191919192,0.4642169543194667,0.0808080808080808,1953
2025,5,Ferry-3,Plant 2,Product C,150,1355,continuous_22.6h,1450,1459,2.3,1.0767527675276751,0.9723629603065757,0.4831582931213927,0.9984235777930088,0.4690646168015006,0.1576422206991089,1954
2025,5,Ferry-1,Plant 2,Product C,100,1355,continuous_22.6h,1450,1487,2.3,1.0974169741697417,0.9723629603065757,0.4866712702214744,0.998453261600538,0.4724891677356006,0.1546738399462003,1955
2025,5,Ferry-4,Plant 1,Product C,150,1355,continuous_22.6h,1450,1499,1.9,1.1062730627306272,0.9723629603065757,0.4823017712283193,0.9987324883255504,0.4683779500685225,0.1267511674449633,1956
2025,5,Ferry-6,Plant 1,Product C,100,1355,continuous_22.6h,1450,1476,1.2,1.0892988929889298,0.9723629603065757,0.5021590641438329,0.9991869918699188,0.4878838978352252,0.08130081300813,1957
2025,5,Ferry-9,Plant 1,Product A,100,1355,continuous_22.6h,1450,1434,2.1,1.0583025830258304,0.9723629603065757,0.4748793641782572,0.9985355648535564,0.461078893937028,0.1464435146443514,1958
2025,5,Ferry-9,Plant 2,Product A,125,1355,continuous_22.6h,1450,1410,7.0,1.040590405904059,0.9723629603065757,0.4669315923928469,0.9950354609929078,0.4517729507602837,0.4964539007092199,1959
2025,5,Ferry-3,Plant 1,Product A,125,1355,continuous_22.6h,1450,1409,1.4,1.0398523985239851,0.9723629603065757,0.4666004352351215,0.9990063875088716,0.4532541735496617,0.0993612491128459,1960
2025,5,Ferry-1,Plant 1,Product A,125,1355,continuous_22.6h,1450,1406,1.2,1.0376383763837638,0.9723629603065757,0.4601612682793497,0.9991465149359886,0.44706188646526,0.0853485064011379,1961
2025,5,Ferry-1,Plant 2,Product C,125,1355,continuous_22.6h,1450,1409,2.3,1.0398523985239851,0.9723629603065757,0.4611431202031321,0.9983676366217176,0.4476665402126148,0.1632363378282469,1962
2025,5,Ferry-3,Plant 2,Product C,125,1355,continuous_22.6h,1450,1478,2.3,1.0907749077490776,0.9723629603065757,0.4894502791181758,0.9984438430311232,0.4751827109315401,0.155615696887686,1963
2025,5,Ferry-4,Plant 2,Product B,125,1355,continuous_22.6h,1450,1414,2.1,1.0435424354243543,0.9723629603065757,0.4549531050812832,0.9985148514851484,0.4417225487287068,0.1485148514851485,1964
2025,5,Ferry-4,Plant 1,Product B,150,1355,continuous_22.6h,1450,1454,1.6,1.0730627306273062,0.9723629603065757,0.4678230656210649,0.9988995873452544,0.4543932500698164,0.1100412654745529,1965
2025,5,Ferry-9,Plant 1,Product B,100,1355,continuous_22.6h,1450,1243,4.1,0.9173431734317344,0.9723629603065757,0.4116283470527013,0.9967015285599355,0.3989319377739954,0.329847144006436,1966
2025,5,Ferry-9,Plant 1,Product C,125,1355,continuous_22.6h,1450,1322,3.8,0.9756457564575646,0.9723629603065757,0.4377897625130097,0.997125567322239,0.4244669306430549,0.2874432677760968,1967
2025,5,Ferry-4,Plant 1,Product C,100,1355,continuous_22.6h,1450,1467,3.6,1.0826568265682657,0.9723629603065757,0.4720058027964939,0.9975460122699388,0.4578346751254264,0.245398773006135,1968
2025,5,Ferry-6,Plant 2,Product A,100,1355,continuous_22.6h,1450,1399,1.4,1.0324723247232472,0.9723629603065757,0.4759624191986601,0.998999285203717,0.4623450878861613,0.1000714796283059,1969
2025,5,Ferry-4,Plant 2,Product C,125,1355,continuous_22.6h,1450,1423,1.2,1.0501845018450184,0.9723629603065757,0.4578488462027341,0.999156711173577,0.4448198312787558,0.0843288826423049,1970
2025,5,Ferry-4,Plant 2,Product C,125,1355,continuous_22.6h,1450,1446,2.3,1.0671586715867158,0.9723629603065757,0.4652490735131085,0.9984094052558784,0.4516713957076521,0.1590594744121715,1971
2025,5,Ferry-4,Plant 2,Product C,125,1355,continuous_22.6h,1450,1468,3.6,1.0833948339483397,0.9723629603065757,0.4723275518099886,0.9975476839237056,0.4581475319486637,0.2452316076294278,1972
2025,5,Ferry-1,Plant 2,Product C,100,1355,continuous_22.6h,1450,1399,1.4,1.0324723247232472,0.9723629603065757,0.4578702804571908,0.998999285203717,0.4447705670015999,0.1000714796283059,1973
2025,5,Ferry-4,Plant 2,Product C,125,1355,continuous_22.6h,1450,1465,1.2,1.081180811808118,0.9723629603065757,0.4713623047695049,0.9991808873720136,0.4579598178547213,0.0819112627986348,1974
2025,5,Ferry-1,Plant 1,Product A,100,1355,continuous_22.6h,1450,1426,2.3,1.0523985239852398,0.9723629603065757,0.4667069477712323,0.9983870967741936,0.4530766000573681,0.1612903225806451,1975
2025,6,Ferry-6,Plant 1,Product C,125,1355,continuous_22.6h,1500,1412,2.1,1.0420664206642067,0.9723629603065757,0.4803852293842088,0.9985127478753542,0.466414095170792,0.1487252124645892,1976
2025,6,Ferry-9,Plant 1,Product C,100,1355,continuous_22.6h,1500,1523,1.6,1.1239852398523986,0.9723629603065757,0.5043523512158199,0.9989494418910044,0.4898983373390561,0.1050558108995403,1977
2025,6,Ferry-9,Plant 1,Product A,120,1355,continuous_22.6h,1500,1534,4.1,1.1321033210332103,0.9723629603065757,0.5079950799507995,0.9973272490221644,0.4926353794498632,0.2672750977835723,1978
2025,6,Ferry-3,Plant 2,Product A,125,1355,continuous_22.6h,1500,1545,3.8,1.1402214022140222,0.9723629603065757,0.5116378086857792,0.9975404530744336,0.4962740354324657,0.2459546925566343,1979
2025,6,Ferry-1,Plant 2,Product A,125,1355,continuous_22.6h,1500,1515,3.6,1.118081180811808,0.9723629603065757,0.4958352215101101,0.9976237623762376,0.4809861440800071,0.2376237623762376,1980
2025,6,Ferry-1,Plant 1,Product A,125,1355,continuous_22.6h,1500,1567,1.4,1.156457564575646,0.9723629603065757,0.5128539881890052,0.9991065730695596,0.4982346878203385,0.0893426930440331,1981
2025,6,Ferry-9,Plant 1,Product C,125,1355,continuous_22.6h,1500,1578,1.2,1.1645756457564576,0.9723629603065757,0.5225659948907181,0.9992395437262356,0.5077374118024344,0.0760456273764258,1982
2025,6,Ferry-6,Plant 1,Product C,150,1355,continuous_22.6h,1500,1589,2.3,1.1726937269372697,0.9723629603065757,0.5406034911412946,0.9985525487728132,0.5249019397173529,0.144745122718691,1983
2025,6,Ferry-4,Plant 2,Product B,100,1355,continuous_22.6h,1500,1590,2.3,1.1734317343173433,0.9723629603065757,0.5115809314563228,0.9985534591194968,0.4967227782538196,0.1446540880503144,1984
2025,6,Ferry-1,Plant 2,Product B,125,1355,continuous_22.6h,1500,1509,1.9,1.113653136531365,0.9723629603065757,0.4938715176625452,0.9987408880053016,0.4796177171780988,0.1259111994698475,1985
2025,6,Ferry-9,Plant 2,Product B,100,1355,continuous_22.6h,1500,1508,1.2,1.1129151291512915,0.9723629603065757,0.4993849938499385,0.9992042440318304,0.4851970650075521,0.0795755968169761,1986
2025,6,Ferry-3,Plant 2,Product C,100,1355,continuous_22.6h,1500,1507,2.1,1.1121771217712175,0.9723629603065757,0.499053836692213,0.998606502986065,0.484585255594548,0.139349701393497,1987
2025,6,Ferry-9,Plant 2,Product C,125,1355,continuous_22.6h,1500,1506,7.0,1.111439114391144,0.9723629603065757,0.4987226795344877,0.99535192563081,0.4826854263646938,0.4648074369189907,1988
2025,6,Ferry-6,Plant 1,Product A,125,1355,continuous_22.6h,1500,1505,1.4,1.1107011070110702,0.9723629603065757,0.5120253330192877,0.9990697674418604,0.4974113295260677,0.0930232558139534,1989
2025,6,Ferry-9,Plant 1,Product A,125,1355,continuous_22.6h,1500,1504,1.2,1.1099630996309964,0.9723629603065757,0.4980603652190368,0.9992021276595744,0.4839090451907016,0.0797872340425531,1990
2025,6,Ferry-9,Plant 1,Product A,100,1355,continuous_22.6h,1500,1503,2.3,1.1092250922509226,0.9723629603065757,0.4977292080613114,0.998469727212242,0.4832328347868552,0.1530272787757817,1991
2025,6,Ferry-3,Plant 1,Product A,125,1355,continuous_22.6h,1500,1587,2.3,1.1712177121771217,0.9723629603065757,0.5255464093102469,0.9985507246376812,0.510281250940714,0.144927536231884,1992
2025,6,Ferry-1,Plant 2,Product A,100,1355,continuous_22.6h,1500,1585,2.1,1.169741697416974,0.9723629603065757,0.5187450997316994,0.9986750788643534,0.5037402193094107,0.1324921135646687,1993
2025,6,Ferry-1,Plant 2,Product C,100,1355,continuous_22.6h,1500,1515,1.6,1.118081180811808,0.9723629603065757,0.4958352215101101,0.998943894389439,0.4816226217088017,0.1056105610561056,1994
2025,6,Ferry-4,Plant 2,Product C,125,1355,continuous_22.6h,1500,1568,4.1,1.1571955719557196,0.9723629603065757,0.5045024531594429,0.9973852040816328,0.4892767858607725,0.2614795918367346,1995
2025,6,Ferry-4,Plant 1,Product B,125,1355,continuous_22.6h,1500,1569,3.8,1.1579335793357934,0.9723629603065757,0.5048242021729373,0.9975780752071384,0.4896834997309809,0.2421924792861695,1996
2025,6,Ferry-9,Plant 1,Product B,125,1355,continuous_22.6h,1500,1587,3.6,1.1712177121771217,0.9723629603065757,0.5255464093102469,0.9977315689981096,0.5098626445002375,0.2268431001890359,1997
2025,6,Ferry-9,Plant 1,Product C,100,1355,continuous_22.6h,1500,1599,1.4,1.1800738007380074,0.9723629603065757,0.529520295202952,0.9991244527829892,0.5144351148500566,0.0875547217010631,1998
2025,6,Ferry-4,Plant 1,Product C,125,1355,continuous_22.6h,1500,1576,2.1,1.16309963099631,0.9723629603065757,0.5070764452673991,0.9986675126903554,0.4924053540931452,0.133248730964467,1999
2025,6,Ferry-3,Plant 2,Product A,125,1355,continuous_22.6h,1500,1555,1.6,1.14760147601476,0.9723629603065757,0.5149493802630333,0.9989710610932476,0.5002024958738593,0.1028938906752411,2000
2025,6,Ferry-9,Plant 2,Product C,150,1355,continuous_22.6h,1500,1544,4.1,1.1394833948339484,0.9723629603065757,0.5113066515280538,0.9973445595854922,0.4958554289919893,0.2655440414507771,2001
2025,6,Ferry-3,Plant 2,Product C,100,1355,continuous_22.6h,1500,1533,3.8,1.1313653136531363,0.9723629603065757,0.5076639227930739,0.9975212002609264,0.4924099759819142,0.2478799739073711,2002
2025,6,Ferry-1,Plant 2,Product C,100,1355,continuous_22.6h,1500,1537,3.6,1.1343173431734317,0.9723629603065757,0.503035468951181,0.9976577748861418,0.4879873979967467,0.2342225113858165,2003
2025,6,Ferry-4,Plant 2,Product C,120,1355,continuous_22.6h,1500,1589,1.4,1.1726937269372697,0.9723629603065757,0.5112591824428283,0.9991189427312775,0.496691492571496,0.0881057268722466,2004
2025,6,Ferry-4,Plant 2,Product C,100,1355,continuous_22.6h,1500,1564,1.2,1.1542435424354245,0.9723629603065757,0.5032154571054647,0.99923273657289,0.4889326433552114,0.0767263427109974,2005
2025,7,Ferry-4,Plant 2,Product C,150,1355,continuous_22.6h,1500,1509,2.1,1.113653136531365,0.9723629603065757,0.4855192613632647,0.9986083499005964,0.4714439469362477,0.1391650099403578,2006
2025,7,Ferry-3,Plant 2,Product C,150,1355,continuous_22.6h,1500,1508,1.6,1.1129151291512915,0.9723629603065757,0.4993849938499385,0.9989389920424404,0.485068263025867,0.1061007957559681,2007
2025,7,Ferry-1,Plant 2,Product B,150,1355,continuous_22.6h,1500,1506,2.3,1.111439114391144,0.9723629603065757,0.4928896657387629,0.998472775564409,0.4785357052091484,0.1527224435590969,2008
2025,7,Ferry-6,Plant 1,Product B,125,1355,continuous_22.6h,1500,1467,2.3,1.0826568265682657,0.9723629603065757,0.4990971186307608,0.998432174505794,0.4845426804714228,0.1567825494205862,2009
2025,7,Ferry-9,Plant 1,Product B,125,1355,continuous_22.6h,1500,1568,1.9,1.1571955719557196,0.9723629603065757,0.5192544233134639,0.9987882653061224,0.5042919587923596,0.1211734693877551,2010
2025,7,Ferry-9,Plant 1,Product A,150,1355,continuous_22.6h,1500,1505,2.1,1.1107011070110702,0.9723629603065757,0.4983915223767622,0.9986046511627908,0.4839412456861229,0.1395348837209302,2011
2025,7,Ferry-6,Plant 1,Product A,100,1355,continuous_22.6h,1500,1504,1.6,1.1099630996309964,0.9723629603065757,0.5116851168511686,0.998936170212766,0.4970143532056159,0.1063829787234042,2012
2025,7,Ferry-1,Plant 2,Product A,125,1355,continuous_22.6h,1500,1234,4.1,0.91070110701107,0.9723629603065757,0.4038684246491589,0.996677471636953,0.3914019178271806,0.3322528363047001,2013
2025,7,Ferry-1,Plant 2,Product A,100,1355,continuous_22.6h,1500,1535,3.8,1.132841328413284,0.9723629603065757,0.5023809010019927,0.9975244299674269,0.4872872726050727,0.247557003257329,2014
2025,7,Ferry-4,Plant 1,Product C,100,1355,continuous_22.6h,1500,1515,3.6,1.118081180811808,0.9723629603065757,0.487449755444232,0.9976237623762376,0.4728518026408155,0.2376237623762376,2015
2025,7,Ferry-6,Plant 2,Product C,125,1355,continuous_22.6h,1500,1538,1.4,1.1350553505535057,0.9723629603065757,0.523252466567219,0.9990897269180754,0.5083281783384914,0.0910273081924577,2016
2025,7,Ferry-9,Plant 2,Product B,150,1355,continuous_22.6h,1500,1539,1.2,1.1357933579335793,0.9723629603065757,0.5096508657394265,0.9992202729044836,0.4951792185881427,0.0779727095516569,2017
2025,7,Ferry-9,Plant 2,Product B,150,1355,continuous_22.6h,1500,1530,2.3,1.1291512915129152,0.9723629603065757,0.5066704513198979,0.9984967320261438,0.4919269685505955,0.1503267973856209,2018
2025,7,Ferry-3,Plant 1,Product B,150,1355,continuous_22.6h,1500,1598,2.3,1.1793357933579336,0.9723629603065757,0.5291891380452266,0.9985607008760952,0.5138233054370527,0.143929912390488,2019
2025,7,Ferry-9,Plant 1,Product C,125,1355,continuous_22.6h,1500,1293,1.9,0.9542435424354244,0.9723629603065757,0.4281862049389724,0.9985305491105956,0.4157405963838933,0.1469450889404485,2020
2025,7,Ferry-9,Plant 1,Product C,125,1355,continuous_22.6h,1500,1492,1.2,1.1011070110701109,0.9723629603065757,0.4940864793263318,0.999195710455764,0.4800449857401505,0.0804289544235924,2021
2025,7,Ferry-9,Plant 1,Product A,150,1355,continuous_22.6h,1500,1491,2.1,1.1003690036900369,0.9723629603065757,0.4937553221686063,0.9985915492957746,0.4794331763271465,0.1408450704225352,2022
2025,7,Ferry-9,Plant 2,Product A,100,1355,continuous_22.6h,1500,1587,7.0,1.1712177121771217,0.9723629603065757,0.5255464093102469,0.9955891619407689,0.5087678276559147,0.4410838059231254,2023
2025,7,Ferry-3,Plant 2,Product A,125,1355,continuous_22.6h,1500,1576,1.4,1.16309963099631,0.9723629603065757,0.5219036805752673,0.9991116751269036,0.5070290009031667,0.0888324873096446,2024
2025,7,Ferry-3,Plant 2,Product A,100,1355,continuous_22.6h,1500,1574,1.2,1.1616236162361624,0.9723629603065757,0.5212413662598164,0.9992376111817026,0.5064493919855839,0.0762388818297331,2025
2025,7,Ferry-4,Plant 1,Product A,100,1355,continuous_22.6h,1500,1567,2.3,1.156457564575646,0.9723629603065757,0.5041807041459484,0.9985322271857052,0.4895270713193624,0.146777281429483,2026
2025,7,Ferry-4,Plant 1,Product C,125,1355,continuous_22.6h,1500,1578,2.3,1.1645756457564576,0.9723629603065757,0.5077199432943882,0.9985424588086184,0.4929684963749722,0.1457541191381495,2027
2025,7,Ferry-4,Plant 1,Product C,150,1355,continuous_22.6h,1500,1500,2.1,1.1070110701107012,0.9723629603065757,0.4826235202418139,0.9986,0.4686282355271124,0.1399999999999999,2028
2025,7,Ferry-4,Plant 1,Product B,150,1355,continuous_22.6h,1500,1555,1.6,1.14760147601476,0.9723629603065757,0.5003197159840136,0.9989710610932476,0.4859917892167809,0.1028938906752411,2029
2025,7,Ferry-4,Plant 2,Product B,150,1355,continuous_22.6h,1500,1543,4.1,1.1387453874538744,0.9723629603065757,0.4964587278220791,0.9973428386260532,0.4814553652798405,0.2657161373946856,2030
2025,7,Ferry-6,Plant 2,Product B,125,1355,continuous_22.6h,1500,1533,3.8,1.1313653136531363,0.9723629603065757,0.5215513857266232,0.9975212002609264,0.5058801576957054,0.2478799739073711,2031
2025,7,Ferry-9,Plant 2,Product C,125,1355,continuous_22.6h,1500,1578,3.6,1.1645756457564576,0.9723629603065757,0.5225659948907181,0.9977186311787072,0.5069645999123241,0.2281368821292775,2032
2025,7,Ferry-9,Plant 2,Product C,150,1355,continuous_22.6h,1500,1590,1.4,1.1734317343173433,0.9723629603065757,0.5265398807834233,0.999119496855346,0.5115370702621432,0.0880503144654088,2033
2025,7,Ferry-3,Plant 2,Product A,100,1355,continuous_22.6h,1500,1554,1.2,1.1468634686346864,0.9723629603065757,0.5146182231053079,0.9992277992277993,0.5000092929013318,0.0772200772200772,2034
2025,7,Ferry-1,Plant 2,Product C,125,1355,continuous_22.6h,1500,1533,2.3,1.1313653136531363,0.9723629603065757,0.5017263330528045,0.9984996738421396,0.4871281531978741,0.1500326157860404,2035
2025,7,Ferry-1,Plant 1,Product A,100,1355,continuous_22.6h,1500,1523,2.3,1.1239852398523986,0.9723629603065757,0.4984534933068632,0.9984898227183192,0.4839457650539016,0.1510177281680892,2036
2025,8,Ferry-4,Plant 2,Product C,125,1355,continuous_22.6h,1500,1576,2.1,1.16309963099631,0.9723629603065757,0.5070764452673991,0.9986675126903554,0.4924053540931452,0.133248730964467,2037
2025,8,Ferry-4,Plant 2,Product C,150,1355,continuous_22.6h,1500,1565,1.6,1.154981549815498,0.9723629603065757,0.5035372061189591,0.9989776357827476,0.4891203574491538,0.1022364217252396,2038
2025,8,Ferry-3,Plant 2,Product A,150,1355,continuous_22.6h,1500,1554,4.1,1.1468634686346864,0.9723629603065757,0.5146182231053079,0.9973616473616472,0.4990754785341152,0.2638352638352638,2039
2025,8,Ferry-4,Plant 1,Product A,150,1355,continuous_22.6h,1500,1553,3.8,1.1461254612546126,0.9723629603065757,0.4996762179570246,0.9975531229877656,0.4846777905591846,0.2446877012234385,2040
2025,8,Ferry-4,Plant 1,Product A,125,1355,continuous_22.6h,1500,1552,3.6,1.1453874538745388,0.9723629603065757,0.4993544689435301,0.997680412371134,0.4844275051005947,0.2319587628865979,2041
2025,8,Ferry-4,Plant 1,Product A,125,1355,continuous_22.6h,1500,1567,1.4,1.156457564575646,0.9723629603065757,0.5041807041459484,0.9991065730695596,0.4898086424602759,0.0893426930440331,2042
2025,8,Ferry-9,Plant 1,Product C,150,1355,continuous_22.6h,1500,1560,1.2,1.151291512915129,0.9723629603065757,0.5166051660516605,0.9992307692307691,0.5019413226266075,0.0769230769230769,2043
2025,8,Ferry-1,Plant 2,Product C,100,1355,continuous_22.6h,1500,1509,2.3,1.113653136531365,0.9723629603065757,0.4938715176625452,0.9984758117958912,0.4794904216523399,0.1524188204108681,2044
2025,8,Ferry-6,Plant 2,Product B,125,1355,continuous_22.6h,1500,1509,2.3,1.113653136531365,0.9723629603065757,0.5133861976917641,0.9984758117958912,0.4984368516872346,0.1524188204108681,2045
2025,8,Ferry-9,Plant 2,Product B,100,1355,continuous_22.6h,1500,1508,1.9,1.1129151291512915,0.9723629603065757,0.4993849938499385,0.998740053050398,0.4849716615396033,0.1259946949602122,2046
2025,8,Ferry-9,Plant 2,Product B,100,1355,continuous_22.6h,1500,1506,3.6,1.111439114391144,0.9723629603065757,0.4987226795344877,0.997609561752988,0.4837802432090167,0.2390438247011952,2047
2025,8,Ferry-3,Plant 1,Product C,125,1355,continuous_22.6h,1500,1598,1.4,1.1793357933579336,0.9723629603065757,0.5291891380452266,0.9991239048811014,0.514113109895844,0.0876095118898623,2048
2025,8,Ferry-1,Plant 1,Product C,150,1355,continuous_22.6h,1500,1582,2.1,1.1675276752767527,0.9723629603065757,0.5177632478079169,0.9986725663716814,0.5027855028662189,0.1327433628318584,2049
2025,8,Ferry-1,Plant 1,Product A,150,1355,continuous_22.6h,1500,1556,1.6,1.148339483394834,0.9723629603065757,0.5092538644684695,0.9989717223650384,0.494670413099089,0.1028277634961439,2050
2025,8,Ferry-9,Plant 2,Product A,150,1355,continuous_22.6h,1500,1547,4.1,1.1416974169741698,0.9723629603065757,0.5123001230012301,0.997349709114415,0.4968214438546271,0.2650290885585002,2051
2025,8,Ferry-6,Plant 2,Product A,125,1355,continuous_22.6h,1500,1551,1.9,1.144649446494465,0.9723629603065757,0.5276752767527676,0.9987749838813668,0.5124633483431974,0.1225016118633139,2052
2025,8,Ferry-3,Plant 1,Product A,125,1355,continuous_22.6h,1500,1512,1.2,1.1158671586715867,0.9723629603065757,0.5007096224808402,0.9992063492063492,0.4864850848244025,0.0793650793650793,2053
2025,8,Ferry-9,Plant 1,Product A,150,1355,continuous_22.6h,1500,1513,1.4,1.1166051660516605,0.9723629603065757,0.5010407796385656,0.9990746860541968,0.4867426887877726,0.092531394580304,2054
2025,8,Ferry-3,Plant 1,Product C,100,1355,continuous_22.6h,1500,1514,1.2,1.1173431734317345,0.9723629603065757,0.5013719367962911,0.9992073976221928,0.4871290947328278,0.0792602377807133,2055
2025,8,Ferry-1,Plant 2,Product B,125,1355,continuous_22.6h,1500,1525,2.3,1.1254612546125462,0.9723629603065757,0.4991080612560515,0.9984918032786884,0.4845822426826962,0.1508196721311475,2056
2025,8,Ferry-1,Plant 2,Product B,100,1355,continuous_22.6h,1500,1546,2.3,1.140959409594096,0.9723629603065757,0.5059810247225283,0.9985122897800776,0.4912652577850385,0.148771021992238,2057
2025,8,Ferry-4,Plant 1,Product B,100,1355,continuous_22.6h,1500,1547,2.1,1.1416974169741698,0.9723629603065757,0.4977457238760574,0.9986425339366516,0.4833325062192642,0.1357466063348416,2058
2025,8,Ferry-4,Plant 1,Product C,125,1355,continuous_22.6h,1500,1558,1.6,1.1498154981549815,0.9723629603065757,0.5012849630244973,0.9989730423620026,0.4869303596864928,0.1026957637997432,2059
2025,8,Ferry-4,Plant 1,Product C,150,1355,continuous_22.6h,1500,1598,4.1,1.1793357933579336,0.9723629603065757,0.514154923564279,0.9974342928660828,0.4986624905578906,0.2565707133917396,2060
2025,8,Ferry-4,Plant 2,Product A,125,1355,continuous_22.6h,1500,1576,3.8,1.16309963099631,0.9723629603065757,0.5070764452673991,0.9975888324873096,0.4918734974936418,0.2411167512690355,2061
2025,8,Ferry-4,Plant 2,Product A,125,1355,continuous_22.6h,1500,1554,3.6,1.1468634686346864,0.9723629603065757,0.4999979669705192,0.9976833976833976,0.4850532187470692,0.2316602316602316,2062
2025,8,Ferry-4,Plant 1,Product A,150,1355,continuous_22.6h,1500,1532,3.8,1.1306273062730627,0.9723629603065757,0.4929194886736392,0.9975195822454308,0.4781077972712018,0.248041775456919,2063
2025,8,Ferry-4,Plant 1,Product A,150,1355,continuous_22.6h,1500,1578,3.6,1.1645756457564576,0.9723629603065757,0.5077199432943882,0.9977186311787072,0.4925617825047637,0.2281368821292775,2064
2025,8,Ferry-1,Plant 1,Product A,150,1355,continuous_22.6h,1500,1500,1.4,1.1070110701107012,0.9723629603065757,0.4909259618911982,0.9990666666666668,0.4769126872557224,0.0933333333333333,2065
2025,8,Ferry-6,Plant 2,Product C,100,1355,continuous_22.6h,1500,1598,1.2,1.1793357933579336,0.9723629603065757,0.5436654366543666,0.9992490613266584,0.5282431570811552,0.0750938673341677,2066
2025,8,Ferry-9,Plant 2,Product A,100,1355,continuous_22.6h,1500,1590,2.3,1.1734317343173433,0.9723629603065757,0.5265398807834233,0.9985534591194968,0.5112472658033519,0.1446540880503144,2067
2025,9,Ferry-9,Plant 2,Product C,125,1355,continuous_22.6h,1500,1590,2.3,1.1734317343173433,0.9723629603065757,0.5265398807834233,0.9985534591194968,0.5112472658033519,0.1446540880503144,2068
2025,9,Ferry-3,Plant 1,Product C,100,1355,continuous_22.6h,1500,1509,2.3,1.113653136531365,0.9723629603065757,0.4997161510076638,0.9984758117958912,0.4851648645121307,0.1524188204108681,2069
2025,9,Ferry-1,Plant 1,Product B,120,1355,continuous_22.6h,1500,1508,1.9,1.1129151291512915,0.9723629603065757,0.4935442336879512,0.998740053050398,0.4792994783637018,0.1259946949602122,2070
2025,9,Ferry-3,Plant 1,Product B,125,1355,continuous_22.6h,1500,1506,1.2,1.111439114391144,0.9723629603065757,0.4987226795344877,0.999203187250996,0.4845530550991269,0.0796812749003984,2071
2025,9,Ferry-9,Plant 2,Product A,125,1355,continuous_22.6h,1500,1467,2.1,1.0826568265682657,0.9723629603065757,0.4858075503831961,0.9985685071574644,0.4717050574260439,0.1431492842535787,2072
2025,9,Ferry-9,Plant 2,Product A,125,1355,continuous_22.6h,1500,1365,1.6,1.007380073800738,0.9723629603065757,0.4520295202952029,0.9988278388278388,0.4390215545734646,0.1172161172161172,2073
2025,9,Ferry-6,Plant 1,Product A,100,1355,continuous_22.6h,1500,1468,4.1,1.0833948339483397,0.9723629603065757,0.49943733479888,0.9972070844686648,0.4842780295911217,0.2792915531335149,2074
2025,9,Ferry-9,Plant 1,Product A,125,1355,continuous_22.6h,1500,1584,3.8,1.1690036900369003,0.9723629603065757,0.5245529378370706,0.99760101010101,0.5088322286467571,0.2398989898989899,2075
2025,9,Ferry-9,Plant 1,Product C,125,1355,continuous_22.6h,1500,1543,1.2,1.1387453874538744,0.9723629603065757,0.5109754943703283,0.9992222942320156,0.4964672384049932,0.0777705767984445,2076
2025,9,Ferry-3,Plant 2,Product C,150,1355,continuous_22.6h,1500,1534,7.0,1.1321033210332103,0.9723629603065757,0.5079950799507995,0.9954367666232072,0.4917015650826467,0.4563233376792698,2077
2025,9,Ferry-1,Plant 2,Product B,100,1355,continuous_22.6h,1500,1536,1.4,1.133579335793358,0.9723629603065757,0.5027081849765869,0.9990885416666668,0.4883692845740234,0.0911458333333333,2078
2025,9,Ferry-1,Plant 1,Product B,150,1355,continuous_22.6h,1500,1546,1.2,1.140959409594096,0.9723629603065757,0.5059810247225283,0.9992238033635188,0.4916153204808755,0.0776196636481241,2079
2025,9,Ferry-4,Plant 1,Product B,100,1355,continuous_22.6h,1500,1557,2.3,1.1490774907749075,0.9723629603065757,0.5009632140110027,0.9985228002569044,0.4863985030869894,0.1477199743095696,2080
2025,9,Ferry-4,Plant 1,Product C,100,1355,continuous_22.6h,1500,1568,2.3,1.1571955719557196,0.9723629603065757,0.5045024531594429,0.9985331632653062,0.4898399281425996,0.1466836734693877,2081
2025,9,Ferry-4,Plant 2,Product C,125,1355,continuous_22.6h,1500,1565,2.3,1.154981549815498,0.9723629603065757,0.5035372061189591,0.9985303514376996,0.4889013576728876,0.1469648562300319,2082
2025,9,Ferry-4,Plant 2,Product A,125,1355,continuous_22.6h,1500,1543,1.9,1.1387453874538744,0.9723629603065757,0.4964587278220791,0.9987686325340246,0.4821436502909625,0.1231367465975372,2083
2025,9,Ferry-4,Plant 1,Product A,125,1355,continuous_22.6h,1500,1523,1.2,1.1239852398523986,0.9723629603065757,0.4900237475521884,0.9992120814182536,0.4761055136024832,0.0787918581746552,2084
2025,9,Ferry-4,Plant 1,Product A,150,1355,continuous_22.6h,1500,1545,2.1,1.1402214022140222,0.9723629603065757,0.4971022258490683,0.9986407766990292,0.4827067925727897,0.1359223300970873,2085
2025,9,Ferry-9,Plant 1,Product C,150,1355,continuous_22.6h,1500,1567,1.6,1.156457564575646,0.9723629603065757,0.5189232661557386,0.9989789406509252,0.5040665553244108,0.1021059349074665,2086
2025,9,Ferry-9,Plant 2,Product B,150,1355,continuous_22.6h,1500,1489,4.1,1.0988929889298893,0.9723629603065757,0.4930930078531554,0.9972464741437206,0.478145156510296,0.2753525856279382,2087
2025,9,Ferry-6,Plant 2,Product B,125,1355,continuous_22.6h,1500,1390,3.8,1.0258302583025831,0.9723629603065757,0.472900473685588,0.9972661870503596,0.4585738128418696,0.2733812949640288,2088
2025,9,Ferry-9,Plant 1,Product B,125,1355,continuous_22.6h,1500,1576,1.2,1.16309963099631,0.9723629603065757,0.5219036805752673,0.999238578680203,0.5070934018940092,0.0761421319796954,2089
2025,9,Ferry-9,Plant 1,Product C,150,1355,continuous_22.6h,1500,1565,7.0,1.154981549815498,0.9723629603065757,0.5182609518402875,0.9955271565495208,0.5016837186632374,0.4472843450479233,2090
2025,9,Ferry-3,Plant 1,Product C,100,1355,continuous_22.6h,1500,1515,1.4,1.118081180811808,0.9723629603065757,0.5017030939540165,0.999075907590759,0.4873866986961978,0.0924092409240924,2091
2025,9,Ferry-1,Plant 2,Product A,125,1355,continuous_22.6h,1500,1533,1.2,1.1313653136531363,0.9723629603065757,0.5017263330528045,0.9992172211350292,0.4874782158937111,0.0782778864970645,2092
2025,9,Ferry-1,Plant 2,Product A,100,1355,continuous_22.6h,1500,1523,2.3,1.1239852398523986,0.9723629603065757,0.4984534933068632,0.9984898227183192,0.4839457650539016,0.1510177281680892,2093
2025,9,Ferry-4,Plant 2,Product A,100,1355,continuous_22.6h,1500,1556,2.3,1.148339483394834,0.9723629603065757,0.5006414649975083,0.9985218508997428,0.4860856462637522,0.1478149100257069,2094
2025,9,Ferry-4,Plant 2,Product A,125,1355,continuous_22.6h,1500,1578,2.3,1.1645756457564576,0.9723629603065757,0.5077199432943882,0.9985424588086184,0.4929684963749722,0.1457541191381495,2095
2025,9,Ferry-4,Plant 2,Product A,120,1355,continuous_22.6h,1500,1590,1.9,1.1734317343173433,0.9723629603065757,0.5115809314563228,0.9988050314465408,0.4968479209831145,0.1194968553459119,2096
2025,9,Ferry-4,Plant 2,Product C,100,1355,continuous_22.6h,1500,1508,1.2,1.1129151291512915,0.9723629603065757,0.4851975123497702,0.9992042440318304,0.4714126612539241,0.0795755968169761,2097
2025,10,Ferry-4,Plant 1,Product A,125,1355,continuous_22.6h,1500,1509,2.3,1.113653136531365,0.9723629603065757,0.4855192613632647,0.9984758117958912,0.4713813755716002,0.1524188204108681,2098
2025,10,Ferry-3,Plant 1,Product A,100,1355,continuous_22.6h,1500,1007,2.3,0.7431734317343174,0.9723629603065757,0.3334752578295014,0.997715988083416,0.3235183774974035,0.2284011916583912,2099
2025,10,Ferry-4,Plant 1,Product B,150,1355,continuous_22.6h,1500,1505,2.3,1.1107011070110702,0.9723629603065757,0.4842322653092866,0.9984717607973422,0.4701299482786513,0.1528239202657807,2100
2025,10,Ferry-4,Plant 2,Product B,150,1355,continuous_22.6h,1500,1503,1.9,1.1092250922509226,0.9723629603065757,0.4835887672822975,0.9987358616101132,0.4696293773614716,0.1264138389886893,2101
2025,10,Ferry-1,Plant 2,Product B,150,1355,continuous_22.6h,1500,1534,1.2,1.1321033210332103,0.9723629603065757,0.5020536170273986,0.9992177314211212,0.4877964547081083,0.0782268578878748,2102
2025,10,Ferry-4,Plant 1,Product C,125,1355,continuous_22.6h,1500,1556,2.1,1.148339483394834,0.9723629603065757,0.5006414649975083,0.9986503856041132,0.4861482176283997,0.1349614395886889,2103
2025,10,Ferry-4,Plant 1,Product C,125,1355,continuous_22.6h,1500,1545,1.6,1.1402214022140222,0.9723629603065757,0.4971022258490683,0.9989644012944984,0.4828632209844083,0.1035598705501618,2104
2025,10,Ferry-4,Plant 1,Product A,150,1355,continuous_22.6h,1500,1598,4.1,1.1793357933579336,0.9723629603065757,0.514154923564279,0.9974342928660828,0.4986624905578906,0.2565707133917396,2105
2025,10,Ferry-1,Plant 2,Product C,100,1355,continuous_22.6h,1500,1566,2.3,1.1557195571955718,0.9723629603065757,0.5125267042144108,0.9985312899106004,0.4976300340729834,0.1468710089399744,2106
2025,10,Ferry-4,Plant 2,Product A,125,1355,continuous_22.6h,1500,1554,2.3,1.1468634686346864,0.9723629603065757,0.4999979669705192,0.9985199485199484,0.4854599326172776,0.148005148005148,2107
2025,10,Ferry-6,Plant 1,Product A,100,1355,continuous_22.6h,1500,1516,1.9,1.118819188191882,0.9723629603065757,0.5157677108685982,0.9987467018469656,0.5008848723300207,0.12532981530343,2108
2025,10,Ferry-3,Plant 1,Product A,100,1355,continuous_22.6h,1500,1522,1.2,1.1232472324723248,0.9723629603065757,0.5040211940580944,0.9992115637319317,0.4897051343665285,0.0788436268068331,2109
2025,10,Ferry-4,Plant 1,Product A,125,1355,continuous_22.6h,1500,1548,2.1,1.1424354243542436,0.9723629603065757,0.4980674728895519,0.9986434108527132,0.4836453630425015,0.1356589147286821,2110
2025,10,Ferry-1,Plant 2,Product C,150,1355,continuous_22.6h,1500,1549,1.6,1.1431734317343174,0.9723629603065757,0.5069628766463107,0.9989670755326016,0.4924427413983083,0.1032924467398321,2111
2025,10,Ferry-4,Plant 2,Product C,150,1355,continuous_22.6h,1500,1540,4.1,1.136531365313653,0.9723629603065757,0.4954934807815955,0.9973376623376624,0.4805167948101287,0.2662337662337662,2112
2025,10,Ferry-3,Plant 1,Product B,150,1355,continuous_22.6h,1500,1507,3.8,1.1121771217712175,0.9723629603065757,0.499053836692213,0.9974784339747844,0.4840378471723866,0.252156602521566,2113
2025,10,Ferry-1,Plant 1,Product B,125,1355,continuous_22.6h,1500,1575,1.2,1.1623616236162362,0.9723629603065757,0.5154722599857581,0.9992380952380951,0.5008442460983958,0.0761904761904762,2114
2025,10,Ferry-1,Plant 1,Product B,125,1355,continuous_22.6h,1500,1573,7.0,1.1608856088560886,0.9723629603065757,0.5148176920365698,0.9955499046408136,0.4983619833460971,0.4450095359186268,2115
2025,10,Ferry-4,Plant 2,Product C,150,1355,continuous_22.6h,1500,1556,1.4,1.148339483394834,0.9723629603065757,0.5006414649975083,0.9991002570694087,0.4863672174046658,0.0899742930591259,2116
2025,10,Ferry-3,Plant 2,Product C,100,1355,continuous_22.6h,1500,1529,1.2,1.1284132841328414,0.9723629603065757,0.5063392941621724,0.9992151733158928,0.4919591690460168,0.0784826684107259,2117
2025,10,Ferry-3,Plant 1,Product A,125,1355,continuous_22.6h,1500,1591,2.3,1.174169741697417,0.9723629603065757,0.5268710379411486,0.9985543683218102,0.5115692707575644,0.1445631678189817,2118
2025,10,Ferry-4,Plant 1,Product A,125,1355,continuous_22.6h,1500,1510,2.3,1.1143911439114391,0.9723629603065757,0.4858410103767593,0.9984768211920528,0.4716942323948376,0.1523178807947019,2119
2025,10,Ferry-1,Plant 1,Product A,125,1355,continuous_22.6h,1500,1523,1.2,1.1239852398523986,0.9723629603065757,0.4984534933068632,0.9992120814182536,0.4842958277497386,0.0787918581746552,2120
2025,10,Ferry-4,Plant 1,Product A,100,1355,continuous_22.6h,1500,1534,2.1,1.1321033210332103,0.9723629603065757,0.4935629867006283,0.9986310299869622,0.4792653675171797,0.1368970013037809,2121
2025,10,Ferry-1,Plant 2,Product A,150,1355,continuous_22.6h,1500,1545,1.6,1.1402214022140222,0.9723629603065757,0.5056537407479341,0.9989644012944984,0.4911697861407192,0.1035598705501618,2122
2025,10,Ferry-4,Plant 2,Product C,150,1355,continuous_22.6h,1500,1556,4.1,1.148339483394834,0.9723629603065757,0.5006414649975083,0.9973650385604114,0.4855225039819252,0.2634961439588689,2123
2025,10,Ferry-4,Plant 2,Product C,150,1355,continuous_22.6h,1500,1567,3.8,1.156457564575646,0.9723629603065757,0.5041807041459484,0.9975749840459476,0.4890577860845065,0.2425015954052329,2124
2025,10,Ferry-1,Plant 2,Product C,125,1355,continuous_22.6h,1500,1489,3.6,1.0988929889298893,0.9723629603065757,0.4873258381706627,0.9975822699798522,0.4727119349056786,0.241773002014775,2125
2025,10,Ferry-4,Plant 2,Product C,120,1355,continuous_22.6h,1500,1503,1.4,1.1092250922509226,0.9723629603065757,0.4835887672822975,0.9990685296074516,0.4697858057730902,0.0931470392548236,2126
2025,10,Ferry-3,Plant 2,Product C,100,1355,continuous_22.6h,1500,1543,1.2,1.1387453874538744,0.9723629603065757,0.5109754943703283,0.9992222942320156,0.4964672384049932,0.0777705767984445,2127
2025,10,Ferry-1,Plant 1,Product A,100,1355,continuous_22.6h,1500,1534,2.3,1.1321033210332103,0.9723629603065757,0.5020536170273986,0.9985006518904824,0.4874463920122714,0.1499348109517601,2128
2025,11,Ferry-3,Plant 2,Product C,150,1355,continuous_22.6h,1500,1587,1.4,1.1712177121771217,0.9723629603065757,0.5255464093102469,0.9991178323881538,0.5105710553995053,0.088216761184625,2129
2025,11,Ferry-4,Plant 2,Product C,150,1355,continuous_22.6h,1500,1586,1.2,1.170479704797048,0.9723629603065757,0.5102939354023446,0.9992433795712484,0.4958154934664315,0.0756620428751576,2130
2025,11,Ferry-1,Plant 1,Product A,150,1355,continuous_22.6h,1500,1485,2.3,1.095940959409594,0.9723629603065757,0.4860167022722861,0.9984511784511784,0.471852690106806,0.1548821548821548,2131
2025,11,Ferry-4,Plant 1,Product A,125,1355,continuous_22.6h,1500,1383,2.3,1.0206642066420664,0.9723629603065757,0.4449788856629523,0.9983369486623282,0.4319614158437038,0.1663051337671728,2132
2025,11,Ferry-4,Plant 1,Product A,125,1355,continuous_22.6h,1500,1535,2.3,1.132841328413284,0.9723629603065757,0.4938847357141228,0.9985016286644952,0.4795156529757694,0.1498371335504885,2133
2025,11,Ferry-1,Plant 2,Product A,150,1355,continuous_22.6h,1500,1530,2.3,1.1291512915129152,0.9723629603065757,0.5007444811290221,0.9984967320261438,0.4861734367546824,0.1503267973856209,2134
2025,11,Ferry-4,Plant 2,Product C,100,1355,continuous_22.6h,1500,1509,1.9,1.113653136531365,0.9723629603065757,0.4855192613632647,0.9987408880053016,0.4715065183008952,0.1259111994698475,2135
2025,11,Ferry-1,Plant 1,Product C,125,1355,continuous_22.6h,1500,1506,1.2,1.111439114391144,0.9723629603065757,0.4928896657387629,0.999203187250996,0.4788857679049853,0.0796812749003984,2136
2025,11,Ferry-1,Plant 1,Product B,100,1355,continuous_22.6h,1500,1498,2.1,1.1055350553505534,0.9723629603065757,0.4902713939420098,0.9985981308411216,0.4760534424568498,0.1401869158878504,2137
2025,11,Ferry-1,Plant 1,Product B,100,1355,continuous_22.6h,1500,1380,1.6,1.018450184501845,0.9723629603065757,0.4516518849399022,0.998840579710145,0.4386603817651726,0.1159420289855072,2138
2025,11,Ferry-6,Plant 2,Product B,125,1355,continuous_22.6h,1500,1598,4.1,1.1793357933579336,0.9723629603065757,0.5436654366543666,0.9974342928660828,0.5272837976400635,0.2565707133917396,2139
2025,11,Ferry-9,Plant 2,Product C,150,1355,continuous_22.6h,1500,1594,3.8,1.1763837638376384,0.9723629603065757,0.527864509414325,0.9976160602258468,0.5120522781888833,0.2383939774153074,2140
2025,11,Ferry-9,Plant 1,Product C,100,1355,continuous_22.6h,1500,1545,1.2,1.1402214022140222,0.9723629603065757,0.5116378086857792,0.9992233009708738,0.4971112483134185,0.0776699029126213,2141
2025,11,Ferry-3,Plant 1,Product A,100,1355,continuous_22.6h,1500,1543,7.0,1.1387453874538744,0.9723629603065757,0.5109754943703283,0.9954633830200909,0.4945996096705601,0.4536616979909267,2142
2025,11,Ferry-1,Plant 1,Product A,125,1355,continuous_22.6h,1500,1523,1.4,1.1239852398523986,0.9723629603065757,0.4984534933068632,0.999080761654629,0.4842321799868592,0.0919238345370978,2143
2025,11,Ferry-1,Plant 2,Product A,150,1355,continuous_22.6h,1500,1536,1.2,1.133579335793358,0.9723629603065757,0.5027081849765869,0.99921875,0.4884329323369029,0.078125,2144
2025,11,Ferry-4,Plant 2,Product A,150,1355,continuous_22.6h,1500,1569,2.3,1.1579335793357934,0.9723629603065757,0.5048242021729373,0.9985340981516888,0.4901527849658368,0.1465901848311026,2145
2025,11,Ferry-3,Plant 1,Product A,150,1355,continuous_22.6h,1500,1491,2.3,1.1003690036900369,0.9723629603065757,0.4937553221686063,0.9984574111334674,0.4793687753363039,0.1542588866532528,2146
2025,11,Ferry-3,Plant 1,Product C,125,1355,continuous_22.6h,1500,1512,2.3,1.1158671586715867,0.9723629603065757,0.5007096224808402,0.998478835978836,0.4861308793747687,0.1521164021164021,2147
2025,11,Ferry-3,Plant 1,Product C,125,1355,continuous_22.6h,1500,1523,1.9,1.1239852398523986,0.9723629603065757,0.5043523512158199,0.998752462245568,0.4898017358527923,0.1247537754432041,2148
2025,11,Ferry-4,Plant 2,Product B,150,1355,continuous_22.6h,1500,1537,1.2,1.1343173431734317,0.9723629603065757,0.4945282337411119,0.9992192582953806,0.480485509127805,0.0780741704619388,2149
2025,11,Ferry-4,Plant 2,Product B,100,1355,continuous_22.6h,1500,1569,2.1,1.1579335793357934,0.9723629603065757,0.5048242021729373,0.998661567877629,0.4902153563304843,0.1338432122370937,2150
2025,11,Ferry-4,Plant 1,Product B,125,1355,continuous_22.6h,1500,1374,1.6,1.0140221402214022,0.9723629603065757,0.4420831445415015,0.9988355167394468,0.4293647042108345,0.1164483260553129,2151
2025,11,Ferry-4,Plant 1,Product C,100,1355,continuous_22.6h,1500,1536,4.1,1.133579335793358,0.9723629603065757,0.4942064847276174,0.9973307291666668,0.4792653675171796,0.2669270833333333,2152
2025,11,Ferry-1,Plant 2,Product C,125,1355,continuous_22.6h,1500,1569,3.8,1.1579335793357934,0.9723629603065757,0.5135085561381934,0.9975780752071384,0.4981073922945794,0.2421924792861695,2153
2025,11,Ferry-6,Plant 2,Product A,125,1355,continuous_22.6h,1500,1587,1.2,1.1712177121771217,0.9723629603065757,0.5399230588050561,0.9992438563327032,0.5246042074770139,0.0756143667296786,2154
2025,11,Ferry-9,Plant 2,Product A,150,1355,continuous_22.6h,1500,1555,7.0,1.14760147601476,0.9723629603065757,0.5149493802630333,0.9954983922829582,0.4984636691211113,0.45016077170418,2155
2025,11,Ferry-9,Plant 2,Product A,150,1355,continuous_22.6h,1500,1534,1.4,1.1321033210332103,0.9723629603065757,0.5079950799507995,0.9990873533246416,0.4935047928262373,0.0912646675358539,2156
2025,11,Ferry-3,Plant 2,Product A,150,1355,continuous_22.6h,1500,1567,1.2,1.156457564575646,0.9723629603065757,0.5189232661557386,0.999234205488194,0.5041953573060959,0.0765794511805998,2157
2025,11,Ferry-1,Plant 2,Product C,150,1355,continuous_22.6h,1500,1554,2.3,1.1468634686346864,0.9723629603065757,0.5085992965192813,0.9985199485199484,0.4938111683002164,0.148005148005148,2158
2025,12,Ferry-1,Plant 2,Product C,125,1355,continuous_22.6h,1500,1509,4.1,1.113653136531365,0.9723629603065757,0.4938715176625452,0.9972829688535454,0.4789175917864249,0.2717031146454605,2159
2025,12,Ferry-6,Plant 2,Product C,150,1355,continuous_22.6h,1500,1508,3.8,1.1129151291512915,0.9723629603065757,0.5130459815236451,0.9974801061007956,0.4976098176862936,0.2519893899204244,2160
2025,12,Ferry-3,Plant 2,Product B,150,1355,continuous_22.6h,1500,1506,1.2,1.111439114391144,0.9723629603065757,0.4987226795344877,0.999203187250996,0.4845530550991269,0.0796812749003984,2161
2025,12,Ferry-3,Plant 1,Product B,150,1355,continuous_22.6h,1500,1564,7.0,1.1542435424354245,0.9723629603065757,0.5179297946825623,0.9955242966751918,0.5013617137090248,0.4475703324808184,2162
2025,12,Ferry-3,Plant 1,Product B,125,1355,continuous_22.6h,1500,1534,1.4,1.1321033210332103,0.9723629603065757,0.5079950799507995,0.9990873533246416,0.4935047928262373,0.0912646675358539,2163
2025,12,Ferry-3,Plant 1,Product C,125,1355,continuous_22.6h,1500,1536,1.2,1.133579335793358,0.9723629603065757,0.5086573942662503,0.99921875,0.494213203725505,0.078125,2164
2025,12,Ferry-4,Plant 1,Product C,150,1355,continuous_22.6h,1500,1537,2.3,1.1343173431734317,0.9723629603065757,0.4945282337411119,0.9985035783994796,0.480141366622244,0.1496421600520494,2165
2025,12,Ferry-4,Plant 2,Product A,100,1355,continuous_22.6h,1500,1548,2.3,1.1424354243542436,0.9723629603065757,0.4980674728895519,0.998514211886305,0.4835827916778541,0.148578811369509,2166
2025,12,Ferry-4,Plant 2,Product C,125,1355,continuous_22.6h,1500,1587,1.9,1.1712177121771217,0.9723629603065757,0.510615684415839,0.99880277252678,0.4959093505134025,0.1197227473219911,2167
2025,12,Ferry-4,Plant 1,Product C,100,1355,continuous_22.6h,1500,1554,7.0,1.1468634686346864,0.9723629603065757,0.4999979669705192,0.9954954954954957,0.4839895055480625,0.4504504504504504,2168
2025,12,Ferry-4,Plant 1,Product A,100,1355,continuous_22.6h,1500,1542,1.4,1.1380073800738006,0.9723629603065757,0.4961369788085846,0.9990920881971466,0.4819872218793439,0.0907911802853437,2169
2025,12,Ferry-4,Plant 1,Product A,125,1355,continuous_22.6h,1500,1526,1.2,1.12619926199262,0.9723629603065757,0.490988994592672,0.999213630406291,0.477044084072195,0.0786369593709043,2170
2025,12,Ferry-4,Plant 2,Product A,150,1355,continuous_22.6h,1500,1527,2.3,1.1269372693726938,0.9723629603065757,0.4913107436061665,0.9984937786509496,0.4770127983898713,0.1506221349050425,2171
2025,12,Ferry-4,Plant 2,Product A,150,1355,continuous_22.6h,1500,1569,2.3,1.1579335793357934,0.9723629603065757,0.5048242021729373,0.9985340981516888,0.4901527849658368,0.1465901848311026,2172
2025,12,Ferry-9,Plant 1,Product C,150,1355,continuous_22.6h,1500,1593,1.9,1.1756457564575646,0.9723629603065757,0.5275333522565995,0.9988072818581292,0.5123420826476746,0.1192718141870684,2173
2025,12,Ferry-9,Plant 1,Product C,125,1355,continuous_22.6h,1500,1545,1.2,1.1402214022140222,0.9723629603065757,0.5116378086857792,0.9992233009708738,0.4971112483134185,0.0776699029126213,2174
2025,12,Ferry-3,Plant 1,Product B,125,1355,continuous_22.6h,1500,1556,2.1,1.148339483394834,0.9723629603065757,0.5152805374207589,0.9986503856041132,0.5003634983509658,0.1349614395886889,2175
2025,12,Ferry-1,Plant 2,Product B,150,1355,continuous_22.6h,1500,1560,4.1,1.151291512915129,0.9723629603065757,0.5105630003668461,0.9973717948717948,0.4951477713206849,0.2628205128205128,2176
2025,12,Ferry-1,Plant 2,Product B,100,1355,continuous_22.6h,1500,1509,3.8,1.113653136531365,0.9723629603065757,0.4938715176625452,0.9974817760106032,0.4790130634307441,0.2518223989396951,2177
2025,12,Ferry-4,Plant 1,Product C,125,1355,continuous_22.6h,1500,1554,1.2,1.1468634686346864,0.9723629603065757,0.4999979669705192,0.9992277992277993,0.4858040751228387,0.0772200772200772,2178
2025,12,Ferry-6,Plant 1,Product C,100,1355,continuous_22.6h,1500,1552,7.0,1.1453874538745388,0.9723629603065757,0.5280154929208867,0.9954896907216496,0.5111070125816537,0.4510309278350515,2179
2025,12,Ferry-4,Plant 1,Product A,100,1355,continuous_22.6h,1500,1521,1.4,1.1225092250922508,0.9723629603065757,0.4893802495251992,0.9990795529257068,0.4754172285913611,0.0920447074293228,2180
2025,12,Ferry-6,Plant 2,Product A,125,1355,continuous_22.6h,1500,1534,1.2,1.1321033210332103,0.9723629603065757,0.5218916018947424,0.9992177314211212,0.5070710866570607,0.0782268578878748,2181
2025,12,Ferry-4,Plant 2,Product A,150,1355,continuous_22.6h,1500,1523,2.3,1.1239852398523986,0.9723629603065757,0.4900237475521884,0.9984898227183192,0.4757613710969222,0.1510177281680892,2182
2025,12,Ferry-4,Plant 1,Product A,150,1355,continuous_22.6h,1500,1534,2.3,1.1321033210332103,0.9723629603065757,0.4935629867006283,0.9985006518904824,0.4792027961525322,0.1499348109517601,2183
2025,12,Ferry-3,Plant 1,Product C,150,1355,continuous_22.6h,1500,1567,1.9,1.156457564575646,0.9723629603065757,0.5189232661557386,0.9987874920229738,0.503969953838147,0.1212507977026164,2184
2025,12,Ferry-3,Plant 1,Product C,125,1355,continuous_22.6h,1500,1589,7.0,1.1726937269372697,0.9723629603065757,0.5262087236256979,0.9955947136563876,0.50941183756434,0.4405286343612335,2185
2025,12,Ferry-3,Plant 2,Product C,100,1355,continuous_22.6h,1500,1590,1.4,1.1734317343173433,0.9723629603065757,0.5265398807834233,0.999119496855346,0.5115370702621432,0.0880503144654088,2186
2025,12,Ferry-3,Plant 2,Product C,150,1355,continuous_22.6h,1500,1576,1.2,1.16309963099631,0.9723629603065757,0.5219036805752673,0.999238578680203,0.5070934018940092,0.0761421319796954,2187
2025,12,Ferry-3,Plant 2,Product C,150,1355,continuous_22.6h,1500,1565,2.3,1.154981549815498,0.9723629603065757,0.5182609518402875,0.9985303514376996,0.5031971419480366,0.1469648562300319,2188
2025,12,Ferry-6,Plant 1,Product A,150,1355,continuous_22.6h,1500,1544,2.3,1.1394833948339484,0.9723629603065757,0.5252937635759337,0.9985103626943004,0.5100153277004115,0.1489637305699482,2189
